solid OpenSCAD_Model
  facet normal -0.5877852520126732 -0.809016994578234 0
    outer loop
      vertex 0.5729490146040916 1.2366442456841469 0
      vertex 2.0729490146040916 0.1468304544687271 0
      vertex 0.5729490146040916 1.2366442456841469 1.2
    endloop
  endfacet
  facet normal -0.15643446815250966 -0.9876883401022013 0
    outer loop
      vertex 2.0729490146040916 0.1468304544687271 0
      vertex 3 0 0
      vertex 2.0729490146040916 0.1468304544687271 1.2
    endloop
  endfacet
  facet normal -0.951056516523211 -0.3090169936730588 0
    outer loop
      vertex 0.5729490146040916 1.2366442456841469 0
      vertex 0 3 1.2
      vertex 0 3 0
    endloop
  endfacet
  facet normal 0 0 -1
    outer loop
      vertex 0 3 0
      vertex 6 17 0
      vertex 6.6909830048680305 16.048943482339382 0
    endloop
  endfacet
  facet normal 0 0 -1
    outer loop
      vertex 0 3 0
      vertex 6.6909830048680305 16.048943482339382 0
      vertex 7 16 0
    endloop
  endfacet
  facet normal 0 0 -1
    outer loop
      vertex 0.5729490146040916 1.2366442456841469 0
      vertex 39 16 0
      vertex 2.0729490146040916 0.1468304544687271 0
    endloop
  endfacet
  facet normal 0 0 -1
    outer loop
      vertex 0.5729490146040916 1.2366442456841469 0
      vertex 0 3 0
      vertex 39 16 0
    endloop
  endfacet
  facet normal 0 0 -1
    outer loop
      vertex 0 3 0
      vertex 7 16 0
      vertex 39 16 0
    endloop
  endfacet
  facet normal -0.951056516523211 -0.3090169936730588 0
    outer loop
      vertex 0.5729490146040916 1.2366442456841469 0
      vertex 0.5729490146040916 1.2366442456841469 1.2
      vertex 0 3 1.2
    endloop
  endfacet
  facet normal -0.5877852520126732 -0.809016994578234 0
    outer loop
      vertex 2.0729490146040916 0.1468304544687271 0
      vertex 2.0729490146040916 0.1468304544687271 1.2
      vertex 0.5729490146040916 1.2366442456841469 1.2
    endloop
  endfacet
  facet normal -0.15643446815250966 -0.9876883401022013 0
    outer loop
      vertex 3 0 0
      vertex 3 0 1.2
      vertex 2.0729490146040916 0.1468304544687271 1.2
    endloop
  endfacet
  facet normal 0 0 -1
    outer loop
      vertex 0 3 0
      vertex 0 62 0
      vertex 6 17 0
    endloop
  endfacet
  facet normal -1 0 0
    outer loop
      vertex 0 3 0
      vertex 0 3 1.2
      vertex 0 62 1.2
    endloop
  endfacet
  facet normal 0 0 -1
    outer loop
      vertex 2.0729490146040916 0.1468304544687271 0
      vertex 72 0 0
      vertex 3 0 0
    endloop
  endfacet
  facet normal 0 0 -1
    outer loop
      vertex 2.0729490146040916 0.1468304544687271 0
      vertex 39 16 0
      vertex 72 0 0
    endloop
  endfacet
  facet normal 0 -1 0
    outer loop
      vertex 3 0 0
      vertex 72 0 1.2
      vertex 3 0 1.2
    endloop
  endfacet
  facet normal 0 0 1
    outer loop
      vertex 0.5729490146040916 1.2366442456841469 1.2
      vertex 6.019519999623299 7.057535998523235 1.2
      vertex 0 3 1.2
    endloop
  endfacet
  facet normal 0 0 1
    outer loop
      vertex 0.5729490146040916 1.2366442456841469 1.2
      vertex 2.0729490146040916 0.1468304544687271 1.2
      vertex 6.920096002519131 4 1.2
    endloop
  endfacet
  facet normal 0 0 1
    outer loop
      vertex 0.5729490146040916 1.2366442456841469 1.2
      vertex 6.920096002519131 4 1.2
      vertex 6.019519999623299 7.057535998523235 1.2
    endloop
  endfacet
  facet normal 0 0 1
    outer loop
      vertex 2.0729490146040916 0.1468304544687271 1.2
      vertex 7.4148479998111725 4 1.2
      vertex 6.920096002519131 4 1.2
    endloop
  endfacet
  facet normal 0 0 1
    outer loop
      vertex 2.0729490146040916 0.1468304544687271 1.2
      vertex 8.784096002578735 4 1.2
      vertex 7.4148479998111725 4 1.2
    endloop
  endfacet
  facet normal 0 0 1
    outer loop
      vertex 2.0729490146040916 0.1468304544687271 1.2
      vertex 9.278880000114441 4 1.2
      vertex 8.784096002578735 4 1.2
    endloop
  endfacet
  facet normal 0 0 1
    outer loop
      vertex 2.0729490146040916 0.1468304544687271 1.2
      vertex 10.605024002492428 4 1.2
      vertex 9.278880000114441 4 1.2
    endloop
  endfacet
  facet normal 0 0 1
    outer loop
      vertex 2.0729490146040916 0.1468304544687271 1.2
      vertex 11.019487999379635 4 1.2
      vertex 10.605024002492428 4 1.2
    endloop
  endfacet
  facet normal 0 0 1
    outer loop
      vertex 2.0729490146040916 0.1468304544687271 1.2
      vertex 11.794271998107433 4 1.2
      vertex 11.019487999379635 4 1.2
    endloop
  endfacet
  facet normal 0 0 1
    outer loop
      vertex 2.0729490146040916 0.1468304544687271 1.2
      vertex 12.937856003642082 4 1.2
      vertex 11.794271998107433 4 1.2
    endloop
  endfacet
  facet normal 0 0 1
    outer loop
      vertex 2.0729490146040916 0.1468304544687271 1.2
      vertex 13.354479998350143 4.047191999852657 1.2
      vertex 12.937856003642082 4 1.2
    endloop
  endfacet
  facet normal 0 0 1
    outer loop
      vertex 2.0729490146040916 0.1468304544687271 1.2
      vertex 15.00390399992466 4 1.2
      vertex 13.354479998350143 4.047191999852657 1.2
    endloop
  endfacet
  facet normal 0 0 1
    outer loop
      vertex 7.094223998486996 4.745399996638298 1.2
      vertex 7.300927996635437 4.885343998670578 1.2
      vertex 7.0003840029239655 5.1153919994831085 1.2
    endloop
  endfacet
  facet normal 0 0 1
    outer loop
      vertex 7.180480003356934 4.364575996994972 1.2
      vertex 7.236639998853207 4.614111997187138 1.2
      vertex 7.094223998486996 4.745399996638298 1.2
    endloop
  endfacet
  facet normal 0 0 1
    outer loop
      vertex 7.300927996635437 4.885343998670578 1.2
      vertex 7.094223998486996 4.745399996638298 1.2
      vertex 7.236639998853207 4.614111997187138 1.2
    endloop
  endfacet
  facet normal 0 0 1
    outer loop
      vertex 7.48564799875021 5.569448001682758 1.2
      vertex 7.0003840029239655 5.1153919994831085 1.2
      vertex 7.300927996635437 4.885343998670578 1.2
    endloop
  endfacet
  facet normal 0 0 1
    outer loop
      vertex 7.0003840029239655 5.1153919994831085 1.2
      vertex 7.48564799875021 5.569448001682758 1.2
      vertex 7.9031039997935295 7.057535998523235 1.2
    endloop
  endfacet
  facet normal 0 0 1
    outer loop
      vertex 7.0003840029239655 5.1153919994831085 1.2
      vertex 7.9031039997935295 7.057535998523235 1.2
      vertex 6.451360002160072 7.057535998523235 1.2
    endloop
  endfacet
  facet normal 0 0 1
    outer loop
      vertex 7.4148479998111725 4 1.2
      vertex 8.784096002578735 4 1.2
      vertex 8.254624001681805 5.942143999040127 1.2
    endloop
  endfacet
  facet normal 0 0 1
    outer loop
      vertex 9.022816002368927 4.364575996994972 1.2
      vertex 9.042336001992226 4.440512001514435 1.2
      vertex 8.940352000296116 4.723704002797604 1.2
    endloop
  endfacet
  facet normal 0 0 1
    outer loop
      vertex 9.095504000782967 4.666992001235485 1.2
      vertex 8.940352000296116 4.723704002797604 1.2
      vertex 9.042336001992226 4.440512001514435 1.2
    endloop
  endfacet
  facet normal 0 0 1
    outer loop
      vertex 8.940352000296116 4.723704002797604 1.2
      vertex 9.095504000782967 4.666992001235485 1.2
      vertex 9.13782399892807 4.847360000014305 1.2
    endloop
  endfacet
  facet normal 0 0 1
    outer loop
      vertex 8.940352000296116 4.723704002797604 1.2
      vertex 9.13782399892807 4.847360000014305 1.2
      vertex 8.831840001046658 5.154431998729706 1.2
    endloop
  endfacet
  facet normal 0 0 1
    outer loop
      vertex 7.4148479998111725 4 1.2
      vertex 8.254624001681805 5.942143999040127 1.2
      vertex 7.839616000652313 5.546127997338772 1.2
    endloop
  endfacet
  facet normal 0 0 1
    outer loop
      vertex 7.839616000652313 5.546127997338772 1.2
      vertex 8.254624001681805 5.942143999040127 1.2
      vertex 8.007232002913952 6.17433600127697 1.2
    endloop
  endfacet
  facet normal 0 0 1
    outer loop
      vertex 9.278880000114441 4 1.2
      vertex 10.605024002492428 4 1.2
      vertex 10.605024002492428 7.057535998523235 1.2
    endloop
  endfacet
  facet normal 0 0 1
    outer loop
      vertex 8.831840001046658 5.154431998729706 1.2
      vertex 9.13782399892807 4.847360000014305 1.2
      vertex 9.308711998164654 5.478575997054577 1.2
    endloop
  endfacet
  facet normal 0 0 1
    outer loop
      vertex 8.831840001046658 5.154431998729706 1.2
      vertex 9.308711998164654 5.478575997054577 1.2
      vertex 9.747584000229836 7.057535998523235 1.2
    endloop
  endfacet
  facet normal 0 0 1
    outer loop
      vertex 9.278880000114441 4 1.2
      vertex 10.605024002492428 7.057535998523235 1.2
      vertex 10.17942400276661 7.057535998523235 1.2
    endloop
  endfacet
  facet normal 0 0 1
    outer loop
      vertex 8.007232002913952 6.17433600127697 1.2
      vertex 8.190615996718407 6.196575999259949 1.2
      vertex 8.050640001893044 6.364224001765251 1.2
    endloop
  endfacet
  facet normal 0 0 1
    outer loop
      vertex 8.007232002913952 6.17433600127697 1.2
      vertex 8.254624001681805 5.942143999040127 1.2
      vertex 8.190615996718407 6.196575999259949 1.2
    endloop
  endfacet
  facet normal 0 0 1
    outer loop
      vertex 8.050640001893044 6.364224001765251 1.2
      vertex 8.190615996718407 6.196575999259949 1.2
      vertex 8.102719999849796 6.595328003168106 1.2
    endloop
  endfacet
  facet normal 0 0 1
    outer loop
      vertex 8.831840001046658 5.154431998729706 1.2
      vertex 9.747584000229836 7.057535998523235 1.2
      vertex 8.30019199848175 7.057535998523235 1.2
    endloop
  endfacet
  facet normal 0 0 1
    outer loop
      vertex 0 3 1.2
      vertex 6.019519999623299 7.057535998523235 1.2
      vertex 7 16 1.2
    endloop
  endfacet
  facet normal 0 0 1
    outer loop
      vertex 0 3 1.2
      vertex 6.6909830048680305 16.048943482339382 1.2
      vertex 6 17 1.2
    endloop
  endfacet
  facet normal 0 0 1
    outer loop
      vertex 0 3 1.2
      vertex 7 16 1.2
      vertex 6.6909830048680305 16.048943482339382 1.2
    endloop
  endfacet
  facet normal 0 0 1
    outer loop
      vertex 7 16 1.2
      vertex 6.019519999623299 7.057535998523235 1.2
      vertex 6.451360002160072 7.057535998523235 1.2
    endloop
  endfacet
  facet normal 0 0 1
    outer loop
      vertex 7 16 1.2
      vertex 6.451360002160072 7.057535998523235 1.2
      vertex 7.9031039997935295 7.057535998523235 1.2
    endloop
  endfacet
  facet normal 0 0 1
    outer loop
      vertex 8.30019199848175 7.057535998523235 1.2
      vertex 7 16 1.2
      vertex 7.9031039997935295 7.057535998523235 1.2
    endloop
  endfacet
  facet normal 0 0 1
    outer loop
      vertex 8.30019199848175 7.057535998523235 1.2
      vertex 9.747584000229836 7.057535998523235 1.2
      vertex 7 16 1.2
    endloop
  endfacet
  facet normal 0 0 1
    outer loop
      vertex 7 16 1.2
      vertex 9.747584000229836 7.057535998523235 1.2
      vertex 10.17942400276661 7.057535998523235 1.2
    endloop
  endfacet
  facet normal 0 0 1
    outer loop
      vertex 7 16 1.2
      vertex 10.17942400276661 7.057535998523235 1.2
      vertex 10.605024002492428 7.057535998523235 1.2
    endloop
  endfacet
  facet normal 0 0 1
    outer loop
      vertex 7 16 1.2
      vertex 10.605024002492428 7.057535998523235 1.2
      vertex 11.019487999379635 7.057535998523235 1.2
    endloop
  endfacet
  facet normal 0 0 1
    outer loop
      vertex 2.0729490146040916 0.1468304544687271 1.2
      vertex 17.412575997412205 4 1.2
      vertex 15.00390399992466 4 1.2
    endloop
  endfacet
  facet normal 0 0 1
    outer loop
      vertex 2.0729490146040916 0.1468304544687271 1.2
      vertex 19.06208000332117 4 1.2
      vertex 17.412575997412205 4 1.2
    endloop
  endfacet
  facet normal 0 0 1
    outer loop
      vertex 2.0729490146040916 0.1468304544687271 1.2
      vertex 21.086687996983528 4 1.2
      vertex 19.06208000332117 4 1.2
    endloop
  endfacet
  facet normal 0 0 1
    outer loop
      vertex 2.0729490146040916 0.1468304544687271 1.2
      vertex 23.154944002628326 4 1.2
      vertex 21.086687996983528 4 1.2
    endloop
  endfacet
  facet normal 0 0 1
    outer loop
      vertex 11.019487999379635 4 1.2
      vertex 11.794271998107433 4 1.2
      vertex 11.794271998107433 7.057535998523235 1.2
    endloop
  endfacet
  facet normal 0 0 1
    outer loop
      vertex 11.019487999379635 7.057535998523235 1.2
      vertex 11.019487999379635 4 1.2
      vertex 11.794271998107433 7.057535998523235 1.2
    endloop
  endfacet
  facet normal 0 0 1
    outer loop
      vertex 12.89011199772358 4.3320000022649765 1.2
      vertex 12.208736002445221 6.725536003708839 1.2
      vertex 12.208736002445221 4.3320000022649765 1.2
    endloop
  endfacet
  facet normal 0 0 1
    outer loop
      vertex 12.89011199772358 4.3320000022649765 1.2
      vertex 13.206119999289513 4.3688879981637 1.2
      vertex 12.208736002445221 6.725536003708839 1.2
    endloop
  endfacet
  facet normal 0 0 1
    outer loop
      vertex 12.796800002455711 6.725536003708839 1.2
      vertex 12.208736002445221 6.725536003708839 1.2
      vertex 13.206119999289513 4.3688879981637 1.2
    endloop
  endfacet
  facet normal 0 0 1
    outer loop
      vertex 13.354479998350143 4.047191999852657 1.2
      vertex 15.00390399992466 4 1.2
      vertex 13.719039998948574 4.188767999410629 1.2
    endloop
  endfacet
  facet normal 0 0 1
    outer loop
      vertex 13.719039998948574 4.188767999410629 1.2
      vertex 15.00390399992466 4 1.2
      vertex 14.019047997891903 4.419064000248909 1.2
    endloop
  endfacet
  facet normal 0 0 1
    outer loop
      vertex 12.796800002455711 6.725536003708839 1.2
      vertex 13.206119999289513 4.3688879981637 1.2
      vertex 13.481440000236034 4.479552000761032 1.2
    endloop
  endfacet
  facet normal 0 0 1
    outer loop
      vertex 12.796800002455711 6.725536003708839 1.2
      vertex 13.481440000236034 4.479552000761032 1.2
      vertex 13.706848002970219 4.659680001437664 1.2
    endloop
  endfacet
  facet normal 0 0 1
    outer loop
      vertex 12.796800002455711 6.725536003708839 1.2
      vertex 13.706848002970219 4.659680001437664 1.2
      vertex 13.873120002448559 4.90489599853754 1.2
    endloop
  endfacet
  facet normal 0 0 1
    outer loop
      vertex 12.796800002455711 6.725536003708839 1.2
      vertex 13.873120002448559 4.90489599853754 1.2
      vertex 13.975648000836372 5.207607999444008 1.2
    endloop
  endfacet
  facet normal 0 0 1
    outer loop
      vertex 12.796800002455711 6.725536003708839 1.2
      vertex 13.975648000836372 5.207607999444008 1.2
      vertex 14.009824000298977 5.560223996639252 1.2
    endloop
  endfacet
  facet normal 0 0 1
    outer loop
      vertex 14.019047997891903 4.419064000248909 1.2
      vertex 15.00390399992466 4 1.2
      vertex 14.24201600253582 4.732352003455162 1.2
    endloop
  endfacet
  facet normal 0 0 1
    outer loop
      vertex 14.24201600253582 4.732352003455162 1.2
      vertex 15.00390399992466 4 1.2
      vertex 14.38035199791193 5.116728000342846 1.2
    endloop
  endfacet
  facet normal 0 0 1
    outer loop
      vertex 14.38035199791193 5.116728000342846 1.2
      vertex 15.00390399992466 4 1.2
      vertex 14.42646399885416 5.560223996639252 1.2
    endloop
  endfacet
  facet normal 0 0 1
    outer loop
      vertex 15.00390399992466 7.057535998523235 1.2
      vertex 14.42646399885416 5.560223996639252 1.2
      vertex 15.00390399992466 4 1.2
    endloop
  endfacet
  facet normal 0 0 1
    outer loop
      vertex 12.796800002455711 6.725536003708839 1.2
      vertex 14.009824000298977 5.560223996639252 1.2
      vertex 13.93197599798441 6.06122399866581 1.2
    endloop
  endfacet
  facet normal 0 0 1
    outer loop
      vertex 13.317327998578548 6.650936000049114 1.2
      vertex 12.796800002455711 6.725536003708839 1.2
      vertex 13.93197599798441 6.06122399866581 1.2
    endloop
  endfacet
  facet normal 0 0 1
    outer loop
      vertex 13.317327998578548 6.650936000049114 1.2
      vertex 13.93197599798441 6.06122399866581 1.2
      vertex 13.698431998491287 6.427135996520519 1.2
    endloop
  endfacet
  facet normal 0 0 1
    outer loop
      vertex 14.004384003579617 6.6679999977350235 1.2
      vertex 15.00390399992466 7.057535998523235 1.2
      vertex 13.49363200366497 6.9601520001888275 1.2
    endloop
  endfacet
  facet normal 0 0 1
    outer loop
      vertex 14.42646399885416 5.560223996639252 1.2
      vertex 15.00390399992466 7.057535998523235 1.2
      vertex 14.320943996310234 6.196304000914097 1.2
    endloop
  endfacet
  facet normal 0 0 1
    outer loop
      vertex 14.320943996310234 6.196304000914097 1.2
      vertex 15.00390399992466 7.057535998523235 1.2
      vertex 14.004384003579617 6.6679999977350235 1.2
    endloop
  endfacet
  facet normal 0 0 1
    outer loop
      vertex 2.0729490146040916 0.1468304544687271 1.2
      vertex 23.569407999515533 4 1.2
      vertex 23.154944002628326 4 1.2
    endloop
  endfacet
  facet normal 0 0 1
    outer loop
      vertex 2.0729490146040916 0.1468304544687271 1.2
      vertex 26.119359999895096 4 1.2
      vertex 23.569407999515533 4 1.2
    endloop
  endfacet
  facet normal 0 0 1
    outer loop
      vertex 2.0729490146040916 0.1468304544687271 1.2
      vertex 26.533823996782303 4 1.2
      vertex 26.119359999895096 4 1.2
    endloop
  endfacet
  facet normal 0 0 1
    outer loop
      vertex 2.0729490146040916 0.1468304544687271 1.2
      vertex 28.280671998858452 4 1.2
      vertex 26.533823996782303 4 1.2
    endloop
  endfacet
  facet normal 0 0 1
    outer loop
      vertex 2.0729490146040916 0.1468304544687271 1.2
      vertex 28.75807999819517 4 1.2
      vertex 28.280671998858452 4 1.2
    endloop
  endfacet
  facet normal 0 0 1
    outer loop
      vertex 2.0729490146040916 0.1468304544687271 1.2
      vertex 30.250959999859333 4.004344001412392 1.2
      vertex 28.75807999819517 4 1.2
    endloop
  endfacet
  facet normal 0 0 1
    outer loop
      vertex 15.418367996811867 4.338527999818325 1.2
      vertex 17.193407997488976 5.403999999165535 1.2
      vertex 15.418367996811867 5.403999999165535 1.2
    endloop
  endfacet
  facet normal 0 0 1
    outer loop
      vertex 15.418367996811867 4.338527999818325 1.2
      vertex 17.412575997412205 4.338527999818325 1.2
      vertex 17.193407997488976 5.403999999165535 1.2
    endloop
  endfacet
  facet normal 0 0 1
    outer loop
      vertex 15.418367996811867 5.738176003098488 1.2
      vertex 17.193407997488976 5.738176003098488 1.2
      vertex 15.418367996811867 6.71900799870491 1.2
    endloop
  endfacet
  facet normal 0 0 1
    outer loop
      vertex 17.412575997412205 4 1.2
      vertex 19.06208000332117 4.275583997368813 1.2
      vertex 17.412575997412205 4.338527999818325 1.2
    endloop
  endfacet
  facet normal 0 0 1
    outer loop
      vertex 17.193407997488976 5.403999999165535 1.2
      vertex 17.412575997412205 4.338527999818325 1.2
      vertex 19.06208000332117 4.275583997368813 1.2
    endloop
  endfacet
  facet normal 0 0 1
    outer loop
      vertex 17.193407997488976 5.403999999165535 1.2
      vertex 19.332223996520042 4.72367999702692 1.2
      vertex 17.193407997488976 5.738176003098488 1.2
    endloop
  endfacet
  facet normal 0 0 1
    outer loop
      vertex 17.193407997488976 5.738176003098488 1.2
      vertex 17.32361599802971 6.71900799870491 1.2
      vertex 15.418367996811867 6.71900799870491 1.2
    endloop
  endfacet
  facet normal 0 0 1
    outer loop
      vertex 17.32361599802971 6.71900799870491 1.2
      vertex 17.193407997488976 5.738176003098488 1.2
      vertex 19.079424001276493 6.302368000149727 1.2
    endloop
  endfacet
  facet normal 0 0 1
    outer loop
      vertex 19.178967997431755 6.631655998528004 1.2
      vertex 17.32361599802971 7.057535998523235 1.2
      vertex 17.32361599802971 6.71900799870491 1.2
    endloop
  endfacet
  facet normal 0 0 1
    outer loop
      vertex 17.412575997412205 4 1.2
      vertex 19.06208000332117 4 1.2
      vertex 19.06208000332117 4.275583997368813 1.2
    endloop
  endfacet
  facet normal 0 0 1
    outer loop
      vertex 19.18494399636984 4.514551997184753 1.2
      vertex 17.193407997488976 5.403999999165535 1.2
      vertex 19.06208000332117 4.275583997368813 1.2
    endloop
  endfacet
  facet normal 0 0 1
    outer loop
      vertex 19.332223996520042 4.72367999702692 1.2
      vertex 17.193407997488976 5.403999999165535 1.2
      vertex 19.18494399636984 4.514551997184753 1.2
    endloop
  endfacet
  facet normal 0 0 1
    outer loop
      vertex 19.495800003409386 4.908688001334667 1.2
      vertex 17.193407997488976 5.738176003098488 1.2
      vertex 19.332223996520042 4.72367999702692 1.2
    endloop
  endfacet
  facet normal 0 0 1
    outer loop
      vertex 19.667488001286983 5.075231999158859 1.2
      vertex 17.193407997488976 5.738176003098488 1.2
      vertex 19.495800003409386 4.908688001334667 1.2
    endloop
  endfacet
  facet normal 0 0 1
    outer loop
      vertex 19.842448003590107 5.226871997117996 1.2
      vertex 17.193407997488976 5.738176003098488 1.2
      vertex 19.667488001286983 5.075231999158859 1.2
    endloop
  endfacet
  facet normal 0 0 1
    outer loop
      vertex 20.015776000916958 5.36710400134325 1.2
      vertex 17.193407997488976 5.738176003098488 1.2
      vertex 19.842448003590107 5.226871997117996 1.2
    endloop
  endfacet
  facet normal 0 0 1
    outer loop
      vertex 20.179880000650883 5.501631997525692 1.2
      vertex 17.193407997488976 5.738176003098488 1.2
      vertex 20.015776000916958 5.36710400134325 1.2
    endloop
  endfacet
  facet normal 0 0 1
    outer loop
      vertex 17.193407997488976 5.738176003098488 1.2
      vertex 20.452760003507137 5.773968003690243 1.2
      vertex 19.478720001876354 6.265472002327442 1.2
    endloop
  endfacet
  facet normal 0 0 1
    outer loop
      vertex 20.327168002724648 5.636160001158714 1.2
      vertex 17.193407997488976 5.738176003098488 1.2
      vertex 20.179880000650883 5.501631997525692 1.2
    endloop
  endfacet
  facet normal 0 0 1
    outer loop
      vertex 20.452760003507137 5.773968003690243 1.2
      vertex 17.193407997488976 5.738176003098488 1.2
      vertex 20.327168002724648 5.636160001158714 1.2
    endloop
  endfacet
  facet normal 0 0 1
    outer loop
      vertex 19.491743996739388 4.3320000022649765 1.2
      vertex 21.086687996983528 4.3320000022649765 1.2
      vertex 19.57744800299406 4.486887998878956 1.2
    endloop
  endfacet
  facet normal 0 0 1
    outer loop
      vertex 19.57744800299406 4.486887998878956 1.2
      vertex 21.086687996983528 4.3320000022649765 1.2
      vertex 19.704383999109268 4.647743999958038 1.2
    endloop
  endfacet
  facet normal 0 0 1
    outer loop
      vertex 19.704383999109268 4.647743999958038 1.2
      vertex 21.086687996983528 4.3320000022649765 1.2
      vertex 19.877439998090267 4.821616001427174 1.2
    endloop
  endfacet
  facet normal 0 0 1
    outer loop
      vertex 19.877439998090267 4.821616001427174 1.2
      vertex 21.086687996983528 4.3320000022649765 1.2
      vertex 20.101503998041153 5.015551999211311 1.2
    endloop
  endfacet
  facet normal 0 0 1
    outer loop
      vertex 21.086687996983528 4.3320000022649765 1.2
      vertex 20.481799997389317 5.336167998611927 1.2
      vertex 20.101503998041153 5.015551999211311 1.2
    endloop
  endfacet
  facet normal 0 0 1
    outer loop
      vertex 19.079424001276493 6.302368000149727 1.2
      vertex 17.193407997488976 5.738176003098488 1.2
      vertex 19.478720001876354 6.265472002327442 1.2
    endloop
  endfacet
  facet normal 0 0 1
    outer loop
      vertex 19.178967997431755 6.631655998528004 1.2
      vertex 17.32361599802971 6.71900799870491 1.2
      vertex 19.079424001276493 6.302368000149727 1.2
    endloop
  endfacet
  facet normal 0 0 1
    outer loop
      vertex 19.390816003084183 6.8860799968242645 1.2
      vertex 17.32361599802971 7.057535998523235 1.2
      vertex 19.178967997431755 6.631655998528004 1.2
    endloop
  endfacet
  facet normal 0 0 1
    outer loop
      vertex 19.697063997387886 7.048848003149033 1.2
      vertex 17.32361599802971 7.057535998523235 1.2
      vertex 19.390816003084183 6.8860799968242645 1.2
    endloop
  endfacet
  facet normal 0 0 1
    outer loop
      vertex 19.478720001876354 6.265472002327442 1.2
      vertex 20.452760003507137 5.773968003690243 1.2
      vertex 19.540279999375343 6.483287997543812 1.2
    endloop
  endfacet
  facet normal 0 0 1
    outer loop
      vertex 19.540279999375343 6.483287997543812 1.2
      vertex 20.452760003507137 5.773968003690243 1.2
      vertex 19.66857600212097 6.6463039964437485 1.2
    endloop
  endfacet
  facet normal 0 0 1
    outer loop
      vertex 19.66857600212097 6.6463039964437485 1.2
      vertex 20.452760003507137 5.773968003690243 1.2
      vertex 19.852215997874737 6.748039998114109 1.2
    endloop
  endfacet
  facet normal 0 0 1
    outer loop
      vertex 19.852215997874737 6.748039998114109 1.2
      vertex 20.452760003507137 5.773968003690243 1.2
      vertex 20.079807996749878 6.781952001154423 1.2
    endloop
  endfacet
  facet normal 0 0 1
    outer loop
      vertex 20.079807996749878 6.781952001154423 1.2
      vertex 20.452760003507137 5.773968003690243 1.2
      vertex 20.31361600011587 6.747231997549534 1.2
    endloop
  endfacet
  facet normal 0 0 1
    outer loop
      vertex 20.31361600011587 6.747231997549534 1.2
      vertex 20.452760003507137 5.773968003690243 1.2
      vertex 20.551775999367237 5.918272003531456 1.2
    endloop
  endfacet
  facet normal 0 0 1
    outer loop
      vertex 20.31361600011587 6.747231997549534 1.2
      vertex 20.551775999367237 5.918272003531456 1.2
      vertex 20.61607199907303 6.075608000159264 1.2
    endloop
  endfacet
  facet normal 0 0 1
    outer loop
      vertex 20.31361600011587 6.747231997549534 1.2
      vertex 20.61607199907303 6.075608000159264 1.2
      vertex 20.637503996491432 6.252448000013828 1.2
    endloop
  endfacet
  facet normal 0 0 1
    outer loop
      vertex 20.31361600011587 6.747231997549534 1.2
      vertex 20.637503996491432 6.252448000013828 1.2
      vertex 20.600607998669147 6.475975997745991 1.2
    endloop
  endfacet
  facet normal 0 0 1
    outer loop
      vertex 20.31361600011587 6.747231997549534 1.2
      vertex 20.600607998669147 6.475975997745991 1.2
      vertex 20.489919997751713 6.643072001636028 1.2
    endloop
  endfacet
  facet normal 0 0 1
    outer loop
      vertex 17.32361599802971 7.057535998523235 1.2
      vertex 19.697063997387886 7.048848003149033 1.2
      vertex 21.36828000098467 10 1.2
    endloop
  endfacet
  facet normal 0 0 1
    outer loop
      vertex 20.079807996749878 7.103104002773762 1.2
      vertex 21.36828000098467 10 1.2
      vertex 19.697063997387886 7.048848003149033 1.2
    endloop
  endfacet
  facet normal 0 0 1
    outer loop
      vertex 20.488576002418995 7.048583999276161 1.2
      vertex 21.36828000098467 10 1.2
      vertex 20.079807996749878 7.103104002773762 1.2
    endloop
  endfacet
  facet normal 0 0 1
    outer loop
      vertex 11.019487999379635 7.057535998523235 1.2
      vertex 11.794271998107433 7.057535998523235 1.2
      vertex 20.383639998733997 13.82192000001669 1.2
    endloop
  endfacet
  facet normal 0 0 1
    outer loop
      vertex 12.805472001433372 7.057535998523235 1.2
      vertex 20.383639998733997 13.82192000001669 1.2
      vertex 11.794271998107433 7.057535998523235 1.2
    endloop
  endfacet
  facet normal 0 0 1
    outer loop
      vertex 13.49363200366497 6.9601520001888275 1.2
      vertex 20.383639998733997 13.82192000001669 1.2
      vertex 12.805472001433372 7.057535998523235 1.2
    endloop
  endfacet
  facet normal 0 0 1
    outer loop
      vertex 11.019487999379635 7.057535998523235 1.2
      vertex 20.383639998733997 13.82192000001669 1.2
      vertex 7 16 1.2
    endloop
  endfacet
  facet normal 0 0 1
    outer loop
      vertex 13.49363200366497 6.9601520001888275 1.2
      vertex 15.00390399992466 7.057535998523235 1.2
      vertex 20.383639998733997 13.82192000001669 1.2
    endloop
  endfacet
  facet normal 0 0 1
    outer loop
      vertex 17.32361599802971 7.057535998523235 1.2
      vertex 20.383639998733997 13.82192000001669 1.2
      vertex 15.00390399992466 7.057535998523235 1.2
    endloop
  endfacet
  facet normal 0 0 1
    outer loop
      vertex 20.383639998733997 13.82192000001669 1.2
      vertex 17.32361599802971 7.057535998523235 1.2
      vertex 21.36828000098467 10 1.2
    endloop
  endfacet
  facet normal 0 0 1
    outer loop
      vertex 7 16 1.2
      vertex 20.383639998733997 13.82192000001669 1.2
      vertex 21.194679997861385 13.82192000001669 1.2
    endloop
  endfacet
  facet normal 0 0 1
    outer loop
      vertex 7 16 1.2
      vertex 21.194679997861385 13.82192000001669 1.2
      vertex 22.561760000884533 13.82192000001669 1.2
    endloop
  endfacet
  facet normal 0 0 1
    outer loop
      vertex 7 16 1.2
      vertex 22.561760000884533 13.82192000001669 1.2
      vertex 23.456880003213882 13.82192000001669 1.2
    endloop
  endfacet
  facet normal 0 0 1
    outer loop
      vertex 7 16 1.2
      vertex 23.456880003213882 13.82192000001669 1.2
      vertex 24.804999999701977 13.82192000001669 1.2
    endloop
  endfacet
  facet normal 0 0 1
    outer loop
      vertex 7 16 1.2
      vertex 24.804999999701977 13.82192000001669 1.2
      vertex 25.616039998829365 13.82192000001669 1.2
    endloop
  endfacet
  facet normal 0 0 1
    outer loop
      vertex 0 3 1.2
      vertex 6 17 1.2
      vertex 6 53 1.2
    endloop
  endfacet
  facet normal 0 0 1
    outer loop
      vertex 2.0729490146040916 0.1468304544687271 1.2
      vertex 30.689567998051643 3.95660799741745 1.2
      vertex 30.250959999859333 4.004344001412392 1.2
    endloop
  endfacet
  facet normal 0 0 1
    outer loop
      vertex 2.0729490146040916 0.1468304544687271 1.2
      vertex 32.7860160022974 4 1.2
      vertex 30.689567998051643 3.95660799741745 1.2
    endloop
  endfacet
  facet normal 0 0 1
    outer loop
      vertex 2.0729490146040916 0.1468304544687271 1.2
      vertex 33.15491200238466 4 1.2
      vertex 32.7860160022974 4 1.2
    endloop
  endfacet
  facet normal 0 0 1
    outer loop
      vertex 2.0729490146040916 0.1468304544687271 1.2
      vertex 34.7693760022521 4 1.2
      vertex 33.15491200238466 4 1.2
    endloop
  endfacet
  facet normal 0 0 1
    outer loop
      vertex 2.0729490146040916 0.1468304544687271 1.2
      vertex 3 0 1.2
      vertex 72 0 1.2
    endloop
  endfacet
  facet normal 0 0 1
    outer loop
      vertex 2.0729490146040916 0.1468304544687271 1.2
      vertex 35.268480002880096 4 1.2
      vertex 34.7693760022521 4 1.2
    endloop
  endfacet
  facet normal 0 0 1
    outer loop
      vertex 2.0729490146040916 0.1468304544687271 1.2
      vertex 37.39529599994421 3.95660799741745 1.2
      vertex 35.268480002880096 4 1.2
    endloop
  endfacet
  facet normal 0 0 1
    outer loop
      vertex 2.0729490146040916 0.1468304544687271 1.2
      vertex 37.792663998901844 3.9905119985342026 1.2
      vertex 37.39529599994421 3.95660799741745 1.2
    endloop
  endfacet
  facet normal 0 0 1
    outer loop
      vertex 21.086687996983528 4.3320000022649765 1.2
      vertex 20.71561600267887 5.560223996639252 1.2
      vertex 20.481799997389317 5.336167998611927 1.2
    endloop
  endfacet
  facet normal 0 0 1
    outer loop
      vertex 21.086687996983528 4.3320000022649765 1.2
      vertex 21.50780799984932 5.00688000023365 1.2
      vertex 20.71561600267887 5.560223996639252 1.2
    endloop
  endfacet
  facet normal 0 0 1
    outer loop
      vertex 21.086687996983528 4 1.2
      vertex 23.154944002628326 4 1.2
      vertex 21.086687996983528 4.3320000022649765 1.2
    endloop
  endfacet
  facet normal 0 0 1
    outer loop
      vertex 21.50780799984932 5.00688000023365 1.2
      vertex 21.086687996983528 4.3320000022649765 1.2
      vertex 23.154944002628326 4 1.2
    endloop
  endfacet
  facet normal 0 0 1
    outer loop
      vertex 20.71561600267887 5.560223996639252 1.2
      vertex 21.50780799984932 5.354079999029636 1.2
      vertex 20.85639200359583 5.7360000014305115 1.2
    endloop
  endfacet
  facet normal 0 0 1
    outer loop
      vertex 21.50780799984932 5.354079999029636 1.2
      vertex 20.71561600267887 5.560223996639252 1.2
      vertex 21.50780799984932 5.00688000023365 1.2
    endloop
  endfacet
  facet normal 0 0 1
    outer loop
      vertex 20.85639200359583 5.7360000014305115 1.2
      vertex 21.50780799984932 5.354079999029636 1.2
      vertex 20.957567997276783 5.911775998771191 1.2
    endloop
  endfacet
  facet normal 0 0 1
    outer loop
      vertex 21.50780799984932 5.00688000023365 1.2
      vertex 23.154944002628326 4 1.2
      vertex 22.592799998819828 5.00688000023365 1.2
    endloop
  endfacet
  facet normal 0 0 1
    outer loop
      vertex 22.592799998819828 5.00688000023365 1.2
      vertex 23.154944002628326 4 1.2
      vertex 22.592799998819828 5.354079999029636 1.2
    endloop
  endfacet
  facet normal 0 0 1
    outer loop
      vertex 22.592799998819828 5.354079999029636 1.2
      vertex 23.154944002628326 7.057535998523235 1.2
      vertex 21.50780799984932 5.354079999029636 1.2
    endloop
  endfacet
  facet normal 0 0 1
    outer loop
      vertex 23.154944002628326 7.057535998523235 1.2
      vertex 22.592799998819828 5.354079999029636 1.2
      vertex 23.154944002628326 4 1.2
    endloop
  endfacet
  facet normal 0 0 1
    outer loop
      vertex 20.957567997276783 5.911775998771191 1.2
      vertex 23.154944002628326 7.057535998523235 1.2
      vertex 21.01860000193119 6.088087998330593 1.2
    endloop
  endfacet
  facet normal 0 0 1
    outer loop
      vertex 23.154944002628326 7.057535998523235 1.2
      vertex 20.957567997276783 5.911775998771191 1.2
      vertex 21.50780799984932 5.354079999029636 1.2
    endloop
  endfacet
  facet normal 0 0 1
    outer loop
      vertex 21.01860000193119 6.088087998330593 1.2
      vertex 23.154944002628326 7.057535998523235 1.2
      vertex 21.038943998515606 6.265472002327442 1.2
    endloop
  endfacet
  facet normal 0 0 1
    outer loop
      vertex 20.97682400047779 6.62109600007534 1.2
      vertex 23.154944002628326 7.057535998523235 1.2
      vertex 20.790463998913765 6.885024003684521 1.2
    endloop
  endfacet
  facet normal 0 0 1
    outer loop
      vertex 20.790463998913765 6.885024003684521 1.2
      vertex 23.154944002628326 7.057535998523235 1.2
      vertex 20.488576002418995 7.048583999276161 1.2
    endloop
  endfacet
  facet normal 0 0 1
    outer loop
      vertex 21.038943998515606 6.265472002327442 1.2
      vertex 23.154944002628326 7.057535998523235 1.2
      vertex 20.97682400047779 6.62109600007534 1.2
    endloop
  endfacet
  facet normal 0 0 1
    outer loop
      vertex 21.36828000098467 10 1.2
      vertex 20.488576002418995 7.048583999276161 1.2
      vertex 23.154944002628326 7.057535998523235 1.2
    endloop
  endfacet
  facet normal 0 0 1
    outer loop
      vertex 23.569407999515533 4 1.2
      vertex 24.467776000499725 5.1913279965519905 1.2
      vertex 23.569407999515533 5.1913279965519905 1.2
    endloop
  endfacet
  facet normal 0 0 1
    outer loop
      vertex 23.569407999515533 5.519008003175259 1.2
      vertex 24.409184001386166 5.519008003175259 1.2
      vertex 23.569407999515533 6.725536003708839 1.2
    endloop
  endfacet
  facet normal 0 0 1
    outer loop
      vertex 24.409184001386166 5.519008003175259 1.2
      vertex 24.929984003305435 5.672536000609398 1.2
      vertex 23.569407999515533 6.725536003708839 1.2
    endloop
  endfacet
  facet normal 0 0 1
    outer loop
      vertex 23.569407999515533 4 1.2
      vertex 26.119359999895096 4 1.2
      vertex 24.467776000499725 5.1913279965519905 1.2
    endloop
  endfacet
  facet normal 0 0 1
    outer loop
      vertex 24.467776000499725 5.1913279965519905 1.2
      vertex 26.119359999895096 4 1.2
      vertex 24.903127998113632 5.25534400343895 1.2
    endloop
  endfacet
  facet normal 0 0 1
    outer loop
      vertex 24.903127998113632 5.25534400343895 1.2
      vertex 26.119359999895096 4 1.2
      vertex 25.237024001777172 5.447392001748085 1.2
    endloop
  endfacet
  facet normal 0 0 1
    outer loop
      vertex 25.237024001777172 5.447392001748085 1.2
      vertex 26.119359999895096 4 1.2
      vertex 25.449423998594284 5.747936002910137 1.2
    endloop
  endfacet
  facet normal 0 0 1
    outer loop
      vertex 25.449423998594284 5.747936002910137 1.2
      vertex 26.119359999895096 4 1.2
      vertex 25.52022399753332 6.137440003454685 1.2
    endloop
  endfacet
  facet normal 0 0 1
    outer loop
      vertex 26.119359999895096 7.057535998523235 1.2
      vertex 25.52022399753332 6.137440003454685 1.2
      vertex 26.119359999895096 4 1.2
    endloop
  endfacet
  facet normal 0 0 1
    outer loop
      vertex 24.391840003430843 6.725536003708839 1.2
      vertex 23.569407999515533 6.725536003708839 1.2
      vertex 24.929984003305435 5.672536000609398 1.2
    endloop
  endfacet
  facet normal 0 0 1
    outer loop
      vertex 23.154944002628326 7.057535998523235 1.2
      vertex 24.441728003323078 7.057535998523235 1.2
      vertex 23.679320000112057 10 1.2
    endloop
  endfacet
  facet normal 0 0 1
    outer loop
      vertex 24.925647996366024 6.577431999146938 1.2
      vertex 24.391840003430843 6.725536003708839 1.2
      vertex 24.929984003305435 5.672536000609398 1.2
    endloop
  endfacet
  facet normal 0 0 1
    outer loop
      vertex 25.103583998978138 6.133120000362396 1.2
      vertex 24.925647996366024 6.577431999146938 1.2
      vertex 24.929984003305435 5.672536000609398 1.2
    endloop
  endfacet
  facet normal 0 0 1
    outer loop
      vertex 25.52022399753332 6.137440003454685 1.2
      vertex 26.119359999895096 7.057535998523235 1.2
      vertex 25.449695996940136 6.52640800178051 1.2
    endloop
  endfacet
  facet normal 0 0 1
    outer loop
      vertex 25.449695996940136 6.52640800178051 1.2
      vertex 26.119359999895096 7.057535998523235 1.2
      vertex 25.23811200261116 6.816639997065067 1.2
    endloop
  endfacet
  facet normal 0 0 1
    outer loop
      vertex 25.23811200261116 6.816639997065067 1.2
      vertex 26.119359999895096 7.057535998523235 1.2
      vertex 24.897976003587246 6.997312001883984 1.2
    endloop
  endfacet
  facet normal 0 0 1
    outer loop
      vertex 24.897976003587246 6.997312001883984 1.2
      vertex 24.628679998219013 10 1.2
      vertex 24.441728003323078 7.057535998523235 1.2
    endloop
  endfacet
  facet normal 0 0 1
    outer loop
      vertex 24.897976003587246 6.997312001883984 1.2
      vertex 26.119359999895096 7.057535998523235 1.2
      vertex 24.628679998219013 10 1.2
    endloop
  endfacet
  facet normal 0 0 1
    outer loop
      vertex 2.0729490146040916 0.1468304544687271 1.2
      vertex 40.68748799711466 4 1.2
      vertex 37.792663998901844 3.9905119985342026 1.2
    endloop
  endfacet
  facet normal 0 0 1
    outer loop
      vertex 2.0729490146040916 0.1468304544687271 1.2
      vertex 41.05638399720192 4 1.2
      vertex 40.68748799711466 4 1.2
    endloop
  endfacet
  facet normal 0 0 1
    outer loop
      vertex 2.0729490146040916 0.1468304544687271 1.2
      vertex 42.67084799706936 4 1.2
      vertex 41.05638399720192 4 1.2
    endloop
  endfacet
  facet normal 0 0 1
    outer loop
      vertex 2.0729490146040916 0.1468304544687271 1.2
      vertex 43.16995199769735 4 1.2
      vertex 42.67084799706936 4 1.2
    endloop
  endfacet
  facet normal 0 0 1
    outer loop
      vertex 2.0729490146040916 0.1468304544687271 1.2
      vertex 43.897119998931885 4 1.2
      vertex 43.16995199769735 4 1.2
    endloop
  endfacet
  facet normal 0 0 1
    outer loop
      vertex 29.876896001398563 4.147551998496056 1.2
      vertex 28.75807999819517 4 1.2
      vertex 30.250959999859333 4.004344001412392 1.2
    endloop
  endfacet
  facet normal 0 0 1
    outer loop
      vertex 2.0729490146040916 0.1468304544687271 1.2
      vertex 46.30579199641943 4 1.2
      vertex 43.897119998931885 4 1.2
    endloop
  endfacet
  facet normal 0 0 1
    outer loop
      vertex 26.533823996782303 4 1.2
      vertex 27.486432000994682 5.2694400027394295 1.2
      vertex 26.533823996782303 5.2694400027394295 1.2
    endloop
  endfacet
  facet normal 0 0 1
    outer loop
      vertex 26.533823996782303 5.597120001912117 1.2
      vertex 27.534175999462605 5.597120001912117 1.2
      vertex 26.533823996782303 6.725536003708839 1.2
    endloop
  endfacet
  facet normal 0 0 1
    outer loop
      vertex 26.533823996782303 4 1.2
      vertex 28.280671998858452 4 1.2
      vertex 27.486432000994682 5.2694400027394295 1.2
    endloop
  endfacet
  facet normal 0 0 1
    outer loop
      vertex 27.890079997479916 5.317184001207352 1.2
      vertex 28.75807999819517 4 1.2
      vertex 28.201728001236916 5.4208080023527145 1.2
    endloop
  endfacet
  facet normal 0 0 1
    outer loop
      vertex 28.75807999819517 4 1.2
      vertex 28.437983997166157 5.61014399677515 1.2
      vertex 28.201728001236916 5.4208080023527145 1.2
    endloop
  endfacet
  facet normal 0 0 1
    outer loop
      vertex 27.534175999462605 5.597120001912117 1.2
      vertex 27.824688002467155 5.635367996990681 1.2
      vertex 26.533823996782303 6.725536003708839 1.2
    endloop
  endfacet
  facet normal 0 0 1
    outer loop
      vertex 27.824688002467155 5.635367996990681 1.2
      vertex 28.040863998234272 5.750111997127533 1.2
      vertex 28.219903998076916 6.178687997162342 1.2
    endloop
  endfacet
  facet normal 0 0 1
    outer loop
      vertex 28.040863998234272 5.750111997127533 1.2
      vertex 28.175144001841545 5.933752000331879 1.2
      vertex 28.219903998076916 6.178687997162342 1.2
    endloop
  endfacet
  facet normal 0 0 1
    outer loop
      vertex 28.219903998076916 6.178687997162342 1.2
      vertex 28.17459999769926 6.413864001631737 1.2
      vertex 27.824688002467155 5.635367996990681 1.2
    endloop
  endfacet
  facet normal 0 0 1
    outer loop
      vertex 27.558048002421856 7.057535998523235 1.2
      vertex 24.628679998219013 10 1.2
      vertex 26.119359999895096 7.057535998523235 1.2
    endloop
  endfacet
  facet normal 0 0 1
    outer loop
      vertex 28.015656001865864 6.999760001897812 1.2
      vertex 24.628679998219013 10 1.2
      vertex 27.558048002421856 7.057535998523235 1.2
    endloop
  endfacet
  facet normal 0 0 1
    outer loop
      vertex 27.516832001507282 6.725536003708839 1.2
      vertex 26.533823996782303 6.725536003708839 1.2
      vertex 27.824688002467155 5.635367996990681 1.2
    endloop
  endfacet
  facet normal 0 0 1
    outer loop
      vertex 27.817631997168064 6.690544001758099 1.2
      vertex 27.516832001507282 6.725536003708839 1.2
      vertex 27.824688002467155 5.635367996990681 1.2
    endloop
  endfacet
  facet normal 0 0 1
    outer loop
      vertex 28.17459999769926 6.413864001631737 1.2
      vertex 28.038687996566296 6.585568003356457 1.2
      vertex 27.824688002467155 5.635367996990681 1.2
    endloop
  endfacet
  facet normal 0 0 1
    outer loop
      vertex 28.038687996566296 6.585568003356457 1.2
      vertex 27.817631997168064 6.690544001758099 1.2
      vertex 27.824688002467155 5.635367996990681 1.2
    endloop
  endfacet
  facet normal 0 0 1
    outer loop
      vertex 28.75807999819517 4 1.2
      vertex 29.21993599832058 5.091232001781464 1.2
      vertex 28.437983997166157 5.61014399677515 1.2
    endloop
  endfacet
  facet normal 0 0 1
    outer loop
      vertex 28.75807999819517 4 1.2
      vertex 29.355007998645306 4.6998080015182495 1.2
      vertex 29.21993599832058 5.091232001781464 1.2
    endloop
  endfacet
  facet normal 0 0 1
    outer loop
      vertex 29.575543999671936 4.381103999912739 1.2
      vertex 28.75807999819517 4 1.2
      vertex 29.876896001398563 4.147551998496056 1.2
    endloop
  endfacet
  facet normal 0 0 1
    outer loop
      vertex 29.355007998645306 4.6998080015182495 1.2
      vertex 28.75807999819517 4 1.2
      vertex 29.575543999671936 4.381103999912739 1.2
    endloop
  endfacet
  facet normal 0 0 1
    outer loop
      vertex 29.174911998212337 5.542879998683929 1.2
      vertex 28.437983997166157 5.61014399677515 1.2
      vertex 29.21993599832058 5.091232001781464 1.2
    endloop
  endfacet
  facet normal 0 0 1
    outer loop
      vertex 28.437983997166157 5.61014399677515 1.2
      vertex 29.174911998212337 5.542879998683929 1.2
      vertex 28.586903996765614 5.869456000626087 1.2
    endloop
  endfacet
  facet normal 0 0 1
    outer loop
      vertex 28.586903996765614 5.869456000626087 1.2
      vertex 29.275271996855736 6.196304000914097 1.2
      vertex 28.6365439966321 6.183008000254631 1.2
    endloop
  endfacet
  facet normal 0 0 1
    outer loop
      vertex 29.275271996855736 6.196304000914097 1.2
      vertex 28.586903996765614 5.869456000626087 1.2
      vertex 29.174911998212337 5.542879998683929 1.2
    endloop
  endfacet
  facet normal 0 0 1
    outer loop
      vertex 30.689567998051643 4.292960003018379 1.2
      vertex 29.885568000376225 4.630368001759052 1.2
      vertex 30.23141600191593 4.377311997115612 1.2
    endloop
  endfacet
  facet normal 0 0 1
    outer loop
      vertex 29.66829600185156 5.027216002345085 1.2
      vertex 29.885568000376225 4.630368001759052 1.2
      vertex 30.689567998051643 4.292960003018379 1.2
    endloop
  endfacet
  facet normal 0 0 1
    outer loop
      vertex 29.59587199985981 5.542879998683929 1.2
      vertex 29.66829600185156 5.027216002345085 1.2
      vertex 31.157463997602463 4.374600000679493 1.2
    endloop
  endfacet
  facet normal 0 0 1
    outer loop
      vertex 30.689567998051643 4.292960003018379 1.2
      vertex 31.157463997602463 4.374600000679493 1.2
      vertex 29.66829600185156 5.027216002345085 1.2
    endloop
  endfacet
  facet normal 0 0 1
    outer loop
      vertex 29.667479999363422 6.0577120035886765 1.2
      vertex 29.59587199985981 5.542879998683929 1.2
      vertex 31.157463997602463 4.374600000679493 1.2
    endloop
  endfacet
  facet normal 0 0 1
    outer loop
      vertex 31.157463997602463 4.374600000679493 1.2
      vertex 29.88230399787426 6.443424001336098 1.2
      vertex 29.667479999363422 6.0577120035886765 1.2
    endloop
  endfacet
  facet normal 0 0 1
    outer loop
      vertex 31.157463997602463 4.374600000679493 1.2
      vertex 31.50220800191164 4.619520001113415 1.2
      vertex 29.88230399787426 6.443424001336098 1.2
    endloop
  endfacet
  facet normal 0 0 1
    outer loop
      vertex 30.22844000160694 6.684288002550602 1.2
      vertex 29.88230399787426 6.443424001336098 1.2
      vertex 31.50220800191164 4.619520001113415 1.2
    endloop
  endfacet
  facet normal 0 0 1
    outer loop
      vertex 30.693920001387596 6.764576002955437 1.2
      vertex 30.22844000160694 6.684288002550602 1.2
      vertex 31.50220800191164 4.619520001113415 1.2
    endloop
  endfacet
  facet normal 0 0 1
    outer loop
      vertex 31.155855998396873 6.683200001716614 1.2
      vertex 30.693920001387596 6.764576002955437 1.2
      vertex 31.50220800191164 4.619520001113415 1.2
    endloop
  endfacet
  facet normal 0 0 1
    outer loop
      vertex 28.6365439966321 6.183008000254631 1.2
      vertex 29.275271996855736 6.196304000914097 1.2
      vertex 28.566288001835346 6.550024002790451 1.2
    endloop
  endfacet
  facet normal 0 0 1
    outer loop
      vertex 29.57635200023651 6.6896959990262985 1.2
      vertex 28.566288001835346 6.550024002790451 1.2
      vertex 29.275271996855736 6.196304000914097 1.2
    endloop
  endfacet
  facet normal 0 0 1
    outer loop
      vertex 28.566288001835346 6.550024002790451 1.2
      vertex 29.57635200023651 6.6896959990262985 1.2
      vertex 28.355520002543926 6.82643199712038 1.2
    endloop
  endfacet
  facet normal 0 0 1
    outer loop
      vertex 28.355520002543926 6.82643199712038 1.2
      vertex 30.05646400153637 6.999751999974251 1.2
      vertex 28.015656001865864 6.999760001897812 1.2
    endloop
  endfacet
  facet normal 0 0 1
    outer loop
      vertex 30.05646400153637 6.999751999974251 1.2
      vertex 28.355520002543926 6.82643199712038 1.2
      vertex 29.57635200023651 6.6896959990262985 1.2
    endloop
  endfacet
  facet normal 0 0 1
    outer loop
      vertex 21.36828000098467 10 1.2
      vertex 23.154944002628326 7.057535998523235 1.2
      vertex 22.317639999091625 10 1.2
    endloop
  endfacet
  facet normal 0 0 1
    outer loop
      vertex 23.154944002628326 7.057535998523235 1.2
      vertex 23.679320000112057 10 1.2
      vertex 22.317639999091625 10 1.2
    endloop
  endfacet
  facet normal 0 0 1
    outer loop
      vertex 21.87280000001192 10.756800003349781 1.2
      vertex 21.947709999978542 11.125359997153282 1.2
      vertex 21.748000003397465 11.35351999849081 1.2
    endloop
  endfacet
  facet normal 0 0 1
    outer loop
      vertex 22.020599998533726 11.476960003376007 1.2
      vertex 21.748000003397465 11.35351999849081 1.2
      vertex 21.947709999978542 11.125359997153282 1.2
    endloop
  endfacet
  facet normal 0 0 1
    outer loop
      vertex 22.191849999129772 12.234760001301765 1.2
      vertex 21.748000003397465 11.35351999849081 1.2
      vertex 22.020599998533726 11.476960003376007 1.2
    endloop
  endfacet
  facet normal 0 0 1
    outer loop
      vertex 22.317639999091625 10 1.2
      vertex 23.679320000112057 10 1.2
      vertex 22.730619996786118 11.771600000560284 1.2
    endloop
  endfacet
  facet normal 0 0 1
    outer loop
      vertex 23.161239996552467 12.21068000048399 1.2
      vertex 22.730619996786118 11.771600000560284 1.2
      vertex 23.679320000112057 10 1.2
    endloop
  endfacet
  facet normal 0 0 1
    outer loop
      vertex 22.730619996786118 11.771600000560284 1.2
      vertex 23.161239996552467 12.21068000048399 1.2
      vertex 22.895400002598763 12.486000001430511 1.2
    endloop
  endfacet
  facet normal 0 0 1
    outer loop
      vertex 24.441728003323078 7.057535998523235 1.2
      vertex 24.628679998219013 10 1.2
      vertex 23.679320000112057 10 1.2
    endloop
  endfacet
  facet normal 0 0 1
    outer loop
      vertex 24.132320001721382 10.756800003349781 1.2
      vertex 24.200120002031326 11.071439996361732 1.2
      vertex 24.016350001096725 11.415919996798038 1.2
    endloop
  endfacet
  facet normal 0 0 1
    outer loop
      vertex 24.343879997730255 11.695320002734661 1.2
      vertex 24.016350001096725 11.415919996798038 1.2
      vertex 24.200120002031326 11.071439996361732 1.2
    endloop
  endfacet
  facet normal 0 0 1
    outer loop
      vertex 24.016350001096725 11.415919996798038 1.2
      vertex 24.343879997730255 11.695320002734661 1.2
      vertex 23.9397199973464 11.787519998848438 1.2
    endloop
  endfacet
  facet normal 0 0 1
    outer loop
      vertex 22.191849999129772 12.234760001301765 1.2
      vertex 21.194679997861385 13.82192000001669 1.2
      vertex 21.748000003397465 11.35351999849081 1.2
    endloop
  endfacet
  facet normal 0 0 1
    outer loop
      vertex 22.561760000884533 13.82192000001669 1.2
      vertex 21.194679997861385 13.82192000001669 1.2
      vertex 22.191849999129772 12.234760001301765 1.2
    endloop
  endfacet
  facet normal 0 0 1
    outer loop
      vertex 22.895400002598763 12.486000001430511 1.2
      vertex 23.073749996721745 12.610100001096725 1.2
      vertex 22.942189998924732 12.714189998805523 1.2
    endloop
  endfacet
  facet normal 0 0 1
    outer loop
      vertex 22.895400002598763 12.486000001430511 1.2
      vertex 23.161239996552467 12.21068000048399 1.2
      vertex 23.073749996721745 12.610100001096725 1.2
    endloop
  endfacet
  facet normal 0 0 1
    outer loop
      vertex 22.942189998924732 12.714189998805523 1.2
      vertex 23.073749996721745 12.610100001096725 1.2
      vertex 23.00119999796152 13.027159996330738 1.2
    endloop
  endfacet
  facet normal 0 0 1
    outer loop
      vertex 24.804999999701977 13.82192000001669 1.2
      vertex 23.9397199973464 11.787519998848438 1.2
      vertex 24.343879997730255 11.695320002734661 1.2
    endloop
  endfacet
  facet normal 0 0 1
    outer loop
      vertex 23.456880003213882 13.82192000001669 1.2
      vertex 23.9397199973464 11.787519998848438 1.2
      vertex 24.804999999701977 13.82192000001669 1.2
    endloop
  endfacet
  facet normal 0 0 1
    outer loop
      vertex 7 16 1.2
      vertex 25.616039998829365 13.82192000001669 1.2
      vertex 39 16 1.2
    endloop
  endfacet
  facet normal 0 0 1
    outer loop
      vertex 28.015656001865864 6.999760001897812 1.2
      vertex 30.05646400153637 6.999751999974251 1.2
      vertex 25.616039998829365 13.82192000001669 1.2
    endloop
  endfacet
  facet normal 0 0 1
    outer loop
      vertex 28.015656001865864 6.999760001897812 1.2
      vertex 25.616039998829365 13.82192000001669 1.2
      vertex 24.628679998219013 10 1.2
    endloop
  endfacet
  facet normal 0 0 1
    outer loop
      vertex 30.693920001387596 7.103104002773762 1.2
      vertex 25.616039998829365 13.82192000001669 1.2
      vertex 30.05646400153637 6.999751999974251 1.2
    endloop
  endfacet
  facet normal 0 0 1
    outer loop
      vertex 31.129528000950813 7.05672000348568 1.2
      vertex 25.616039998829365 13.82192000001669 1.2
      vertex 30.693920001387596 7.103104002773762 1.2
    endloop
  endfacet
  facet normal 0 0 1
    outer loop
      vertex 25.616039998829365 13.82192000001669 1.2
      vertex 31.129528000950813 7.05672000348568 1.2
      vertex 32.7860160022974 7.057535998523235 1.2
    endloop
  endfacet
  facet normal 0 0 1
    outer loop
      vertex 33.26774399727583 7.057535998523235 1.2
      vertex 25.616039998829365 13.82192000001669 1.2
      vertex 32.7860160022974 7.057535998523235 1.2
    endloop
  endfacet
  facet normal 0 0 1
    outer loop
      vertex 2.0729490146040916 0.1468304544687271 1.2
      vertex 46.861536003649235 4 1.2
      vertex 46.30579199641943 4 1.2
    endloop
  endfacet
  facet normal 0 0 1
    outer loop
      vertex 2.0729490146040916 0.1468304544687271 1.2
      vertex 47.230431996285915 4 1.2
      vertex 46.861536003649235 4 1.2
    endloop
  endfacet
  facet normal 0 0 1
    outer loop
      vertex 30.689567998051643 3.95660799741745 1.2
      vertex 32.7860160022974 4 1.2
      vertex 31.125200003385544 4.0048879981040955 1.2
    endloop
  endfacet
  facet normal 0 0 1
    outer loop
      vertex 31.125200003385544 4.0048879981040955 1.2
      vertex 32.7860160022974 4 1.2
      vertex 31.49897599965334 4.149728000164032 1.2
    endloop
  endfacet
  facet normal 0 0 1
    outer loop
      vertex 2.0729490146040916 0.1468304544687271 1.2
      vertex 48.20908799767494 4 1.2
      vertex 47.230431996285915 4 1.2
    endloop
  endfacet
  facet normal 0 0 1
    outer loop
      vertex 2.0729490146040916 0.1468304544687271 1.2
      vertex 48.499871999025345 4 1.2
      vertex 48.20908799767494 4 1.2
    endloop
  endfacet
  facet normal 0 0 1
    outer loop
      vertex 2.0729490146040916 0.1468304544687271 1.2
      vertex 49.46118400245905 4 1.2
      vertex 48.499871999025345 4 1.2
    endloop
  endfacet
  facet normal 0 0 1
    outer loop
      vertex 2.0729490146040916 0.1468304544687271 1.2
      vertex 49.83443199843168 4 1.2
      vertex 49.46118400245905 4 1.2
    endloop
  endfacet
  facet normal 0 0 1
    outer loop
      vertex 2.0729490146040916 0.1468304544687271 1.2
      vertex 50.20790400356054 4 1.2
      vertex 49.83443199843168 4 1.2
    endloop
  endfacet
  facet normal 0 0 1
    outer loop
      vertex 2.0729490146040916 0.1468304544687271 1.2
      vertex 50.63756799697876 4 1.2
      vertex 50.20790400356054 4 1.2
    endloop
  endfacet
  facet normal 0 0 1
    outer loop
      vertex 2.0729490146040916 0.1468304544687271 1.2
      vertex 52.731615997850895 4 1.2
      vertex 50.63756799697876 4 1.2
    endloop
  endfacet
  facet normal 0 0 1
    outer loop
      vertex 2.0729490146040916 0.1468304544687271 1.2
      vertex 53.15478400141001 4 1.2
      vertex 52.731615997850895 4 1.2
    endloop
  endfacet
  facet normal 0 0 1
    outer loop
      vertex 36.56851200014353 4.147551998496056 1.2
      vertex 35.268480002880096 4 1.2
      vertex 36.94880799949169 4.004344001412392 1.2
    endloop
  endfacet
  facet normal 0 0 1
    outer loop
      vertex 31.714607998728752 5.013655997812748 1.2
      vertex 31.78540799766779 5.542879998683929 1.2
      vertex 31.50220800191164 4.619520001113415 1.2
    endloop
  endfacet
  facet normal 0 0 1
    outer loop
      vertex 31.49897599965334 4.149728000164032 1.2
      vertex 32.7860160022974 4 1.2
      vertex 31.801951996982098 4.384623996913433 1.2
    endloop
  endfacet
  facet normal 0 0 1
    outer loop
      vertex 31.801951996982098 4.384623996913433 1.2
      vertex 32.7860160022974 4 1.2
      vertex 32.025183998048306 4.7030719965696335 1.2
    endloop
  endfacet
  facet normal 0 0 1
    outer loop
      vertex 32.025183998048306 4.7030719965696335 1.2
      vertex 32.7860160022974 4 1.2
      vertex 32.16272799670696 5.0931359976530075 1.2
    endloop
  endfacet
  facet normal 0 0 1
    outer loop
      vertex 32.16272799670696 5.0931359976530075 1.2
      vertex 32.7860160022974 4 1.2
      vertex 32.2085760012269 5.542879998683929 1.2
    endloop
  endfacet
  facet normal 0 0 1
    outer loop
      vertex 31.78540799766779 5.542879998683929 1.2
      vertex 31.71407199651003 6.0522719994187355 1.2
      vertex 31.50220800191164 4.619520001113415 1.2
    endloop
  endfacet
  facet normal 0 0 1
    outer loop
      vertex 31.500064000487328 6.439071998000145 1.2
      vertex 31.155855998396873 6.683200001716614 1.2
      vertex 31.50220800191164 4.619520001113415 1.2
    endloop
  endfacet
  facet normal 0 0 1
    outer loop
      vertex 31.71407199651003 6.0522719994187355 1.2
      vertex 31.500064000487328 6.439071998000145 1.2
      vertex 31.50220800191164 4.619520001113415 1.2
    endloop
  endfacet
  facet normal 0 0 1
    outer loop
      vertex 33.15491200238466 4 1.2
      vertex 34.7693760022521 4 1.2
      vertex 33.15491200238466 6.0311359986662865 1.2
    endloop
  endfacet
  facet normal 0 0 1
    outer loop
      vertex 32.7860160022974 7.057535998523235 1.2
      vertex 32.2085760012269 5.542879998683929 1.2
      vertex 32.7860160022974 4 1.2
    endloop
  endfacet
  facet normal 0 0 1
    outer loop
      vertex 33.15491200238466 6.0311359986662865 1.2
      vertex 34.7693760022521 4 1.2
      vertex 33.144064001739025 6.393504001200199 1.2
    endloop
  endfacet
  facet normal 0 0 1
    outer loop
      vertex 33.13321600109339 6.604000002145767 1.2
      vertex 33.144064001739025 6.393504001200199 1.2
      vertex 34.7693760022521 4 1.2
    endloop
  endfacet
  facet normal 0 0 1
    outer loop
      vertex 32.2085760012269 5.542879998683929 1.2
      vertex 32.7860160022974 7.057535998523235 1.2
      vertex 32.16327200084925 5.992600001394749 1.2
    endloop
  endfacet
  facet normal 0 0 1
    outer loop
      vertex 32.16327200084925 5.992600001394749 1.2
      vertex 32.7860160022974 7.057535998523235 1.2
      vertex 32.02735999971628 6.378303997218609 1.2
    endloop
  endfacet
  facet normal 0 0 1
    outer loop
      vertex 31.50329600274563 6.917567998170853 1.2
      vertex 32.7860160022974 7.057535998523235 1.2
      vertex 31.129528000950813 7.05672000348568 1.2
    endloop
  endfacet
  facet normal 0 0 1
    outer loop
      vertex 31.805752001702785 6.689984001219273 1.2
      vertex 32.7860160022974 7.057535998523235 1.2
      vertex 31.50329600274563 6.917567998170853 1.2
    endloop
  endfacet
  facet normal 0 0 1
    outer loop
      vertex 32.02735999971628 6.378303997218609 1.2
      vertex 32.7860160022974 7.057535998523235 1.2
      vertex 31.805752001702785 6.689984001219273 1.2
    endloop
  endfacet
  facet normal 0 0 1
    outer loop
      vertex 34.92127999663353 4.436159998178482 1.2
      vertex 34.90174400061369 4.80290400236845 1.2
      vertex 33.26774399727583 7.057535998523235 1.2
    endloop
  endfacet
  facet normal 0 0 1
    outer loop
      vertex 34.89523199945688 5.052447997033596 1.2
      vertex 33.26774399727583 7.057535998523235 1.2
      vertex 34.90174400061369 4.80290400236845 1.2
    endloop
  endfacet
  facet normal 0 0 1
    outer loop
      vertex 35.268480002880096 4 1.2
      vertex 36.262272000312805 4.3805679976940155 1.2
      vertex 36.03795199841261 4.697664000093937 1.2
    endloop
  endfacet
  facet normal 0 0 1
    outer loop
      vertex 36.262272000312805 4.3805679976940155 1.2
      vertex 35.268480002880096 4 1.2
      vertex 36.56851200014353 4.147551998496056 1.2
    endloop
  endfacet
  facet normal 0 0 1
    outer loop
      vertex 35.268480002880096 4 1.2
      vertex 36.03795199841261 4.697664000093937 1.2
      vertex 35.900431998074055 5.088536001741886 1.2
    endloop
  endfacet
  facet normal 0 0 1
    outer loop
      vertex 35.268480002880096 4 1.2
      vertex 35.900431998074055 5.088536001741886 1.2
      vertex 35.85459200292826 5.542879998683929 1.2
    endloop
  endfacet
  facet normal 0 0 1
    outer loop
      vertex 35.268480002880096 4 1.2
      vertex 35.85459200292826 5.542879998683929 1.2
      vertex 35.268480002880096 7.057535998523235 1.2
    endloop
  endfacet
  facet normal 0 0 1
    outer loop
      vertex 34.89523199945688 7.057535998523235 1.2
      vertex 33.26774399727583 7.057535998523235 1.2
      vertex 34.89523199945688 5.052447997033596 1.2
    endloop
  endfacet
  facet normal 0 0 1
    outer loop
      vertex 35.95440799742937 6.203088000416756 1.2
      vertex 35.268480002880096 7.057535998523235 1.2
      vertex 35.85459200292826 5.542879998683929 1.2
    endloop
  endfacet
  facet normal 0 0 1
    outer loop
      vertex 36.253856003284454 6.6951360031962395 1.2
      vertex 35.268480002880096 7.057535998523235 1.2
      vertex 35.95440799742937 6.203088000416756 1.2
    endloop
  endfacet
  facet normal 0 0 1
    outer loop
      vertex 36.73397599905729 7.001111999154091 1.2
      vertex 35.268480002880096 7.057535998523235 1.2
      vertex 36.253856003284454 6.6951360031962395 1.2
    endloop
  endfacet
  facet normal 0 0 1
    outer loop
      vertex 2.0729490146040916 0.1468304544687271 1.2
      vertex 54.49177599698305 4 1.2
      vertex 53.15478400141001 4 1.2
    endloop
  endfacet
  facet normal 0 0 1
    outer loop
      vertex 36.94880799949169 4.004344001412392 1.2
      vertex 35.268480002880096 4 1.2
      vertex 37.39529599994421 3.95660799741745 1.2
    endloop
  endfacet
  facet normal 0 0 1
    outer loop
      vertex 2.0729490146040916 0.1468304544687271 1.2
      vertex 56.40787199884653 4 1.2
      vertex 54.49177599698305 4 1.2
    endloop
  endfacet
  facet normal 0 0 1
    outer loop
      vertex 37.792663998901844 3.9905119985342026 1.2
      vertex 40.68748799711466 4 1.2
      vertex 38.160191997885704 4.0922240018844604 1.2
    endloop
  endfacet
  facet normal 0 0 1
    outer loop
      vertex 36.57283200323582 4.62822400033474 1.2
      vertex 37.460383996367455 5.182655997574329 1.2
      vertex 36.34987200051546 5.024520002305508 1.2
    endloop
  endfacet
  facet normal 0 0 1
    outer loop
      vertex 36.927103996276855 4.376776002347469 1.2
      vertex 37.460383996367455 5.182655997574329 1.2
      vertex 36.57283200323582 4.62822400033474 1.2
    endloop
  endfacet
  facet normal 0 0 1
    outer loop
      vertex 37.39529599994421 4.292960003018379 1.2
      vertex 37.460383996367455 5.182655997574329 1.2
      vertex 36.927103996276855 4.376776002347469 1.2
    endloop
  endfacet
  facet normal 0 0 1
    outer loop
      vertex 37.68471200019121 4.315743997693062 1.2
      vertex 37.460383996367455 5.182655997574329 1.2
      vertex 37.39529599994421 4.292960003018379 1.2
    endloop
  endfacet
  facet normal 0 0 1
    outer loop
      vertex 36.34987200051546 5.024520002305508 1.2
      vertex 37.460383996367455 5.182655997574329 1.2
      vertex 36.27555199712515 5.542879998683929 1.2
    endloop
  endfacet
  facet normal 0 0 1
    outer loop
      vertex 36.27555199712515 5.542879998683929 1.2
      vertex 37.460383996367455 5.5298559963703156 1.2
      vertex 36.34553600102663 6.059047996997833 1.2
    endloop
  endfacet
  facet normal 0 0 1
    outer loop
      vertex 36.34553600102663 6.059047996997833 1.2
      vertex 37.460383996367455 5.5298559963703156 1.2
      vertex 36.555487997829914 6.444480001926422 1.2
    endloop
  endfacet
  facet normal 0 0 1
    outer loop
      vertex 37.460383996367455 5.5298559963703156 1.2
      vertex 36.27555199712515 5.542879998683929 1.2
      vertex 37.460383996367455 5.182655997574329 1.2
    endloop
  endfacet
  facet normal 0 0 1
    outer loop
      vertex 37.95404800027609 4.384095996618271 1.2
      vertex 37.460383996367455 5.182655997574329 1.2
      vertex 37.68471200019121 4.315743997693062 1.2
    endloop
  endfacet
  facet normal 0 0 1
    outer loop
      vertex 38.18868800252676 4.491503998637199 1.2
      vertex 37.460383996367455 5.182655997574329 1.2
      vertex 37.95404800027609 4.384095996618271 1.2
    endloop
  endfacet
  facet normal 0 0 1
    outer loop
      vertex 38.37395200133324 4.6314560025930405 1.2
      vertex 37.460383996367455 5.182655997574329 1.2
      vertex 38.18868800252676 4.491503998637199 1.2
    endloop
  endfacet
  facet normal 0 0 1
    outer loop
      vertex 38.37395200133324 5.182655997574329 1.2
      vertex 37.460383996367455 5.182655997574329 1.2
      vertex 38.37395200133324 4.6314560025930405 1.2
    endloop
  endfacet
  facet normal 0 0 1
    outer loop
      vertex 38.75587199628353 5.5298559963703156 1.2
      vertex 38.2936640009284 6.265472002327442 1.2
      vertex 37.460383996367455 5.5298559963703156 1.2
    endloop
  endfacet
  facet normal 0 0 1
    outer loop
      vertex 38.75587199628353 5.5298559963703156 1.2
      vertex 38.68860799819231 6.382656000554562 1.2
      vertex 38.2936640009284 6.265472002327442 1.2
    endloop
  endfacet
  facet normal 0 0 1
    outer loop
      vertex 37.37574400007725 7.103104002773762 1.2
      vertex 35.268480002880096 7.057535998523235 1.2
      vertex 36.73397599905729 7.001111999154091 1.2
    endloop
  endfacet
  facet normal 0 0 1
    outer loop
      vertex 36.555487997829914 6.444480001926422 1.2
      vertex 37.460383996367455 5.5298559963703156 1.2
      vertex 36.897808000445366 6.684551998972893 1.2
    endloop
  endfacet
  facet normal 0 0 1
    outer loop
      vertex 36.897808000445366 6.684551998972893 1.2
      vertex 37.460383996367455 5.5298559963703156 1.2
      vertex 37.36489599943161 6.764576002955437 1.2
    endloop
  endfacet
  facet normal 0 0 1
    outer loop
      vertex 37.36489599943161 6.764576002955437 1.2
      vertex 37.460383996367455 5.5298559963703156 1.2
      vertex 37.6776560023427 6.734736002981663 1.2
    endloop
  endfacet
  facet normal 0 0 1
    outer loop
      vertex 37.6776560023427 6.734736002981663 1.2
      vertex 37.460383996367455 5.5298559963703156 1.2
      vertex 37.93452800065279 6.645216003060341 1.2
    endloop
  endfacet
  facet normal 0 0 1
    outer loop
      vertex 37.93452800065279 6.645216003060341 1.2
      vertex 37.460383996367455 5.5298559963703156 1.2
      vertex 38.13877599686384 6.490616001188755 1.2
    endloop
  endfacet
  facet normal 0 0 1
    outer loop
      vertex 38.13877599686384 6.490616001188755 1.2
      vertex 37.460383996367455 5.5298559963703156 1.2
      vertex 38.2936640009284 6.265472002327442 1.2
    endloop
  endfacet
  facet normal 0 0 1
    outer loop
      vertex 38.160191997885704 4.0922240018844604 1.2
      vertex 40.68748799711466 4 1.2
      vertex 38.485431998968124 4.255783997476101 1.2
    endloop
  endfacet
  facet normal 0 0 1
    outer loop
      vertex 38.485431998968124 4.255783997476101 1.2
      vertex 40.68748799711466 4 1.2
      vertex 38.75587199628353 4.475231997668743 1.2
    endloop
  endfacet
  facet normal 0 0 1
    outer loop
      vertex 38.75587199628353 4.475231997668743 1.2
      vertex 40.68748799711466 4 1.2
      vertex 38.75587199628353 5.5298559963703156 1.2
    endloop
  endfacet
  facet normal 0 0 1
    outer loop
      vertex 40.68748799711466 7.057535998523235 1.2
      vertex 38.75587199628353 5.5298559963703156 1.2
      vertex 40.68748799711466 4 1.2
    endloop
  endfacet
  facet normal 0 0 1
    outer loop
      vertex 40.68748799711466 7.057535998523235 1.2
      vertex 38.68860799819231 6.382656000554562 1.2
      vertex 38.75587199628353 5.5298559963703156 1.2
    endloop
  endfacet
  facet normal 0 0 1
    outer loop
      vertex 38.480832003057 6.708711996674538 1.2
      vertex 40.68748799711466 7.057535998523235 1.2
      vertex 38.20035199820995 6.931680001318455 1.2
    endloop
  endfacet
  facet normal 0 0 1
    outer loop
      vertex 38.68860799819231 6.382656000554562 1.2
      vertex 40.68748799711466 7.057535998523235 1.2
      vertex 38.480832003057 6.708711996674538 1.2
    endloop
  endfacet
  facet normal 0 0 1
    outer loop
      vertex 25.616039998829365 13.82192000001669 1.2
      vertex 33.26774399727583 7.057535998523235 1.2
      vertex 34.89523199945688 7.057535998523235 1.2
    endloop
  endfacet
  facet normal 0 0 1
    outer loop
      vertex 35.268480002880096 7.057535998523235 1.2
      vertex 25.616039998829365 13.82192000001669 1.2
      vertex 34.89523199945688 7.057535998523235 1.2
    endloop
  endfacet
  facet normal 0 0 1
    outer loop
      vertex 37.37574400007725 7.103104002773762 1.2
      vertex 25.616039998829365 13.82192000001669 1.2
      vertex 35.268480002880096 7.057535998523235 1.2
    endloop
  endfacet
  facet normal 0 0 1
    outer loop
      vertex 37.83578400313854 7.060248002409935 1.2
      vertex 25.616039998829365 13.82192000001669 1.2
      vertex 37.37574400007725 7.103104002773762 1.2
    endloop
  endfacet
  facet normal 0 0 1
    outer loop
      vertex 38.20035199820995 6.931680001318455 1.2
      vertex 25.616039998829365 13.82192000001669 1.2
      vertex 37.83578400313854 7.060248002409935 1.2
    endloop
  endfacet
  facet normal 0 0 1
    outer loop
      vertex 25.616039998829365 13.82192000001669 1.2
      vertex 38.20035199820995 6.931680001318455 1.2
      vertex 40.68748799711466 7.057535998523235 1.2
    endloop
  endfacet
  facet normal 0 0 1
    outer loop
      vertex 41.16921599954367 7.057535998523235 1.2
      vertex 25.616039998829365 13.82192000001669 1.2
      vertex 40.68748799711466 7.057535998523235 1.2
    endloop
  endfacet
  facet normal 0 0 1
    outer loop
      vertex 25.616039998829365 13.82192000001669 1.2
      vertex 41.16921599954367 7.057535998523235 1.2
      vertex 42.79670400172472 7.057535998523235 1.2
    endloop
  endfacet
  facet normal 0 0 1
    outer loop
      vertex 25.616039998829365 13.82192000001669 1.2
      vertex 42.79670400172472 7.057535998523235 1.2
      vertex 54.365620002150536 13.82192000001669 1.2
    endloop
  endfacet
  facet normal 0 0 1
    outer loop
      vertex 25.616039998829365 13.82192000001669 1.2
      vertex 48.69098300486803 16.048943482339382 1.2
      vertex 39 16 1.2
    endloop
  endfacet
  facet normal 0 0 1
    outer loop
      vertex 25.616039998829365 13.82192000001669 1.2
      vertex 49 16 1.2
      vertex 48.69098300486803 16.048943482339382 1.2
    endloop
  endfacet
  facet normal 0 0 -1
    outer loop
      vertex 0 62 0
      vertex 6 53 0
      vertex 6 17 0
    endloop
  endfacet
  facet normal -1 0 0
    outer loop
      vertex 0 3 0
      vertex 0 62 1.2
      vertex 0 62 0
    endloop
  endfacet
  facet normal 0 0 -1
    outer loop
      vertex 0 62 0
      vertex 6.048943482339382 53.30901699513197 0
      vertex 6 53 0
    endloop
  endfacet
  facet normal 0 0 -1
    outer loop
      vertex 0 62 0
      vertex 7 54 0
      vertex 6.048943482339382 53.30901699513197 0
    endloop
  endfacet
  facet normal 0 0 -1
    outer loop
      vertex 0.1468304544687271 62.92705098539591 0
      vertex 1.2366442456841469 64.42705098539591 0
      vertex 3 65 0
    endloop
  endfacet
  facet normal -0.9876883401022013 0.15643446815250966 0
    outer loop
      vertex 0 62 0
      vertex 0.1468304544687271 62.92705098539591 1.2
      vertex 0.1468304544687271 62.92705098539591 0
    endloop
  endfacet
  facet normal -0.809016994578234 0.5877852520126732 0
    outer loop
      vertex 0.1468304544687271 62.92705098539591 0
      vertex 1.2366442456841469 64.42705098539591 1.2
      vertex 1.2366442456841469 64.42705098539591 0
    endloop
  endfacet
  facet normal -0.3090169936730588 0.951056516523211 0
    outer loop
      vertex 1.2366442456841469 64.42705098539591 0
      vertex 3 65 1.2
      vertex 3 65 0
    endloop
  endfacet
  facet normal 0 0 -1
    outer loop
      vertex 0 62 0
      vertex 39 54 0
      vertex 7 54 0
    endloop
  endfacet
  facet normal -0.9876883401022013 0.15643446815250966 0
    outer loop
      vertex 0 62 0
      vertex 0 62 1.2
      vertex 0.1468304544687271 62.92705098539591 1.2
    endloop
  endfacet
  facet normal -0.809016994578234 0.5877852520126732 0
    outer loop
      vertex 0.1468304544687271 62.92705098539591 0
      vertex 0.1468304544687271 62.92705098539591 1.2
      vertex 1.2366442456841469 64.42705098539591 1.2
    endloop
  endfacet
  facet normal -0.3090169936730588 0.951056516523211 0
    outer loop
      vertex 1.2366442456841469 64.42705098539591 0
      vertex 1.2366442456841469 64.42705098539591 1.2
      vertex 3 65 1.2
    endloop
  endfacet
  facet normal 0 0 -1
    outer loop
      vertex 0 62 0
      vertex 39.30901699513197 53.95105651766062 0
      vertex 39 54 0
    endloop
  endfacet
  facet normal 0 0 -1
    outer loop
      vertex 0 62 0
      vertex 49 54 0
      vertex 39.30901699513197 53.95105651766062 0
    endloop
  endfacet
  facet normal 0 0 -1
    outer loop
      vertex 0 62 0
      vertex 0.1468304544687271 62.92705098539591 0
      vertex 80 65 0
    endloop
  endfacet
  facet normal 0 0 -1
    outer loop
      vertex 0.1468304544687271 62.92705098539591 0
      vertex 3 65 0
      vertex 80 65 0
    endloop
  endfacet
  facet normal 0 1 0
    outer loop
      vertex 3 65 0
      vertex 3 65 1.2
      vertex 80 65 1.2
    endloop
  endfacet
  facet normal 0 0 1
    outer loop
      vertex 0 3 1.2
      vertex 6 53 1.2
      vertex 6.464500002563 57 1.2
    endloop
  endfacet
  facet normal 0 0 1
    outer loop
      vertex 0 3 1.2
      vertex 6.464500002563 57 1.2
      vertex 0 62 1.2
    endloop
  endfacet
  facet normal 0 0 1
    outer loop
      vertex 6.464500002563 57 1.2
      vertex 6 53 1.2
      vertex 6.048943482339382 53.30901699513197 1.2
    endloop
  endfacet
  facet normal 0 0 1
    outer loop
      vertex 6.464500002563 57 1.2
      vertex 6.048943482339382 53.30901699513197 1.2
      vertex 7 54 1.2
    endloop
  endfacet
  facet normal 0 0 1
    outer loop
      vertex 6.464500002563 57 1.2
      vertex 7 54 1.2
      vertex 13.411724099944765 54 1.2
    endloop
  endfacet
  facet normal 0 0 1
    outer loop
      vertex 6.464500002563 57 1.2
      vertex 13.411724099944765 54 1.2
      vertex 7.464749999344349 57 1.2
    endloop
  endfacet
  facet normal 0 0 1
    outer loop
      vertex 7.464749999344349 57 1.2
      vertex 13.411724099944765 54 1.2
      vertex 8.651450000703335 58.68174999952316 1.2
    endloop
  endfacet
  facet normal 0 0 1
    outer loop
      vertex 0 62 1.2
      vertex 6.464500002563 57 1.2
      vertex 6.464500002563 61.77740000188351 1.2
    endloop
  endfacet
  facet normal 0 0 1
    outer loop
      vertex 0.1468304544687271 62.92705098539591 1.2
      vertex 3 65 1.2
      vertex 1.2366442456841469 64.42705098539591 1.2
    endloop
  endfacet
  facet normal 0 0 1
    outer loop
      vertex 7.464749999344349 57 1.2
      vertex 8.651450000703335 58.68174999952316 1.2
      vertex 7.464749999344349 58.68174999952316 1.2
    endloop
  endfacet
  facet normal 0 0 1
    outer loop
      vertex 8.651450000703335 58.68174999952316 1.2
      vertex 13.411724099944765 54 1.2
      vertex 8.994488887488842 58.70378889143467 1.2
    endloop
  endfacet
  facet normal 0 0 1
    outer loop
      vertex 9.304738886654377 58.76990555226803 1.2
      vertex 10.73700000345707 58.688550002872944 1.2
      vertex 9.58219999819994 58.8800999969244 1.2
    endloop
  endfacet
  facet normal 0 0 1
    outer loop
      vertex 9.58219999819994 58.8800999969244 1.2
      vertex 10.73700000345707 58.688550002872944 1.2
      vertex 9.823111109435558 59.03060555458069 1.2
    endloop
  endfacet
  facet normal 0 0 1
    outer loop
      vertex 9.304738886654377 58.76990555226803 1.2
      vertex 10.73700000345707 57.97309999912977 1.2
      vertex 10.73700000345707 58.688550002872944 1.2
    endloop
  endfacet
  facet normal 0 0 1
    outer loop
      vertex 7.464749999344349 59.45139999687672 1.2
      vertex 8.526000000536442 59.45139999687672 1.2
      vertex 8.49889999628067 61.00095000118017 1.2
    endloop
  endfacet
  facet normal 0 0 1
    outer loop
      vertex 7.464749999344349 59.45139999687672 1.2
      vertex 8.49889999628067 61.00095000118017 1.2
      vertex 7.464749999344349 61.00095000118017 1.2
    endloop
  endfacet
  facet normal 0 0 1
    outer loop
      vertex 8.526000000536442 59.45139999687672 1.2
      vertex 8.78067222237587 59.47419444471598 1.2
      vertex 8.49889999628067 61.00095000118017 1.2
    endloop
  endfacet
  facet normal 0 0 1
    outer loop
      vertex 8.78067222237587 59.47419444471598 1.2
      vertex 8.993155553936958 59.542577780783176 1.2
      vertex 8.49889999628067 61.00095000118017 1.2
    endloop
  endfacet
  facet normal 0 0 1
    outer loop
      vertex 8.993155553936958 59.542577780783176 1.2
      vertex 9.163450002670288 59.656549997627735 1.2
      vertex 8.49889999628067 61.00095000118017 1.2
    endloop
  endfacet
  facet normal 0 0 1
    outer loop
      vertex 9.163450002670288 59.656549997627735 1.2
      vertex 9.287783332169056 59.81346666812897 1.2
      vertex 8.49889999628067 61.00095000118017 1.2
    endloop
  endfacet
  facet normal 0 0 1
    outer loop
      vertex 9.287783332169056 59.81346666812897 1.2
      vertex 9.362383335828781 60.010683335363865 1.2
      vertex 8.49889999628067 61.00095000118017 1.2
    endloop
  endfacet
  facet normal 0 0 1
    outer loop
      vertex 8.99242778122425 60.91731110960245 1.2
      vertex 8.49889999628067 61.00095000118017 1.2
      vertex 9.387249998748302 60.24819999933243 1.2
    endloop
  endfacet
  facet normal 0 0 1
    outer loop
      vertex 9.823111109435558 59.03060555458069 1.2
      vertex 10.73700000345707 58.688550002872944 1.2
      vertex 10.02371110767126 59.217655554413795 1.2
    endloop
  endfacet
  facet normal 0 0 1
    outer loop
      vertex 9.362383335828781 60.010683335363865 1.2
      vertex 9.387249998748302 60.24819999933243 1.2
      vertex 8.49889999628067 61.00095000118017 1.2
    endloop
  endfacet
  facet normal 0 0 1
    outer loop
      vertex 8.99242778122425 60.91731110960245 1.2
      vertex 9.387249998748302 60.24819999933243 1.2
      vertex 9.288544446229935 60.66639444231987 1.2
    endloop
  endfacet
  facet normal 0 0 1
    outer loop
      vertex 10.73700000345707 57.97309999912977 1.2
      vertex 13.411724099944765 54 1.2
      vertex 12.910400003194809 57 1.2
    endloop
  endfacet
  facet normal 0 0 1
    outer loop
      vertex 12.910400003194809 57 1.2
      vertex 13.411724099944765 54 1.2
      vertex 13.819099999964237 57 1.2
    endloop
  endfacet
  facet normal 0 0 1
    outer loop
      vertex 13.819099999964237 57 1.2
      vertex 13.411724099944765 54 1.2
      vertex 14.456550002098083 57.97309999912977 1.2
    endloop
  endfacet
  facet normal 0 0 1
    outer loop
      vertex 8.994488887488842 58.70378889143467 1.2
      vertex 13.411724099944765 54 1.2
      vertex 9.304738886654377 58.76990555226803 1.2
    endloop
  endfacet
  facet normal 0 0 1
    outer loop
      vertex 9.304738886654377 58.76990555226803 1.2
      vertex 13.411724099944765 54 1.2
      vertex 10.73700000345707 57.97309999912977 1.2
    endloop
  endfacet
  facet normal 0 0 1
    outer loop
      vertex 10.73700000345707 57.97309999912977 1.2
      vertex 12.910400003194809 57 1.2
      vertex 12.910400003194809 57.97309999912977 1.2
    endloop
  endfacet
  facet normal 0 0 1
    outer loop
      vertex 10.02371110767126 59.217655554413795 1.2
      vertex 10.73700000345707 58.688550002872944 1.2
      vertex 12.754450000822544 61.77740000188351 1.2
    endloop
  endfacet
  facet normal 0 0 1
    outer loop
      vertex 10.02371110767126 59.217655554413795 1.2
      vertex 12.754450000822544 61.77740000188351 1.2
      vertex 10.184000000357628 59.44124999642372 1.2
    endloop
  endfacet
  facet normal 0 0 1
    outer loop
      vertex 10.184000000357628 59.44124999642372 1.2
      vertex 12.754450000822544 61.77740000188351 1.2
      vertex 10.300805553793907 59.69403889030218 1.2
    endloop
  endfacet
  facet normal 0 0 1
    outer loop
      vertex 10.300805553793907 59.69403889030218 1.2
      vertex 12.754450000822544 61.77740000188351 1.2
      vertex 10.370888888835907 59.96867222338915 1.2
    endloop
  endfacet
  facet normal 0 0 1
    outer loop
      vertex 10.370888888835907 59.96867222338915 1.2
      vertex 12.754450000822544 61.77740000188351 1.2
      vertex 10.394249998033047 60.265150003135204 1.2
    endloop
  endfacet
  facet normal 0 0 1
    outer loop
      vertex 10.342822223901749 60.710288889706135 1.2
      vertex 10.394249998033047 60.265150003135204 1.2
      vertex 12.754450000822544 61.77740000188351 1.2
    endloop
  endfacet
  facet normal 0 0 1
    outer loop
      vertex 11.513449996709824 58.68174999952316 1.2
      vertex 12.910400003194809 58.68174999952316 1.2
      vertex 12.910400003194809 60.244850002229214 1.2
    endloop
  endfacet
  facet normal 0 0 1
    outer loop
      vertex 11.513449996709824 58.68174999952316 1.2
      vertex 12.910400003194809 60.244850002229214 1.2
      vertex 12.62219999730587 60.366899996995926 1.2
    endloop
  endfacet
  facet normal 0 0 1
    outer loop
      vertex 12.62219999730587 60.366899996995926 1.2
      vertex 12.910400003194809 60.244850002229214 1.2
      vertex 12.911716669797897 60.370277777314186 1.2
    endloop
  endfacet
  facet normal 0 0 1
    outer loop
      vertex 12.62219999730587 60.366899996995926 1.2
      vertex 12.911716669797897 60.370277777314186 1.2
      vertex 12.915666669607162 60.50249444693327 1.2
    endloop
  endfacet
  facet normal 0 0 1
    outer loop
      vertex 12.62219999730587 60.366899996995926 1.2
      vertex 12.915666669607162 60.50249444693327 1.2
      vertex 12.760077774524689 60.58766110986471 1.2
    endloop
  endfacet
  facet normal 0 0 1
    outer loop
      vertex 12.760077774524689 60.58766110986471 1.2
      vertex 12.915666669607162 60.50249444693327 1.2
      vertex 12.922250002622604 60.64150000363588 1.2
    endloop
  endfacet
  facet normal 0 0 1
    outer loop
      vertex 12.760077774524689 60.58766110986471 1.2
      vertex 12.922250002622604 60.64150000363588 1.2
      vertex 12.866311110556126 60.77074444293976 1.2
    endloop
  endfacet
  facet normal 0 0 1
    outer loop
      vertex 12.922250002622604 60.64150000363588 1.2
      vertex 12.92961110919714 60.766972221434116 1.2
      vertex 12.866311110556126 60.77074444293976 1.2
    endloop
  endfacet
  facet normal 0 0 1
    outer loop
      vertex 12.866311110556126 60.77074444293976 1.2
      vertex 12.92961110919714 60.766972221434116 1.2
      vertex 12.935827776789665 60.85852222144604 1.2
    endloop
  endfacet
  facet normal 0 0 1
    outer loop
      vertex 12.866311110556126 60.77074444293976 1.2
      vertex 12.935827776789665 60.85852222144604 1.2
      vertex 12.9408999979496 60.916150003671646 1.2
    endloop
  endfacet
  facet normal 0 0 1
    outer loop
      vertex 13.819099999964237 57 1.2
      vertex 14.456550002098083 57.97309999912977 1.2
      vertex 13.819099999964237 57.97309999912977 1.2
    endloop
  endfacet
  facet normal 0 0 1
    outer loop
      vertex 9.931400001049042 61.38239999860525 1.2
      vertex 10.188538886606693 61.082705557346344 1.2
      vertex 12.754450000822544 61.77740000188351 1.2
    endloop
  endfacet
  facet normal 0 0 1
    outer loop
      vertex 9.138777777552605 61.73351111263037 1.2
      vertex 9.578977778553963 61.60184444487095 1.2
      vertex 12.754450000822544 61.77740000188351 1.2
    endloop
  endfacet
  facet normal 0 0 1
    outer loop
      vertex 9.578977778553963 61.60184444487095 1.2
      vertex 9.931400001049042 61.38239999860525 1.2
      vertex 12.754450000822544 61.77740000188351 1.2
    endloop
  endfacet
  facet normal 0 0 1
    outer loop
      vertex 10.342822223901749 60.710288889706135 1.2
      vertex 12.754450000822544 61.77740000188351 1.2
      vertex 10.188538886606693 61.082705557346344 1.2
    endloop
  endfacet
  facet normal 0 0 1
    outer loop
      vertex 14.456550002098083 57.97309999912977 1.2
      vertex 13.411724099944765 54 1.2
      vertex 39 54 1.2
    endloop
  endfacet
  facet normal 0 0 1
    outer loop
      vertex 14.456550002098083 57.97309999912977 1.2
      vertex 39 54 1.2
      vertex 39.30901699513197 53.95105651766062 1.2
    endloop
  endfacet
  facet normal 0 0 1
    outer loop
      vertex 0 62 1.2
      vertex 80 65 1.2
      vertex 0.1468304544687271 62.92705098539591 1.2
    endloop
  endfacet
  facet normal 0 0 1
    outer loop
      vertex 0.1468304544687271 62.92705098539591 1.2
      vertex 80 65 1.2
      vertex 3 65 1.2
    endloop
  endfacet
  facet normal 0 0 1
    outer loop
      vertex 0 62 1.2
      vertex 6.464500002563 61.77740000188351 1.2
      vertex 80.92705098539591 64.85316954553127 1.2
    endloop
  endfacet
  facet normal 0 0 1
    outer loop
      vertex 14.456550002098083 57.97309999912977 1.2
      vertex 39.30901699513197 53.95105651766062 1.2
      vertex 49 54 1.2
    endloop
  endfacet
  facet normal 0 0 1
    outer loop
      vertex 6.464500002563 61.77740000188351 1.2
      vertex 8.610799998044968 61.77740000188351 1.2
      vertex 80.92705098539591 64.85316954553127 1.2
    endloop
  endfacet
  facet normal 0 0 1
    outer loop
      vertex 8.610799998044968 61.77740000188351 1.2
      vertex 9.138777777552605 61.73351111263037 1.2
      vertex 80.92705098539591 64.85316954553127 1.2
    endloop
  endfacet
  facet normal 0 0 1
    outer loop
      vertex 9.138777777552605 61.73351111263037 1.2
      vertex 12.754450000822544 61.77740000188351 1.2
      vertex 80.92705098539591 64.85316954553127 1.2
    endloop
  endfacet
  facet normal 0 0 1
    outer loop
      vertex 13.819099999964237 58.68174999952316 1.2
      vertex 80.92705098539591 64.85316954553127 1.2
      vertex 13.819099999964237 61.77740000188351 1.2
    endloop
  endfacet
  facet normal 0 0 1
    outer loop
      vertex 12.754450000822544 61.77740000188351 1.2
      vertex 13.819099999964237 61.77740000188351 1.2
      vertex 80.92705098539591 64.85316954553127 1.2
    endloop
  endfacet
  facet normal 0 0 1
    outer loop
      vertex 14.456550002098083 57.97309999912977 1.2
      vertex 80.92705098539591 64.85316954553127 1.2
      vertex 14.456550002098083 58.68174999952316 1.2
    endloop
  endfacet
  facet normal 0 0 1
    outer loop
      vertex 13.819099999964237 58.68174999952316 1.2
      vertex 14.456550002098083 58.68174999952316 1.2
      vertex 80.92705098539591 64.85316954553127 1.2
    endloop
  endfacet
  facet normal 0 -1 0
    outer loop
      vertex 3 0 0
      vertex 72 0 0
      vertex 72 0 1.2
    endloop
  endfacet
  facet normal 0 0 -1
    outer loop
      vertex 39.95105651766062 16.69098300486803 0
      vertex 48.69098300486803 16.048943482339382 0
      vertex 39 16 0
    endloop
  endfacet
  facet normal 0 0 -1
    outer loop
      vertex 72 0 0
      vertex 39 16 0
      vertex 48.69098300486803 16.048943482339382 0
    endloop
  endfacet
  facet normal 0 0 -1
    outer loop
      vertex 72 0 0
      vertex 48.69098300486803 16.048943482339382 0
      vertex 49 16 0
    endloop
  endfacet
  facet normal 0 0 -1
    outer loop
      vertex 72 0 0
      vertex 49 16 0
      vertex 63 16 0
    endloop
  endfacet
  facet normal 0 0 -1
    outer loop
      vertex 40 17 0
      vertex 48 17 0
      vertex 39.95105651766062 16.69098300486803 0
    endloop
  endfacet
  facet normal 0 0 -1
    outer loop
      vertex 39.95105651766062 16.69098300486803 0
      vertex 48 17 0
      vertex 48.69098300486803 16.048943482339382 0
    endloop
  endfacet
  facet normal 0 0 -1
    outer loop
      vertex 40 53 0
      vertex 48 17 0
      vertex 40 17 0
    endloop
  endfacet
  facet normal 0 0 -1
    outer loop
      vertex 72 0 0
      vertex 63 16 0
      vertex 63.95105651766062 16.69098300486803 0
    endloop
  endfacet
  facet normal 0 0 -1
    outer loop
      vertex 72 0 0
      vertex 63.95105651766062 16.69098300486803 0
      vertex 64 17 0
    endloop
  endfacet
  facet normal 0 0 -1
    outer loop
      vertex 72 0 0
      vertex 64 17 0
      vertex 72 18.5 0
    endloop
  endfacet
  facet normal 0 0 -1
    outer loop
      vertex 80 0 0
      vertex 82.85316954553127 2.0729490146040916 0
      vertex 81.76335575431585 0.5729490146040916 0
    endloop
  endfacet
  facet normal 0 0 -1
    outer loop
      vertex 80 0 0
      vertex 77 0 0
      vertex 77 18.5 0
    endloop
  endfacet
  facet normal 0 0 -1
    outer loop
      vertex 80 0 0
      vertex 77 18.5 0
      vertex 82.85316954553127 2.0729490146040916 0
    endloop
  endfacet
  facet normal 0 0 -1
    outer loop
      vertex 82.85316954553127 2.0729490146040916 0
      vertex 77 18.5 0
      vertex 83 3 0
    endloop
  endfacet
  facet normal 0 -1 0
    outer loop
      vertex 80 0 0
      vertex 80 0 1.2
      vertex 77 0 0
    endloop
  endfacet
  facet normal 0.3090169936730588 -0.951056516523211 0
    outer loop
      vertex 80 0 0
      vertex 81.76335575431585 0.5729490146040916 0
      vertex 80 0 1.2
    endloop
  endfacet
  facet normal 0.809016994578234 -0.5877852520126732 0
    outer loop
      vertex 81.76335575431585 0.5729490146040916 0
      vertex 82.85316954553127 2.0729490146040916 0
      vertex 81.76335575431585 0.5729490146040916 1.2
    endloop
  endfacet
  facet normal 0.9876883401022013 -0.15643446815250966 0
    outer loop
      vertex 82.85316954553127 2.0729490146040916 0
      vertex 83 3 0
      vertex 82.85316954553127 2.0729490146040916 1.2
    endloop
  endfacet
  facet normal 0 -1 0
    outer loop
      vertex 80 0 1.2
      vertex 77 0 1.2
      vertex 77 0 0
    endloop
  endfacet
  facet normal 0.3090169936730588 -0.951056516523211 0
    outer loop
      vertex 81.76335575431585 0.5729490146040916 0
      vertex 81.76335575431585 0.5729490146040916 1.2
      vertex 80 0 1.2
    endloop
  endfacet
  facet normal 0.809016994578234 -0.5877852520126732 0
    outer loop
      vertex 82.85316954553127 2.0729490146040916 0
      vertex 82.85316954553127 2.0729490146040916 1.2
      vertex 81.76335575431585 0.5729490146040916 1.2
    endloop
  endfacet
  facet normal 0.9876883401022013 -0.15643446815250966 0
    outer loop
      vertex 83 3 0
      vertex 83 3 1.2
      vertex 82.85316954553127 2.0729490146040916 1.2
    endloop
  endfacet
  facet normal 0 0 -1
    outer loop
      vertex 72 18.5 0
      vertex 64 17 0
      vertex 72.0120381833195 18.7450428508239 0
    endloop
  endfacet
  facet normal 0 0 -1
    outer loop
      vertex 72.0120381833195 18.7450428508239 0
      vertex 64 17 0
      vertex 72.04803679899193 18.98772580504032 0
    endloop
  endfacet
  facet normal 0 0 -1
    outer loop
      vertex 72.04803679899193 18.98772580504032 0
      vertex 64 17 0
      vertex 72.10764916066948 19.225711693136155 0
    endloop
  endfacet
  facet normal 0 0 -1
    outer loop
      vertex 72.10764916066948 19.225711693136155 0
      vertex 64 17 0
      vertex 72.19030116872179 19.456708580912725 0
    endloop
  endfacet
  facet normal 0 0 -1
    outer loop
      vertex 72.19030116872179 19.456708580912725 0
      vertex 64 17 0
      vertex 72.29519683912912 19.678491842064993 0
    endloop
  endfacet
  facet normal 0 0 -1
    outer loop
      vertex 72.29519683912912 19.678491842064993 0
      vertex 64 17 0
      vertex 72.42132596924364 19.888925582549007 0
    endloop
  endfacet
  facet normal 0 0 -1
    outer loop
      vertex 72.42132596924364 19.888925582549007 0
      vertex 64 17 0
      vertex 72.56747386659316 20.085983210409115 0
    endloop
  endfacet
  facet normal 0 0 -1
    outer loop
      vertex 72.56747386659316 20.085983210409115 0
      vertex 64 17 0
      vertex 72.73223304703363 20.26776695296637 0
    endloop
  endfacet
  facet normal 0 0 -1
    outer loop
      vertex 64 53 0
      vertex 72.73223304703363 20.26776695296637 0
      vertex 64 17 0
    endloop
  endfacet
  facet normal 0 0 -1
    outer loop
      vertex 64 53 0
      vertex 72.91401678959089 20.432526133406842 0
      vertex 72.73223304703363 20.26776695296637 0
    endloop
  endfacet
  facet normal 0 0 -1
    outer loop
      vertex 64 53 0
      vertex 73.111074417451 20.578674030756364 0
      vertex 72.91401678959089 20.432526133406842 0
    endloop
  endfacet
  facet normal 0 0 -1
    outer loop
      vertex 64 53 0
      vertex 73.321508157935 20.70480316087089 0
      vertex 73.111074417451 20.578674030756364 0
    endloop
  endfacet
  facet normal 0 0 -1
    outer loop
      vertex 64 53 0
      vertex 73.54329141908728 20.80969883127822 0
      vertex 73.321508157935 20.70480316087089 0
    endloop
  endfacet
  facet normal 0 0 -1
    outer loop
      vertex 64 53 0
      vertex 73.77428830686384 20.892350839330522 0
      vertex 73.54329141908728 20.80969883127822 0
    endloop
  endfacet
  facet normal 0 0 -1
    outer loop
      vertex 64 53 0
      vertex 74.01227419495967 20.951963201008077 0
      vertex 73.77428830686384 20.892350839330522 0
    endloop
  endfacet
  facet normal 0 0 -1
    outer loop
      vertex 64 53 0
      vertex 74.2549571491761 20.987961816680492 0
      vertex 74.01227419495967 20.951963201008077 0
    endloop
  endfacet
  facet normal 0 0 -1
    outer loop
      vertex 64 53 0
      vertex 74.5 21 0
      vertex 74.2549571491761 20.987961816680492 0
    endloop
  endfacet
  facet normal 0 0 -1
    outer loop
      vertex 64 53 0
      vertex 74.7450428508239 20.987961816680492 0
      vertex 74.5 21 0
    endloop
  endfacet
  facet normal 0 0 -1
    outer loop
      vertex 64 53 0
      vertex 74.98772580504033 20.951963201008077 0
      vertex 74.7450428508239 20.987961816680492 0
    endloop
  endfacet
  facet normal 0 0 -1
    outer loop
      vertex 64 53 0
      vertex 75.888925582549 20.578674030756364 0
      vertex 75.678491842065 20.70480316087089 0
    endloop
  endfacet
  facet normal 0 0 -1
    outer loop
      vertex 64 53 0
      vertex 76.80969883127821 19.456708580912725 0
      vertex 76.70480316087088 19.678491842064993 0
    endloop
  endfacet
  facet normal 0 0 -1
    outer loop
      vertex 64 53 0
      vertex 76.70480316087088 19.678491842064993 0
      vertex 76.57867403075636 19.888925582549007 0
    endloop
  endfacet
  facet normal 0 0 -1
    outer loop
      vertex 64 53 0
      vertex 76.43252613340684 20.085983210409115 0
      vertex 76.26776695296637 20.26776695296637 0
    endloop
  endfacet
  facet normal 0 0 -1
    outer loop
      vertex 64 53 0
      vertex 76.08598321040911 20.432526133406842 0
      vertex 75.888925582549 20.578674030756364 0
    endloop
  endfacet
  facet normal 0 0 -1
    outer loop
      vertex 64 53 0
      vertex 76.26776695296637 20.26776695296637 0
      vertex 76.08598321040911 20.432526133406842 0
    endloop
  endfacet
  facet normal 0 0 -1
    outer loop
      vertex 64 53 0
      vertex 76.57867403075636 19.888925582549007 0
      vertex 76.43252613340684 20.085983210409115 0
    endloop
  endfacet
  facet normal 0 0 -1
    outer loop
      vertex 64 53 0
      vertex 75.22571169313616 20.892350839330522 0
      vertex 74.98772580504033 20.951963201008077 0
    endloop
  endfacet
  facet normal 0 0 -1
    outer loop
      vertex 64 53 0
      vertex 75.45670858091272 20.80969883127822 0
      vertex 75.22571169313616 20.892350839330522 0
    endloop
  endfacet
  facet normal 0 0 -1
    outer loop
      vertex 64 53 0
      vertex 75.678491842065 20.70480316087089 0
      vertex 75.45670858091272 20.80969883127822 0
    endloop
  endfacet
  facet normal 1 0 0
    outer loop
      vertex 83 3 0
      vertex 83 62 0
      vertex 83 3 1.2
    endloop
  endfacet
  facet normal 0 0 -1
    outer loop
      vertex 83 3 0
      vertex 77 18.5 0
      vertex 83 62 0
    endloop
  endfacet
  facet normal 0 0 1
    outer loop
      vertex 2.0729490146040916 0.1468304544687271 1.2
      vertex 72 0 1.2
      vertex 56.40787199884653 4 1.2
    endloop
  endfacet
  facet normal 0 0 1
    outer loop
      vertex 41.05638399720192 4 1.2
      vertex 42.67084799706936 4 1.2
      vertex 41.05638399720192 6.0311359986662865 1.2
    endloop
  endfacet
  facet normal 0 0 1
    outer loop
      vertex 41.05638399720192 6.0311359986662865 1.2
      vertex 42.67084799706936 4 1.2
      vertex 41.04553599655628 6.393504001200199 1.2
    endloop
  endfacet
  facet normal 0 0 1
    outer loop
      vertex 41.04553599655628 6.393504001200199 1.2
      vertex 42.67084799706936 4 1.2
      vertex 41.034688003361225 6.604000002145767 1.2
    endloop
  endfacet
  facet normal 0 0 1
    outer loop
      vertex 42.80321600288153 4.80290400236845 1.2
      vertex 41.16921599954367 7.057535998523235 1.2
      vertex 42.82275199890137 4.436159998178482 1.2
    endloop
  endfacet
  facet normal 0 0 1
    outer loop
      vertex 42.79670400172472 5.052447997033596 1.2
      vertex 41.16921599954367 7.057535998523235 1.2
      vertex 42.80321600288153 4.80290400236845 1.2
    endloop
  endfacet
  facet normal 0 0 1
    outer loop
      vertex 43.16995199769735 4 1.2
      vertex 43.897119998931885 4 1.2
      vertex 43.897119998931885 7.057535998523235 1.2
    endloop
  endfacet
  facet normal 0 0 1
    outer loop
      vertex 43.16995199769735 4 1.2
      vertex 43.897119998931885 7.057535998523235 1.2
      vertex 43.16995199769735 7.057535998523235 1.2
    endloop
  endfacet
  facet normal 0 0 1
    outer loop
      vertex 42.79670400172472 7.057535998523235 1.2
      vertex 41.16921599954367 7.057535998523235 1.2
      vertex 42.79670400172472 5.052447997033596 1.2
    endloop
  endfacet
  facet normal 0 0 1
    outer loop
      vertex 44.31158400326967 4.338527999818325 1.2
      vertex 46.0866239964962 5.403999999165535 1.2
      vertex 44.31158400326967 5.403999999165535 1.2
    endloop
  endfacet
  facet normal 0 0 1
    outer loop
      vertex 44.31158400326967 5.738176003098488 1.2
      vertex 46.0866239964962 5.738176003098488 1.2
      vertex 44.31158400326967 6.71900799870491 1.2
    endloop
  endfacet
  facet normal 0 0 1
    outer loop
      vertex 44.31158400326967 4.338527999818325 1.2
      vertex 46.30579199641943 4.338527999818325 1.2
      vertex 46.0866239964962 5.403999999165535 1.2
    endloop
  endfacet
  facet normal 0 0 1
    outer loop
      vertex 46.30579199641943 4 1.2
      vertex 46.861536003649235 4 1.2
      vertex 46.30579199641943 4.338527999818325 1.2
    endloop
  endfacet
  facet normal 0 0 1
    outer loop
      vertex 46.0866239964962 5.403999999165535 1.2
      vertex 46.30579199641943 4.338527999818325 1.2
      vertex 46.861536003649235 4 1.2
    endloop
  endfacet
  facet normal 0 0 1
    outer loop
      vertex 46.861536003649235 7.057535998523235 1.2
      vertex 46.0866239964962 5.403999999165535 1.2
      vertex 46.861536003649235 4 1.2
    endloop
  endfacet
  facet normal 0 0 1
    outer loop
      vertex 46.0866239964962 5.403999999165535 1.2
      vertex 46.861536003649235 7.057535998523235 1.2
      vertex 46.0866239964962 5.738176003098488 1.2
    endloop
  endfacet
  facet normal 0 0 1
    outer loop
      vertex 46.0866239964962 5.738176003098488 1.2
      vertex 46.216831997036934 6.71900799870491 1.2
      vertex 44.31158400326967 6.71900799870491 1.2
    endloop
  endfacet
  facet normal 0 0 1
    outer loop
      vertex 46.861536003649235 7.057535998523235 1.2
      vertex 46.216831997036934 6.71900799870491 1.2
      vertex 46.0866239964962 5.738176003098488 1.2
    endloop
  endfacet
  facet normal 0 0 1
    outer loop
      vertex 46.861536003649235 7.057535998523235 1.2
      vertex 46.216831997036934 7.057535998523235 1.2
      vertex 46.216831997036934 6.71900799870491 1.2
    endloop
  endfacet
  facet normal 0 0 1
    outer loop
      vertex 47.230431996285915 4 1.2
      vertex 48.20908799767494 4 1.2
      vertex 47.40835200250149 6.083200000226498 1.2
    endloop
  endfacet
  facet normal 0 0 1
    outer loop
      vertex 47.230431996285915 4 1.2
      vertex 47.40835200250149 6.083200000226498 1.2
      vertex 47.230431996285915 6.039807997643948 1.2
    endloop
  endfacet
  facet normal 0 0 1
    outer loop
      vertex 48.35664000362158 4.451360002160072 1.2
      vertex 48.38350400328636 4.560680001974106 1.2
      vertex 48.336832001805305 4.536792002618313 1.2
    endloop
  endfacet
  facet normal 0 0 1
    outer loop
      vertex 48.38350400328636 4.560680001974106 1.2
      vertex 48.303456000983715 4.662912003695965 1.2
      vertex 48.336832001805305 4.536792002618313 1.2
    endloop
  endfacet
  facet normal 0 0 1
    outer loop
      vertex 48.42934399843216 4.715007998049259 1.2
      vertex 48.303456000983715 4.662912003695965 1.2
      vertex 48.38350400328636 4.560680001974106 1.2
    endloop
  endfacet
  facet normal 0 0 1
    outer loop
      vertex 48.303456000983715 4.662912003695965 1.2
      vertex 48.42934399843216 4.715007998049259 1.2
      vertex 48.26251199841499 4.8047920018434525 1.2
    endloop
  endfacet
  facet normal 0 0 1
    outer loop
      vertex 48.47572799772024 4.859048001468182 1.2
      vertex 48.26251199841499 4.8047920018434525 1.2
      vertex 48.42934399843216 4.715007998049259 1.2
    endloop
  endfacet
  facet normal 0 0 1
    outer loop
      vertex 48.26251199841499 4.8047920018434525 1.2
      vertex 48.47572799772024 4.859048001468182 1.2
      vertex 48.21993599832058 4.937440000474453 1.2
    endloop
  endfacet
  facet normal 0 0 1
    outer loop
      vertex 48.5042240023613 4.937440000474453 1.2
      vertex 48.21993599832058 4.937440000474453 1.2
      vertex 48.47572799772024 4.859048001468182 1.2
    endloop
  endfacet
  facet normal 0 0 1
    outer loop
      vertex 48.499871999025345 4 1.2
      vertex 49.46118400245905 4 1.2
      vertex 49.28976000100374 6.083200000226498 1.2
    endloop
  endfacet
  facet normal 0 0 1
    outer loop
      vertex 48.21993599832058 4.937440000474453 1.2
      vertex 48.5042240023613 4.937440000474453 1.2
      vertex 47.40617600083351 7.057535998523235 1.2
    endloop
  endfacet
  facet normal 0 0 1
    outer loop
      vertex 47.230431996285915 6.039807997643948 1.2
      vertex 47.40835200250149 6.083200000226498 1.2
      vertex 47.28684800118208 6.452096000313759 1.2
    endloop
  endfacet
  facet normal 0 0 1
    outer loop
      vertex 47.230431996285915 6.039807997643948 1.2
      vertex 47.28684800118208 6.452096000313759 1.2
      vertex 47.22172799706459 6.4499199986457825 1.2
    endloop
  endfacet
  facet normal 0 0 1
    outer loop
      vertex 47.22172799706459 6.4499199986457825 1.2
      vertex 47.28684800118208 6.452096000313759 1.2
      vertex 47.215231999754906 6.6908160001039505 1.2
    endloop
  endfacet
  facet normal 0 0 1
    outer loop
      vertex 49.302784003317356 7.057535998523235 1.2
      vertex 47.40617600083351 7.057535998523235 1.2
      vertex 48.5042240023613 4.937440000474453 1.2
    endloop
  endfacet
  facet normal 0 0 1
    outer loop
      vertex 49.83443199843168 4 1.2
      vertex 50.20790400356054 4 1.2
      vertex 49.83443199843168 7.057535998523235 1.2
    endloop
  endfacet
  facet normal 0 0 1
    outer loop
      vertex 49.46118400245905 6.039807997643948 1.2
      vertex 49.28976000100374 6.083200000226498 1.2
      vertex 49.46118400245905 4 1.2
    endloop
  endfacet
  facet normal 0 0 1
    outer loop
      vertex 51.45564799755812 7.057535998523235 1.2
      vertex 49.83443199843168 7.057535998523235 1.2
      vertex 50.20790400356054 4 1.2
    endloop
  endfacet
  facet normal 0 0 1
    outer loop
      vertex 50.63756799697876 4 1.2
      vertex 52.731615997850895 4 1.2
      vertex 50.9891199991107 4.894047997891903 1.2
    endloop
  endfacet
  facet normal 0 0 1
    outer loop
      vertex 51.11497599631548 5.217376001179218 1.2
      vertex 52.25856000185013 5.217376001179218 1.2
      vertex 51.865791998803616 6.226432003080845 1.2
    endloop
  endfacet
  facet normal 0 0 1
    outer loop
      vertex 51.505567997694016 6.222079999744892 1.2
      vertex 51.11497599631548 5.217376001179218 1.2
      vertex 51.865791998803616 6.226432003080845 1.2
    endloop
  endfacet
  facet normal 0 0 1
    outer loop
      vertex 49.28976000100374 6.083200000226498 1.2
      vertex 49.46118400245905 6.039807997643948 1.2
      vertex 49.379799999296665 6.34468799829483 1.2
    endloop
  endfacet
  facet normal 0 0 1
    outer loop
      vertex 49.466063998639584 6.371823996305466 1.2
      vertex 49.379799999296665 6.34468799829483 1.2
      vertex 49.46118400245905 6.039807997643948 1.2
    endloop
  endfacet
  facet normal 0 0 1
    outer loop
      vertex 49.379799999296665 6.34468799829483 1.2
      vertex 49.466063998639584 6.371823996305466 1.2
      vertex 49.48070400208235 6.6908160001039505 1.2
    endloop
  endfacet
  facet normal 0 0 1
    outer loop
      vertex 51.505567997694016 6.222079999744892 1.2
      vertex 51.865791998803616 6.226432003080845 1.2
      vertex 51.80503199994564 6.385920003056526 1.2
    endloop
  endfacet
  facet normal 0 0 1
    outer loop
      vertex 51.598880000412464 6.47868800163269 1.2
      vertex 51.505567997694016 6.222079999744892 1.2
      vertex 51.74428799748421 6.564928002655506 1.2
    endloop
  endfacet
  facet normal 0 0 1
    outer loop
      vertex 51.80503199994564 6.385920003056526 1.2
      vertex 51.74428799748421 6.564928002655506 1.2
      vertex 51.505567997694016 6.222079999744892 1.2
    endloop
  endfacet
  facet normal 0 0 1
    outer loop
      vertex 51.666143998503685 6.684288002550602 1.2
      vertex 51.598880000412464 6.47868800163269 1.2
      vertex 51.74428799748421 6.564928002655506 1.2
    endloop
  endfacet
  facet normal 0 0 1
    outer loop
      vertex 51.68569599837065 6.745056003332138 1.2
      vertex 51.666143998503685 6.684288002550602 1.2
      vertex 51.74428799748421 6.564928002655506 1.2
    endloop
  endfacet
  facet normal 0 0 1
    outer loop
      vertex 39 16 1.2
      vertex 48.69098300486803 16.048943482339382 1.2
      vertex 39.95105651766062 16.69098300486803 1.2
    endloop
  endfacet
  facet normal 0 0 1
    outer loop
      vertex 25.616039998829365 13.82192000001669 1.2
      vertex 54.365620002150536 13.82192000001669 1.2
      vertex 49 16 1.2
    endloop
  endfacet
  facet normal 0 0 1
    outer loop
      vertex 43.16995199769735 7.057535998523235 1.2
      vertex 54.365620002150536 13.82192000001669 1.2
      vertex 42.79670400172472 7.057535998523235 1.2
    endloop
  endfacet
  facet normal 0 0 1
    outer loop
      vertex 43.16995199769735 7.057535998523235 1.2
      vertex 43.897119998931885 7.057535998523235 1.2
      vertex 54.365620002150536 13.82192000001669 1.2
    endloop
  endfacet
  facet normal 0 0 1
    outer loop
      vertex 46.216831997036934 7.057535998523235 1.2
      vertex 54.365620002150536 13.82192000001669 1.2
      vertex 43.897119998931885 7.057535998523235 1.2
    endloop
  endfacet
  facet normal 0 0 1
    outer loop
      vertex 46.216831997036934 7.057535998523235 1.2
      vertex 46.861536003649235 7.057535998523235 1.2
      vertex 54.365620002150536 13.82192000001669 1.2
    endloop
  endfacet
  facet normal 0 0 1
    outer loop
      vertex 47.40617600083351 7.057535998523235 1.2
      vertex 49.302784003317356 7.057535998523235 1.2
      vertex 54.365620002150536 13.203479997813702 1.2
    endloop
  endfacet
  facet normal 0 0 1
    outer loop
      vertex 47.40617600083351 7.057535998523235 1.2
      vertex 54.365620002150536 13.82192000001669 1.2
      vertex 46.861536003649235 7.057535998523235 1.2
    endloop
  endfacet
  facet normal 0 0 1
    outer loop
      vertex 49.83443199843168 7.057535998523235 1.2
      vertex 54.365620002150536 13.203479997813702 1.2
      vertex 49.302784003317356 7.057535998523235 1.2
    endloop
  endfacet
  facet normal 0 0 1
    outer loop
      vertex 50.9891199991107 4.894047997891903 1.2
      vertex 52.731615997850895 4 1.2
      vertex 52.38223999738693 4.894047997891903 1.2
    endloop
  endfacet
  facet normal 0 0 1
    outer loop
      vertex 54.49177599698305 4.3320000022649765 1.2
      vertex 53.15478400141001 4 1.2
      vertex 54.49177599698305 4 1.2
    endloop
  endfacet
  facet normal 0 0 1
    outer loop
      vertex 53.15478400141001 4 1.2
      vertex 54.49177599698305 4.3320000022649765 1.2
      vertex 54.58073599636555 6.191711999475956 1.2
    endloop
  endfacet
  facet normal 0 0 1
    outer loop
      vertex 53.15478400141001 4 1.2
      vertex 54.58073599636555 6.191711999475956 1.2
      vertex 51.92655999958515 7.057535998523235 1.2
    endloop
  endfacet
  facet normal 0 0 1
    outer loop
      vertex 54.58073599636555 6.560607999563217 1.2
      vertex 51.92655999958515 7.057535998523235 1.2
      vertex 54.58073599636555 6.191711999475956 1.2
    endloop
  endfacet
  facet normal 0 0 1
    outer loop
      vertex 55.303360000252724 7.057535998523235 1.2
      vertex 51.92655999958515 7.057535998523235 1.2
      vertex 54.58073599636555 6.560607999563217 1.2
    endloop
  endfacet
  facet normal 0 0 1
    outer loop
      vertex 51.92655999958515 7.057535998523235 1.2
      vertex 55.303360000252724 7.057535998523235 1.2
      vertex 55.59978000074625 10 1.2
    endloop
  endfacet
  facet normal 0 0 1
    outer loop
      vertex 55.27078399807215 4.3320000022649765 1.2
      vertex 54.58073599636555 6.191711999475956 1.2
      vertex 54.49177599698305 4.3320000022649765 1.2
    endloop
  endfacet
  facet normal 0 0 1
    outer loop
      vertex 54.58073599636555 6.191711999475956 1.2
      vertex 55.27078399807215 4.3320000022649765 1.2
      vertex 55.27078399807215 6.684288002550602 1.2
    endloop
  endfacet
  facet normal 0 0 1
    outer loop
      vertex 56.40787199884653 4.3320000022649765 1.2
      vertex 55.663584001362324 7.057535998523235 1.2
      vertex 55.663584001362324 4.3320000022649765 1.2
    endloop
  endfacet
  facet normal 0 0 1
    outer loop
      vertex 56.40787199884653 4.3320000022649765 1.2
      vertex 56.82249599695206 5.00688000023365 1.2
      vertex 55.663584001362324 7.057535998523235 1.2
    endloop
  endfacet
  facet normal 0 0 1
    outer loop
      vertex 56.82249599695206 5.354079999029636 1.2
      vertex 55.663584001362324 7.057535998523235 1.2
      vertex 56.82249599695206 5.00688000023365 1.2
    endloop
  endfacet
  facet normal 0 0 1
    outer loop
      vertex 57.907488003373146 5.354079999029636 1.2
      vertex 55.663584001362324 7.057535998523235 1.2
      vertex 56.82249599695206 5.354079999029636 1.2
    endloop
  endfacet
  facet normal 0 0 1
    outer loop
      vertex 55.663584001362324 7.057535998523235 1.2
      vertex 55.59978000074625 10 1.2
      vertex 55.303360000252724 7.057535998523235 1.2
    endloop
  endfacet
  facet normal 0 0 1
    outer loop
      vertex 55.663584001362324 7.057535998523235 1.2
      vertex 59.25516799837351 7.057535998523235 1.2
      vertex 55.59978000074625 10 1.2
    endloop
  endfacet
  facet normal 0 0 1
    outer loop
      vertex 61.08678399771452 4.143232002854347 1.2
      vertex 60.359679996967316 4 1.2
      vertex 61.390575997531414 4.003264002501965 1.2
    endloop
  endfacet
  facet normal 0 0 1
    outer loop
      vertex 61.390575997531414 4.003264002501965 1.2
      vertex 60.359679996967316 4 1.2
      vertex 61.77683199942112 3.95660799741745 1.2
    endloop
  endfacet
  facet normal 0 0 1
    outer loop
      vertex 56.40787199884653 4 1.2
      vertex 58.44358400255442 4.3320000022649765 1.2
      vertex 56.40787199884653 4.3320000022649765 1.2
    endloop
  endfacet
  facet normal 0 0 1
    outer loop
      vertex 56.82249599695206 5.00688000023365 1.2
      vertex 56.40787199884653 4.3320000022649765 1.2
      vertex 58.44358400255442 4.3320000022649765 1.2
    endloop
  endfacet
  facet normal 0 0 1
    outer loop
      vertex 56.40787199884653 4 1.2
      vertex 58.44358400255442 4 1.2
      vertex 58.44358400255442 4.3320000022649765 1.2
    endloop
  endfacet
  facet normal 0 0 1
    outer loop
      vertex 56.82249599695206 5.00688000023365 1.2
      vertex 58.44358400255442 4.3320000022649765 1.2
      vertex 57.907488003373146 5.00688000023365 1.2
    endloop
  endfacet
  facet normal 0 0 1
    outer loop
      vertex 57.907488003373146 5.00688000023365 1.2
      vertex 58.44358400255442 4.3320000022649765 1.2
      vertex 57.907488003373146 5.354079999029636 1.2
    endloop
  endfacet
  facet normal 0 0 1
    outer loop
      vertex 59.22259200364351 4.3320000022649765 1.2
      vertex 57.907488003373146 5.354079999029636 1.2
      vertex 58.44358400255442 4.3320000022649765 1.2
    endloop
  endfacet
  facet normal 0 0 1
    outer loop
      vertex 57.907488003373146 5.354079999029636 1.2
      vertex 59.22259200364351 4.3320000022649765 1.2
      vertex 58.53254400193691 6.191711999475956 1.2
    endloop
  endfacet
  facet normal 0 0 1
    outer loop
      vertex 59.22259200364351 6.684288002550602 1.2
      vertex 58.53254400193691 6.191711999475956 1.2
      vertex 59.22259200364351 4.3320000022649765 1.2
    endloop
  endfacet
  facet normal 0 0 1
    outer loop
      vertex 57.907488003373146 5.354079999029636 1.2
      vertex 58.53254400193691 6.191711999475956 1.2
      vertex 55.663584001362324 7.057535998523235 1.2
    endloop
  endfacet
  facet normal 0 0 1
    outer loop
      vertex 58.53254400193691 6.560607999563217 1.2
      vertex 55.663584001362324 7.057535998523235 1.2
      vertex 58.53254400193691 6.191711999475956 1.2
    endloop
  endfacet
  facet normal 0 0 1
    outer loop
      vertex 59.25516799837351 7.057535998523235 1.2
      vertex 55.663584001362324 7.057535998523235 1.2
      vertex 58.53254400193691 6.560607999563217 1.2
    endloop
  endfacet
  facet normal 0 0 1
    outer loop
      vertex 55.59978000074625 10 1.2
      vertex 59.25516799837351 7.057535998523235 1.2
      vertex 59.61539199948311 7.057535998523235 1.2
    endloop
  endfacet
  facet normal 0 0 1
    outer loop
      vertex 55.59978000074625 10 1.2
      vertex 59.61539199948311 7.057535998523235 1.2
      vertex 60.94572799652815 7.057535998523235 1.2
    endloop
  endfacet
  facet normal 0 0 1
    outer loop
      vertex 60.359679996967316 4 1.2
      vertex 60.872504003345966 4.3716240003705025 1.2
      vertex 60.359679996967316 4.3320000022649765 1.2
    endloop
  endfacet
  facet normal 0 0 1
    outer loop
      vertex 60.359679996967316 4 1.2
      vertex 61.08678399771452 4.143232002854347 1.2
      vertex 60.872504003345966 4.3716240003705025 1.2
    endloop
  endfacet
  facet normal 0 0 1
    outer loop
      vertex 60.754784002900124 4.683551996946335 1.2
      vertex 60.359679996967316 4.3320000022649765 1.2
      vertex 60.872504003345966 4.3716240003705025 1.2
    endloop
  endfacet
  facet normal 0 0 1
    outer loop
      vertex 60.359679996967316 4.3320000022649765 1.2
      vertex 59.61539199948311 7.057535998523235 1.2
      vertex 59.61539199948311 4.3320000022649765 1.2
    endloop
  endfacet
  facet normal 0 0 1
    outer loop
      vertex 60.359679996967316 4.3320000022649765 1.2
      vertex 60.754784002900124 4.683551996946335 1.2
      vertex 59.61539199948311 7.057535998523235 1.2
    endloop
  endfacet
  facet normal 0 0 1
    outer loop
      vertex 61.14972800016403 4.729120001196861 1.2
      vertex 59.61539199948311 7.057535998523235 1.2
      vertex 60.754784002900124 4.683551996946335 1.2
    endloop
  endfacet
  facet normal 0 0 1
    outer loop
      vertex 61.14972800016403 4.729120001196861 1.2
      vertex 60.84374400228262 5.412671998143196 1.2
      vertex 59.61539199948311 7.057535998523235 1.2
    endloop
  endfacet
  facet normal 0 0 1
    outer loop
      vertex 61.37052000313997 4.388967998325825 1.2
      vertex 61.785535998642445 4.275583997368813 1.2
      vertex 61.14972800016403 4.729120001196861 1.2
    endloop
  endfacet
  facet normal 0 0 1
    outer loop
      vertex 61.785535998642445 4.275583997368813 1.2
      vertex 62.41157600283623 4.690863996744156 1.2
      vertex 61.14972800016403 4.729120001196861 1.2
    endloop
  endfacet
  facet normal 0 0 1
    outer loop
      vertex 62.06599199771881 4.323048003017902 1.2
      vertex 62.41157600283623 4.690863996744156 1.2
      vertex 61.785535998642445 4.275583997368813 1.2
    endloop
  endfacet
  facet normal 0 0 1
    outer loop
      vertex 62.456064000725746 4.987360000610352 1.2
      vertex 61.14972800016403 4.729120001196861 1.2
      vertex 62.41157600283623 4.690863996744156 1.2
    endloop
  endfacet
  facet normal 0 0 1
    outer loop
      vertex 62.411303997039795 5.248296000063419 1.2
      vertex 61.14972800016403 4.729120001196861 1.2
      vertex 62.456064000725746 4.987360000610352 1.2
    endloop
  endfacet
  facet normal 0 0 1
    outer loop
      vertex 60.84374400228262 5.412671998143196 1.2
      vertex 61.14972800016403 4.729120001196861 1.2
      vertex 61.225663997232914 5.412671998143196 1.2
    endloop
  endfacet
  facet normal 0 0 1
    outer loop
      vertex 61.225663997232914 5.412671998143196 1.2
      vertex 61.14972800016403 4.729120001196861 1.2
      vertex 61.36236800253391 5.514664001762867 1.2
    endloop
  endfacet
  facet normal 0 0 1
    outer loop
      vertex 61.36236800253391 5.514664001762867 1.2
      vertex 61.14972800016403 4.729120001196861 1.2
      vertex 61.49907200038433 5.581919997930527 1.2
    endloop
  endfacet
  facet normal 0 0 1
    outer loop
      vertex 61.49907200038433 5.581919997930527 1.2
      vertex 61.14972800016403 4.729120001196861 1.2
      vertex 61.64122399687767 5.619359999895096 1.2
    endloop
  endfacet
  facet normal 0 0 1
    outer loop
      vertex 61.64122399687767 5.619359999895096 1.2
      vertex 61.14972800016403 4.729120001196861 1.2
      vertex 61.794207997620106 5.631839998066425 1.2
    endloop
  endfacet
  facet normal 0 0 1
    outer loop
      vertex 61.794207997620106 5.631839998066425 1.2
      vertex 61.14972800016403 4.729120001196861 1.2
      vertex 62.06681600213051 5.587352000176907 1.2
    endloop
  endfacet
  facet normal 0 0 1
    outer loop
      vertex 62.06681600213051 5.587352000176907 1.2
      vertex 61.14972800016403 4.729120001196861 1.2
      vertex 62.2770240008831 5.45388799905777 1.2
    endloop
  endfacet
  facet normal 0 0 1
    outer loop
      vertex 62.2770240008831 5.45388799905777 1.2
      vertex 61.14972800016403 4.729120001196861 1.2
      vertex 62.411303997039795 5.248296000063419 1.2
    endloop
  endfacet
  facet normal 0 0 1
    outer loop
      vertex 60.94572799652815 7.057535998523235 1.2
      vertex 59.61539199948311 7.057535998523235 1.2
      vertex 60.84374400228262 5.412671998143196 1.2
    endloop
  endfacet
  facet normal 0 0 1
    outer loop
      vertex 61.52784000337124 5.901992000639439 1.2
      vertex 61.30160000175238 6.725536003708839 1.2
      vertex 61.24300800263882 5.75552000105381 1.2
    endloop
  endfacet
  facet normal 0 0 1
    outer loop
      vertex 61.87449599802494 5.950815998017788 1.2
      vertex 61.30160000175238 6.725536003708839 1.2
      vertex 61.52784000337124 5.901992000639439 1.2
    endloop
  endfacet
  facet normal 0 0 1
    outer loop
      vertex 61.87449599802494 5.950815998017788 1.2
      vertex 62.68390399962664 6.725536003708839 1.2
      vertex 61.30160000175238 6.725536003708839 1.2
    endloop
  endfacet
  facet normal 0 0 1
    outer loop
      vertex 49.83443199843168 7.057535998523235 1.2
      vertex 51.45564799755812 7.057535998523235 1.2
      vertex 54.365620002150536 13.203479997813702 1.2
    endloop
  endfacet
  facet normal 0 0 1
    outer loop
      vertex 51.92655999958515 7.057535998523235 1.2
      vertex 54.365620002150536 13.203479997813702 1.2
      vertex 51.45564799755812 7.057535998523235 1.2
    endloop
  endfacet
  facet normal 0 0 1
    outer loop
      vertex 51.92655999958515 7.057535998523235 1.2
      vertex 55.59978000074625 10 1.2
      vertex 54.365620002150536 13.203479997813702 1.2
    endloop
  endfacet
  facet normal 0 0 1
    outer loop
      vertex 47.40617600083351 7.057535998523235 1.2
      vertex 54.365620002150536 13.203479997813702 1.2
      vertex 54.365620002150536 13.82192000001669 1.2
    endloop
  endfacet
  facet normal 0 0 1
    outer loop
      vertex 54.365620002150536 13.203479997813702 1.2
      vertex 55.59978000074625 10 1.2
      vertex 55.59978000074625 13.203479997813702 1.2
    endloop
  endfacet
  facet normal 0 0 1
    outer loop
      vertex 56.39998000115156 10 1.2
      vertex 57.63690000027418 13.203479997813702 1.2
      vertex 56.39998000115156 13.203479997813702 1.2
    endloop
  endfacet
  facet normal 0 0 1
    outer loop
      vertex 49 16 1.2
      vertex 54.365620002150536 13.82192000001669 1.2
      vertex 57.63690000027418 13.82192000001669 1.2
    endloop
  endfacet
  facet normal 0 0 1
    outer loop
      vertex 49 16 1.2
      vertex 57.63690000027418 13.82192000001669 1.2
      vertex 63 16 1.2
    endloop
  endfacet
  facet normal 0 0 1
    outer loop
      vertex 55.59978000074625 10 1.2
      vertex 60.94572799652815 7.057535998523235 1.2
      vertex 56.39998000115156 10 1.2
    endloop
  endfacet
  facet normal 0 0 1
    outer loop
      vertex 56.39998000115156 10 1.2
      vertex 60.94572799652815 7.057535998523235 1.2
      vertex 68.2539199963212 11.336736001074314 1.2
    endloop
  endfacet
  facet normal 0 0 1
    outer loop
      vertex 56.39998000115156 10 1.2
      vertex 68.3602240011096 13.057535998523235 1.2
      vertex 57.63690000027418 13.203479997813702 1.2
    endloop
  endfacet
  facet normal 0 0 1
    outer loop
      vertex 57.63690000027418 13.203479997813702 1.2
      vertex 70.1982399970293 13.057535998523235 1.2
      vertex 57.63690000027418 13.82192000001669 1.2
    endloop
  endfacet
  facet normal 0 0 1
    outer loop
      vertex 39.95105651766062 16.69098300486803 1.2
      vertex 48 17 1.2
      vertex 40 17 1.2
    endloop
  endfacet
  facet normal 0 0 1
    outer loop
      vertex 39.95105651766062 16.69098300486803 1.2
      vertex 48.69098300486803 16.048943482339382 1.2
      vertex 48 17 1.2
    endloop
  endfacet
  facet normal 0 0 1
    outer loop
      vertex 40 17 1.2
      vertex 48 17 1.2
      vertex 48 53 1.2
    endloop
  endfacet
  facet normal 0 0 1
    outer loop
      vertex 72 0 1.2
      vertex 58.44358400255442 4 1.2
      vertex 56.40787199884653 4 1.2
    endloop
  endfacet
  facet normal 0 0 1
    outer loop
      vertex 72 0 1.2
      vertex 60.359679996967316 4 1.2
      vertex 58.44358400255442 4 1.2
    endloop
  endfacet
  facet normal 0 0 1
    outer loop
      vertex 72 0 1.2
      vertex 61.77683199942112 3.95660799741745 1.2
      vertex 60.359679996967316 4 1.2
    endloop
  endfacet
  facet normal 0 0 1
    outer loop
      vertex 72 0 1.2
      vertex 62.23117599636316 4.026047997176647 1.2
      vertex 61.77683199942112 3.95660799741745 1.2
    endloop
  endfacet
  facet normal 0 0 1
    outer loop
      vertex 72 0 1.2
      vertex 62.57430399954319 4.234367996454239 1.2
      vertex 62.23117599636316 4.026047997176647 1.2
    endloop
  endfacet
  facet normal 0 0 1
    outer loop
      vertex 72 0 1.2
      vertex 62.78996799886227 4.563663996756077 1.2
      vertex 62.57430399954319 4.234367996454239 1.2
    endloop
  endfacet
  facet normal 0 0 1
    outer loop
      vertex 72 0 1.2
      vertex 62.86185599863529 4.996031999588013 1.2
      vertex 62.78996799886227 4.563663996756077 1.2
    endloop
  endfacet
  facet normal 0 0 1
    outer loop
      vertex 62.27811200171709 4.46543999761343 1.2
      vertex 62.41157600283623 4.690863996744156 1.2
      vertex 62.06599199771881 4.323048003017902 1.2
    endloop
  endfacet
  facet normal 0 0 1
    outer loop
      vertex 62.280015997588634 5.884631998836994 1.2
      vertex 62.68390399962664 6.725536003708839 1.2
      vertex 61.87449599802494 5.950815998017788 1.2
    endloop
  endfacet
  facet normal 0 0 1
    outer loop
      vertex 62.59385599941015 5.686080001294613 1.2
      vertex 62.68390399962664 6.725536003708839 1.2
      vertex 62.280015997588634 5.884631998836994 1.2
    endloop
  endfacet
  facet normal 0 0 1
    outer loop
      vertex 62.59385599941015 5.686080001294613 1.2
      vertex 68.50671999901533 10.163840003311634 1.2
      vertex 62.68390399962664 6.725536003708839 1.2
    endloop
  endfacet
  facet normal 0 0 1
    outer loop
      vertex 62.68390399962664 6.725536003708839 1.2
      vertex 68.50671999901533 10.163840003311634 1.2
      vertex 62.68390399962664 7.057535998523235 1.2
    endloop
  endfacet
  facet normal 0 0 1
    outer loop
      vertex 62.86185599863529 4.996031999588013 1.2
      vertex 69.24342399835587 9.95660799741745 1.2
      vertex 62.79485599696636 5.38120000064373 1.2
    endloop
  endfacet
  facet normal 0 0 1
    outer loop
      vertex 62.79485599696636 5.38120000064373 1.2
      vertex 69.24342399835587 9.95660799741745 1.2
      vertex 62.59385599941015 5.686080001294613 1.2
    endloop
  endfacet
  facet normal 0 0 1
    outer loop
      vertex 72 0 1.2
      vertex 69.24342399835587 9.95660799741745 1.2
      vertex 62.86185599863529 4.996031999588013 1.2
    endloop
  endfacet
  facet normal 0 0 1
    outer loop
      vertex 72 0 1.2
      vertex 69.71457599848509 10.028488002717495 1.2
      vertex 69.24342399835587 9.95660799741745 1.2
    endloop
  endfacet
  facet normal 0 0 1
    outer loop
      vertex 72 0 1.2
      vertex 70.07344000041485 10.244128003716469 1.2
      vertex 69.71457599848509 10.028488002717495 1.2
    endloop
  endfacet
  facet normal 0 0 1
    outer loop
      vertex 72 0 1.2
      vertex 70.30048000067472 10.581288002431393 1.2
      vertex 70.07344000041485 10.244128003716469 1.2
    endloop
  endfacet
  facet normal 0 0 1
    outer loop
      vertex 72 0 1.2
      vertex 70.37616000324488 11.017728000879288 1.2
      vertex 70.30048000067472 10.581288002431393 1.2
    endloop
  endfacet
  facet normal 0 0 1
    outer loop
      vertex 62.68390399962664 7.057535998523235 1.2
      vertex 68.16492799669504 10.76383999735117 1.2
      vertex 60.94572799652815 7.057535998523235 1.2
    endloop
  endfacet
  facet normal 0 0 1
    outer loop
      vertex 56.39998000115156 10 1.2
      vertex 68.2539199963212 11.336736001074314 1.2
      vertex 68.3602240011096 13.057535998523235 1.2
    endloop
  endfacet
  facet normal 0 0 1
    outer loop
      vertex 60.94572799652815 7.057535998523235 1.2
      vertex 68.16492799669504 10.76383999735117 1.2
      vertex 68.2539199963212 11.336736001074314 1.2
    endloop
  endfacet
  facet normal 0 0 1
    outer loop
      vertex 68.50671999901533 10.163840003311634 1.2
      vertex 62.59385599941015 5.686080001294613 1.2
      vertex 68.82923199981451 10.00841599702835 1.2
    endloop
  endfacet
  facet normal 0 0 1
    outer loop
      vertex 68.82923199981451 10.00841599702835 1.2
      vertex 62.59385599941015 5.686080001294613 1.2
      vertex 69.24342399835587 9.95660799741745 1.2
    endloop
  endfacet
  facet normal 0 0 1
    outer loop
      vertex 68.16492799669504 10.76383999735117 1.2
      vertex 62.68390399962664 7.057535998523235 1.2
      vertex 68.28293599933386 10.41745600104332 1.2
    endloop
  endfacet
  facet normal 0 0 1
    outer loop
      vertex 68.28293599933386 10.41745600104332 1.2
      vertex 62.68390399962664 7.057535998523235 1.2
      vertex 68.50671999901533 10.163840003311634 1.2
    endloop
  endfacet
  facet normal 0 0 1
    outer loop
      vertex 63 16 1.2
      vertex 57.63690000027418 13.82192000001669 1.2
      vertex 70.1982399970293 13.057535998523235 1.2
    endloop
  endfacet
  facet normal 0 0 1
    outer loop
      vertex 57.63690000027418 13.203479997813702 1.2
      vertex 68.3602240011096 13.057535998523235 1.2
      vertex 70.1982399970293 13.057535998523235 1.2
    endloop
  endfacet
  facet normal 0 0 1
    outer loop
      vertex 63 16 1.2
      vertex 70.1982399970293 13.057535998523235 1.2
      vertex 63.95105651766062 16.69098300486803 1.2
    endloop
  endfacet
  facet normal 0 0 1
    outer loop
      vertex 68.77471999824047 10.813759997487068 1.2
      vertex 68.2539199963212 11.336736001074314 1.2
      vertex 68.16492799669504 10.76383999735117 1.2
    endloop
  endfacet
  facet normal 0 0 1
    outer loop
      vertex 68.2539199963212 11.336736001074314 1.2
      vertex 68.77471999824047 10.813759997487068 1.2
      vertex 68.84848000109196 11.336736001074314 1.2
    endloop
  endfacet
  facet normal 0 0 1
    outer loop
      vertex 68.94393599778414 10.52947200089693 1.2
      vertex 68.84848000109196 11.336736001074314 1.2
      vertex 68.84087999910116 10.6450399979949 1.2
    endloop
  endfacet
  facet normal 0 0 1
    outer loop
      vertex 69.08120000362396 10.462751999497414 1.2
      vertex 68.84848000109196 11.336736001074314 1.2
      vertex 68.94393599778414 10.52947200089693 1.2
    endloop
  endfacet
  facet normal 0 0 1
    outer loop
      vertex 68.84087999910116 10.6450399979949 1.2
      vertex 68.84848000109196 11.336736001074314 1.2
      vertex 68.77471999824047 10.813759997487068 1.2
    endloop
  endfacet
  facet normal 0 0 1
    outer loop
      vertex 69.24992000311613 10.440512001514435 1.2
      vertex 68.84848000109196 11.336736001074314 1.2
      vertex 69.08120000362396 10.462751999497414 1.2
    endloop
  endfacet
  facet normal 0 0 1
    outer loop
      vertex 69.45472799986601 10.476856000721455 1.2
      vertex 68.84848000109196 11.336736001074314 1.2
      vertex 69.24992000311613 10.440512001514435 1.2
    endloop
  endfacet
  facet normal 0 0 1
    outer loop
      vertex 69.61340799927711 10.585887998342514 1.2
      vertex 68.84848000109196 11.336736001074314 1.2
      vertex 69.45472799986601 10.476856000721455 1.2
    endloop
  endfacet
  facet normal 0 0 1
    outer loop
      vertex 68.84848000109196 11.336736001074314 1.2
      vertex 69.61340799927711 10.585887998342514 1.2
      vertex 69.71512000262737 10.763296000659466 1.2
    endloop
  endfacet
  facet normal 0 0 1
    outer loop
      vertex 68.84848000109196 11.336736001074314 1.2
      vertex 69.71512000262737 10.763296000659466 1.2
      vertex 69.74902399629354 11.004703998565674 1.2
    endloop
  endfacet
  facet normal 0 0 1
    outer loop
      vertex 68.84848000109196 11.336736001074314 1.2
      vertex 69.26294399797916 11.534175999462605 1.2
      vertex 69.0323840007186 11.484815999865532 1.2
    endloop
  endfacet
  facet normal 0 0 1
    outer loop
      vertex 68.84848000109196 11.336736001074314 1.2
      vertex 69.62099199742079 11.38985600322485 1.2
      vertex 69.46746399998665 11.498095996677876 1.2
    endloop
  endfacet
  facet normal 0 0 1
    outer loop
      vertex 68.84848000109196 11.336736001074314 1.2
      vertex 69.46746399998665 11.498095996677876 1.2
      vertex 69.26294399797916 11.534175999462605 1.2
    endloop
  endfacet
  facet normal 0 0 1
    outer loop
      vertex 68.86367999762297 11.831487998366356 1.2
      vertex 69.11268799751997 11.977959997951984 1.2
      vertex 68.91359999775887 12.604000002145767 1.2
    endloop
  endfacet
  facet normal 0 0 1
    outer loop
      vertex 68.84848000109196 11.336736001074314 1.2
      vertex 69.74902399629354 11.004703998565674 1.2
      vertex 69.71701599657536 11.221423998475075 1.2
    endloop
  endfacet
  facet normal 0 0 1
    outer loop
      vertex 68.84848000109196 11.336736001074314 1.2
      vertex 69.71701599657536 11.221423998475075 1.2
      vertex 69.62099199742079 11.38985600322485 1.2
    endloop
  endfacet
  facet normal 0 0 1
    outer loop
      vertex 72 0 1.2
      vertex 72 18.5 1.2
      vertex 70.37616000324488 11.017728000879288 1.2
    endloop
  endfacet
  facet normal 0 0 1
    outer loop
      vertex 70.11465600132942 11.75552000105381 1.2
      vertex 70.1982399970293 12.604000002145767 1.2
      vertex 69.80951199680567 11.958967998623848 1.2
    endloop
  endfacet
  facet normal 0 0 1
    outer loop
      vertex 69.41702400147915 12.026784002780914 1.2
      vertex 68.91359999775887 12.604000002145767 1.2
      vertex 69.11268799751997 11.977959997951984 1.2
    endloop
  endfacet
  facet normal 0 0 1
    outer loop
      vertex 69.41702400147915 12.026784002780914 1.2
      vertex 70.1982399970293 12.604000002145767 1.2
      vertex 68.91359999775887 12.604000002145767 1.2
    endloop
  endfacet
  facet normal 0 0 1
    outer loop
      vertex 69.80951199680567 11.958967998623848 1.2
      vertex 70.1982399970293 12.604000002145767 1.2
      vertex 69.41702400147915 12.026784002780914 1.2
    endloop
  endfacet
  facet normal 0 0 1
    outer loop
      vertex 72 18.5 1.2
      vertex 63.95105651766062 16.69098300486803 1.2
      vertex 70.1982399970293 13.057535998523235 1.2
    endloop
  endfacet
  facet normal 0 0 1
    outer loop
      vertex 72 18.5 1.2
      vertex 70.31078399717808 11.43545600026846 1.2
      vertex 70.37616000324488 11.017728000879288 1.2
    endloop
  endfacet
  facet normal 0 0 1
    outer loop
      vertex 72 18.5 1.2
      vertex 70.11465600132942 11.75552000105381 1.2
      vertex 70.31078399717808 11.43545600026846 1.2
    endloop
  endfacet
  facet normal 0 0 1
    outer loop
      vertex 72 18.5 1.2
      vertex 70.1982399970293 12.604000002145767 1.2
      vertex 70.11465600132942 11.75552000105381 1.2
    endloop
  endfacet
  facet normal 0 0 1
    outer loop
      vertex 72 18.5 1.2
      vertex 70.1982399970293 13.057535998523235 1.2
      vertex 70.1982399970293 12.604000002145767 1.2
    endloop
  endfacet
  facet normal 0 0 1
    outer loop
      vertex 80 0 1.2
      vertex 82.85316954553127 2.0729490146040916 1.2
      vertex 77 0 1.2
    endloop
  endfacet
  facet normal 0 0 1
    outer loop
      vertex 80 0 1.2
      vertex 81.76335575431585 0.5729490146040916 1.2
      vertex 82.85316954553127 2.0729490146040916 1.2
    endloop
  endfacet
  facet normal 0 0 1
    outer loop
      vertex 82.85316954553127 2.0729490146040916 1.2
      vertex 83 3 1.2
      vertex 77 0 1.2
    endloop
  endfacet
  facet normal 0 0 1
    outer loop
      vertex 83 3 1.2
      vertex 77 18.5 1.2
      vertex 77 0 1.2
    endloop
  endfacet
  facet normal 0 0 1
    outer loop
      vertex 72 18.5 1.2
      vertex 64 17 1.2
      vertex 63.95105651766062 16.69098300486803 1.2
    endloop
  endfacet
  facet normal 0 0 1
    outer loop
      vertex 72.0120381833195 18.7450428508239 1.2
      vertex 64 17 1.2
      vertex 72 18.5 1.2
    endloop
  endfacet
  facet normal 0 0 1
    outer loop
      vertex 72.04803679899193 18.98772580504032 1.2
      vertex 64 17 1.2
      vertex 72.0120381833195 18.7450428508239 1.2
    endloop
  endfacet
  facet normal 0 0 1
    outer loop
      vertex 72.10764916066948 19.225711693136155 1.2
      vertex 64 17 1.2
      vertex 72.04803679899193 18.98772580504032 1.2
    endloop
  endfacet
  facet normal 0 0 1
    outer loop
      vertex 72.19030116872179 19.456708580912725 1.2
      vertex 64 17 1.2
      vertex 72.10764916066948 19.225711693136155 1.2
    endloop
  endfacet
  facet normal 0 0 1
    outer loop
      vertex 72.29519683912912 19.678491842064993 1.2
      vertex 64 17 1.2
      vertex 72.19030116872179 19.456708580912725 1.2
    endloop
  endfacet
  facet normal 0 0 1
    outer loop
      vertex 72.42132596924364 19.888925582549007 1.2
      vertex 64 17 1.2
      vertex 72.29519683912912 19.678491842064993 1.2
    endloop
  endfacet
  facet normal 0 0 1
    outer loop
      vertex 72.56747386659316 20.085983210409115 1.2
      vertex 64 17 1.2
      vertex 72.42132596924364 19.888925582549007 1.2
    endloop
  endfacet
  facet normal 0 0 1
    outer loop
      vertex 72.73223304703363 20.26776695296637 1.2
      vertex 64 17 1.2
      vertex 72.56747386659316 20.085983210409115 1.2
    endloop
  endfacet
  facet normal 0 0 1
    outer loop
      vertex 72.73223304703363 20.26776695296637 1.2
      vertex 72.91401678959089 20.432526133406842 1.2
      vertex 64 17 1.2
    endloop
  endfacet
  facet normal 0 0 1
    outer loop
      vertex 64 53 1.2
      vertex 64 17 1.2
      vertex 72.91401678959089 20.432526133406842 1.2
    endloop
  endfacet
  facet normal 0 0 1
    outer loop
      vertex 64 53 1.2
      vertex 72.91401678959089 20.432526133406842 1.2
      vertex 73.111074417451 20.578674030756364 1.2
    endloop
  endfacet
  facet normal 0 0 1
    outer loop
      vertex 64 53 1.2
      vertex 73.111074417451 20.578674030756364 1.2
      vertex 73.321508157935 20.70480316087089 1.2
    endloop
  endfacet
  facet normal 0 0 1
    outer loop
      vertex 64 53 1.2
      vertex 73.321508157935 20.70480316087089 1.2
      vertex 73.54329141908728 20.80969883127822 1.2
    endloop
  endfacet
  facet normal 0 0 1
    outer loop
      vertex 64 53 1.2
      vertex 73.54329141908728 20.80969883127822 1.2
      vertex 73.77428830686384 20.892350839330522 1.2
    endloop
  endfacet
  facet normal 0 0 1
    outer loop
      vertex 64 53 1.2
      vertex 73.77428830686384 20.892350839330522 1.2
      vertex 74.01227419495967 20.951963201008077 1.2
    endloop
  endfacet
  facet normal 0 0 1
    outer loop
      vertex 64 53 1.2
      vertex 74.01227419495967 20.951963201008077 1.2
      vertex 74.2549571491761 20.987961816680492 1.2
    endloop
  endfacet
  facet normal 0 0 1
    outer loop
      vertex 64 53 1.2
      vertex 74.2549571491761 20.987961816680492 1.2
      vertex 74.5 21 1.2
    endloop
  endfacet
  facet normal 0 0 1
    outer loop
      vertex 64 53 1.2
      vertex 74.5 21 1.2
      vertex 74.7450428508239 20.987961816680492 1.2
    endloop
  endfacet
  facet normal 0 0 1
    outer loop
      vertex 64 53 1.2
      vertex 74.7450428508239 20.987961816680492 1.2
      vertex 74.98772580504033 20.951963201008077 1.2
    endloop
  endfacet
  facet normal 0 0 1
    outer loop
      vertex 64 53 1.2
      vertex 75.678491842065 20.70480316087089 1.2
      vertex 75.888925582549 20.578674030756364 1.2
    endloop
  endfacet
  facet normal 0 0 1
    outer loop
      vertex 64 53 1.2
      vertex 76.70480316087088 19.678491842064993 1.2
      vertex 76.80969883127821 19.456708580912725 1.2
    endloop
  endfacet
  facet normal 0 0 1
    outer loop
      vertex 64 53 1.2
      vertex 76.57867403075636 19.888925582549007 1.2
      vertex 76.70480316087088 19.678491842064993 1.2
    endloop
  endfacet
  facet normal 0 0 1
    outer loop
      vertex 64 53 1.2
      vertex 76.26776695296637 20.26776695296637 1.2
      vertex 76.43252613340684 20.085983210409115 1.2
    endloop
  endfacet
  facet normal 0 0 1
    outer loop
      vertex 64 53 1.2
      vertex 75.888925582549 20.578674030756364 1.2
      vertex 76.08598321040911 20.432526133406842 1.2
    endloop
  endfacet
  facet normal 0 0 1
    outer loop
      vertex 64 53 1.2
      vertex 76.08598321040911 20.432526133406842 1.2
      vertex 76.26776695296637 20.26776695296637 1.2
    endloop
  endfacet
  facet normal 0 0 1
    outer loop
      vertex 64 53 1.2
      vertex 76.43252613340684 20.085983210409115 1.2
      vertex 76.57867403075636 19.888925582549007 1.2
    endloop
  endfacet
  facet normal 0 0 1
    outer loop
      vertex 64 53 1.2
      vertex 74.98772580504033 20.951963201008077 1.2
      vertex 75.22571169313616 20.892350839330522 1.2
    endloop
  endfacet
  facet normal 0 0 1
    outer loop
      vertex 64 53 1.2
      vertex 75.22571169313616 20.892350839330522 1.2
      vertex 75.45670858091272 20.80969883127822 1.2
    endloop
  endfacet
  facet normal 0 0 1
    outer loop
      vertex 64 53 1.2
      vertex 75.45670858091272 20.80969883127822 1.2
      vertex 75.678491842065 20.70480316087089 1.2
    endloop
  endfacet
  facet normal 0 0 1
    outer loop
      vertex 83 3 1.2
      vertex 83 62 1.2
      vertex 77 18.5 1.2
    endloop
  endfacet
  facet normal 0 0 -1
    outer loop
      vertex 48 17 0
      vertex 40 53 0
      vertex 48 53 0
    endloop
  endfacet
  facet normal 0 0 -1
    outer loop
      vertex 39.30901699513197 53.95105651766062 0
      vertex 48.04894348233938 53.30901699513197 0
      vertex 40 53 0
    endloop
  endfacet
  facet normal 0 0 -1
    outer loop
      vertex 40 53 0
      vertex 48.04894348233938 53.30901699513197 0
      vertex 48 53 0
    endloop
  endfacet
  facet normal 0 0 -1
    outer loop
      vertex 39.30901699513197 53.95105651766062 0
      vertex 49 54 0
      vertex 48.04894348233938 53.30901699513197 0
    endloop
  endfacet
  facet normal 0 0 -1
    outer loop
      vertex 0 62 0
      vertex 80.92705098539591 64.85316954553127 0
      vertex 49 54 0
    endloop
  endfacet
  facet normal 0 0 -1
    outer loop
      vertex 0 62 0
      vertex 80 65 0
      vertex 80.92705098539591 64.85316954553127 0
    endloop
  endfacet
  facet normal 0 1 0
    outer loop
      vertex 3 65 0
      vertex 80 65 1.2
      vertex 80 65 0
    endloop
  endfacet
  facet normal 0 0 -1
    outer loop
      vertex 83 62 0
      vertex 77 18.5 0
      vertex 76.9879618166805 18.7450428508239 0
    endloop
  endfacet
  facet normal 0 0 -1
    outer loop
      vertex 83 62 0
      vertex 76.9879618166805 18.7450428508239 0
      vertex 76.95196320100807 18.98772580504032 0
    endloop
  endfacet
  facet normal 0 0 -1
    outer loop
      vertex 83 62 0
      vertex 76.95196320100807 18.98772580504032 0
      vertex 76.89235083933052 19.225711693136155 0
    endloop
  endfacet
  facet normal 0 0 -1
    outer loop
      vertex 83 62 0
      vertex 76.89235083933052 19.225711693136155 0
      vertex 76.80969883127821 19.456708580912725 0
    endloop
  endfacet
  facet normal 0 0 -1
    outer loop
      vertex 83 62 0
      vertex 76.80969883127821 19.456708580912725 0
      vertex 64 53 0
    endloop
  endfacet
  facet normal 1 0 0
    outer loop
      vertex 83 3 1.2
      vertex 83 62 0
      vertex 83 62 1.2
    endloop
  endfacet
  facet normal 0 0 -1
    outer loop
      vertex 80.92705098539591 64.85316954553127 0
      vertex 63 54 0
      vertex 49 54 0
    endloop
  endfacet
  facet normal 0 0 -1
    outer loop
      vertex 80.92705098539591 64.85316954553127 0
      vertex 63.30901699513197 53.95105651766062 0
      vertex 63 54 0
    endloop
  endfacet
  facet normal 0 0 -1
    outer loop
      vertex 80.92705098539591 64.85316954553127 0
      vertex 64 53 0
      vertex 63.30901699513197 53.95105651766062 0
    endloop
  endfacet
  facet normal 0 0 -1
    outer loop
      vertex 83 62 0
      vertex 64 53 0
      vertex 82.42705098539591 63.76335575431585 0
    endloop
  endfacet
  facet normal 0 0 -1
    outer loop
      vertex 80.92705098539591 64.85316954553127 0
      vertex 82.42705098539591 63.76335575431585 0
      vertex 64 53 0
    endloop
  endfacet
  facet normal 0.951056516523211 0.3090169936730588 0
    outer loop
      vertex 83 62 0
      vertex 82.42705098539591 63.76335575431585 0
      vertex 83 62 1.2
    endloop
  endfacet
  facet normal 0.15643446815250966 0.9876883401022013 0
    outer loop
      vertex 80 65 0
      vertex 80.92705098539591 64.85316954553127 1.2
      vertex 80.92705098539591 64.85316954553127 0
    endloop
  endfacet
  facet normal 0.5877852520126732 0.809016994578234 0
    outer loop
      vertex 80.92705098539591 64.85316954553127 0
      vertex 82.42705098539591 63.76335575431585 1.2
      vertex 82.42705098539591 63.76335575431585 0
    endloop
  endfacet
  facet normal 0.15643446815250966 0.9876883401022013 0
    outer loop
      vertex 80 65 0
      vertex 80 65 1.2
      vertex 80.92705098539591 64.85316954553127 1.2
    endloop
  endfacet
  facet normal 0.5877852520126732 0.809016994578234 0
    outer loop
      vertex 80.92705098539591 64.85316954553127 0
      vertex 80.92705098539591 64.85316954553127 1.2
      vertex 82.42705098539591 63.76335575431585 1.2
    endloop
  endfacet
  facet normal 0.951056516523211 0.3090169936730588 0
    outer loop
      vertex 82.42705098539591 63.76335575431585 0
      vertex 82.42705098539591 63.76335575431585 1.2
      vertex 83 62 1.2
    endloop
  endfacet
  facet normal 0 0 1
    outer loop
      vertex 40 17 1.2
      vertex 48 53 1.2
      vertex 40 53 1.2
    endloop
  endfacet
  facet normal 0 0 1
    outer loop
      vertex 40 53 1.2
      vertex 48.04894348233938 53.30901699513197 1.2
      vertex 39.30901699513197 53.95105651766062 1.2
    endloop
  endfacet
  facet normal 0 0 1
    outer loop
      vertex 40 53 1.2
      vertex 48 53 1.2
      vertex 48.04894348233938 53.30901699513197 1.2
    endloop
  endfacet
  facet normal 0 0 1
    outer loop
      vertex 39.30901699513197 53.95105651766062 1.2
      vertex 48.04894348233938 53.30901699513197 1.2
      vertex 49 54 1.2
    endloop
  endfacet
  facet normal 0 0 1
    outer loop
      vertex 14.456550002098083 57.97309999912977 1.2
      vertex 49 54 1.2
      vertex 80.92705098539591 64.85316954553127 1.2
    endloop
  endfacet
  facet normal 0 0 1
    outer loop
      vertex 0 62 1.2
      vertex 80.92705098539591 64.85316954553127 1.2
      vertex 80 65 1.2
    endloop
  endfacet
  facet normal 0 0 1
    outer loop
      vertex 83 62 1.2
      vertex 76.9879618166805 18.7450428508239 1.2
      vertex 77 18.5 1.2
    endloop
  endfacet
  facet normal 0 0 1
    outer loop
      vertex 83 62 1.2
      vertex 76.95196320100807 18.98772580504032 1.2
      vertex 76.9879618166805 18.7450428508239 1.2
    endloop
  endfacet
  facet normal 0 0 1
    outer loop
      vertex 83 62 1.2
      vertex 76.89235083933052 19.225711693136155 1.2
      vertex 76.95196320100807 18.98772580504032 1.2
    endloop
  endfacet
  facet normal 0 0 1
    outer loop
      vertex 83 62 1.2
      vertex 76.80969883127821 19.456708580912725 1.2
      vertex 76.89235083933052 19.225711693136155 1.2
    endloop
  endfacet
  facet normal 0 0 1
    outer loop
      vertex 83 62 1.2
      vertex 64 53 1.2
      vertex 76.80969883127821 19.456708580912725 1.2
    endloop
  endfacet
  facet normal 0 0 1
    outer loop
      vertex 80.92705098539591 64.85316954553127 1.2
      vertex 49 54 1.2
      vertex 63 54 1.2
    endloop
  endfacet
  facet normal 0 0 1
    outer loop
      vertex 80.92705098539591 64.85316954553127 1.2
      vertex 63 54 1.2
      vertex 63.30901699513197 53.95105651766062 1.2
    endloop
  endfacet
  facet normal 0 0 1
    outer loop
      vertex 80.92705098539591 64.85316954553127 1.2
      vertex 63.30901699513197 53.95105651766062 1.2
      vertex 64 53 1.2
    endloop
  endfacet
  facet normal 0 0 1
    outer loop
      vertex 83 62 1.2
      vertex 82.42705098539591 63.76335575431585 1.2
      vertex 64 53 1.2
    endloop
  endfacet
  facet normal 0 0 1
    outer loop
      vertex 80.92705098539591 64.85316954553127 1.2
      vertex 64 53 1.2
      vertex 82.42705098539591 63.76335575431585 1.2
    endloop
  endfacet
  facet normal -1 0 0
    outer loop
      vertex 6.464500002563 57 1.2
      vertex 6.464500002563 57 2
      vertex 6.464500002563 61.77740000188351 1.2
    endloop
  endfacet
  facet normal 0 -1 0
    outer loop
      vertex 6.464500002563 57 1.2
      vertex 7.464749999344349 57 1.2
      vertex 7.464749999344349 57 2
    endloop
  endfacet
  facet normal 1 0 0
    outer loop
      vertex 7.464749999344349 57 1.2
      vertex 7.464749999344349 58.68174999952316 1.2
      vertex 7.464749999344349 58.68174999952316 2
    endloop
  endfacet
  facet normal 1 0 0
    outer loop
      vertex 7.464749999344349 59.45139999687672 1.2
      vertex 7.464749999344349 61.00095000118017 1.2
      vertex 7.464749999344349 61.00095000118017 2
    endloop
  endfacet
  facet normal 0 -1 0
    outer loop
      vertex 7.464749999344349 58.68174999952316 1.2
      vertex 8.651450000703335 58.68174999952316 1.2
      vertex 8.651450000703335 58.68174999952316 2
    endloop
  endfacet
  facet normal 0.06411386497365085 -0.9979425896904793 0
    outer loop
      vertex 8.651450000703335 58.68174999952316 1.2
      vertex 8.994488887488842 58.70378889143467 1.2
      vertex 8.994488887488842 58.70378889143467 2
    endloop
  endfacet
  facet normal 0.20842738629973687 -0.9780378441759094 0
    outer loop
      vertex 8.994488887488842 58.70378889143467 1.2
      vertex 9.304738886654377 58.76990555226803 1.2
      vertex 9.304738886654377 58.76990555226803 2
    endloop
  endfacet
  facet normal 0.36910835595793917 -0.9293863682893284 0
    outer loop
      vertex 9.304738886654377 58.76990555226803 1.2
      vertex 9.58219999819994 58.8800999969244 1.2
      vertex 9.58219999819994 58.8800999969244 2
    endloop
  endfacet
  facet normal 0 1 0
    outer loop
      vertex 7.464749999344349 59.45139999687672 1.2
      vertex 7.464749999344349 59.45139999687672 2
      vertex 8.526000000536442 59.45139999687672 1.2
    endloop
  endfacet
  facet normal -0.08914866227919158 0.9960183311635538 0
    outer loop
      vertex 8.526000000536442 59.45139999687672 1.2
      vertex 8.526000000536442 59.45139999687672 2
      vertex 8.78067222237587 59.47419444471598 1.2
    endloop
  endfacet
  facet normal -0.30635479544574395 0.9519174015151717 0
    outer loop
      vertex 8.78067222237587 59.47419444471598 1.2
      vertex 8.78067222237587 59.47419444471598 2
      vertex 8.993155553936958 59.542577780783176 1.2
    endloop
  endfacet
  facet normal -0.5561945820464326 0.8310520963827683 0
    outer loop
      vertex 8.993155553936958 59.542577780783176 1.2
      vertex 8.993155553936958 59.542577780783176 2
      vertex 9.163450002670288 59.656549997627735 1.2
    endloop
  endfacet
  facet normal -0.7837841208507859 0.6210333742257019 0
    outer loop
      vertex 9.163450002670288 59.656549997627735 1.2
      vertex 9.163450002670288 59.656549997627735 2
      vertex 9.287783332169056 59.81346666812897 1.2
    endloop
  endfacet
  facet normal -0.9353216022979541 0.35379867195170145 0
    outer loop
      vertex 9.287783332169056 59.81346666812897 1.2
      vertex 9.287783332169056 59.81346666812897 2
      vertex 9.362383335828781 60.010683335363865 1.2
    endloop
  endfacet
  facet normal 0.5298372000383879 -0.8480993700360127 0
    outer loop
      vertex 9.58219999819994 58.8800999969244 1.2
      vertex 9.823111109435558 59.03060555458069 1.2
      vertex 9.823111109435558 59.03060555458069 2
    endloop
  endfacet
  facet normal 0.6819739346119096 -0.7313764779577961 0
    outer loop
      vertex 9.823111109435558 59.03060555458069 1.2
      vertex 10.02371110767126 59.217655554413795 1.2
      vertex 10.02371110767126 59.217655554413795 2
    endloop
  endfacet
  facet normal 0.8127375918043478 -0.582629905573057 0
    outer loop
      vertex 10.02371110767126 59.217655554413795 1.2
      vertex 10.184000000357628 59.44124999642372 1.2
      vertex 10.184000000357628 59.44124999642372 2
    endloop
  endfacet
  facet normal 0.9077765403938257 -0.419454112759211 0
    outer loop
      vertex 10.184000000357628 59.44124999642372 1.2
      vertex 10.300805553793907 59.69403889030218 1.2
      vertex 10.300805553793907 59.69403889030218 2
    endloop
  endfacet
  facet normal 0.9689479902877064 -0.24726461962321863 0
    outer loop
      vertex 10.300805553793907 59.69403889030218 1.2
      vertex 10.370888888835907 59.96867222338915 1.2
      vertex 10.370888888835907 59.96867222338915 2
    endloop
  endfacet
  facet normal -0.9945641875732608 0.10412529374143298 0
    outer loop
      vertex 9.362383335828781 60.010683335363865 1.2
      vertex 9.362383335828781 60.010683335363865 2
      vertex 9.387249998748302 60.24819999933243 1.2
    endloop
  endfacet
  facet normal -0.9732577126140981 -0.2297159655687297 0
    outer loop
      vertex 9.387249998748302 60.24819999933243 1.2
      vertex 9.387249998748302 60.24819999933243 2
      vertex 9.288544446229935 60.66639444231987 1.2
    endloop
  endfacet
  facet normal -0.6464772198777745 -0.7629332894684199 0
    outer loop
      vertex 8.99242778122425 60.91731110960245 1.2
      vertex 9.288544446229935 60.66639444231987 1.2
      vertex 9.288544446229935 60.66639444231987 2
    endloop
  endfacet
  facet normal 0.993392256756137 0.1147685680704835 0
    outer loop
      vertex 10.342822223901749 60.710288889706135 1.2
      vertex 10.342822223901749 60.710288889706135 2
      vertex 10.394249998033047 60.265150003135204 1.2
    endloop
  endfacet
  facet normal 0 1 0
    outer loop
      vertex 6.464500002563 61.77740000188351 1.2
      vertex 6.464500002563 61.77740000188351 2
      vertex 8.610799998044968 61.77740000188351 1.2
    endloop
  endfacet
  facet normal 0 -1 0
    outer loop
      vertex 7.464749999344349 61.00095000118017 1.2
      vertex 8.49889999628067 61.00095000118017 1.2
      vertex 8.49889999628067 61.00095000118017 2
    endloop
  endfacet
  facet normal -0.16708903280922627 -0.9859418112215738 0
    outer loop
      vertex 8.99242778122425 60.91731110960245 1.2
      vertex 8.99242778122425 60.91731110960245 2
      vertex 8.49889999628067 61.00095000118017 1.2
    endloop
  endfacet
  facet normal 0.08284067293958162 0.9965628042963058 0
    outer loop
      vertex 8.610799998044968 61.77740000188351 1.2
      vertex 8.610799998044968 61.77740000188351 2
      vertex 9.138777777552605 61.73351111263037 1.2
    endloop
  endfacet
  facet normal 0.28656241453050785 0.9580615755672729 0
    outer loop
      vertex 9.138777777552605 61.73351111263037 1.2
      vertex 9.578977778553963 61.60184444487095 2
      vertex 9.578977778553963 61.60184444487095 1.2
    endloop
  endfacet
  facet normal 0.5285788336077447 0.8488842186434356 0
    outer loop
      vertex 9.578977778553963 61.60184444487095 1.2
      vertex 9.578977778553963 61.60184444487095 2
      vertex 9.931400001049042 61.38239999860525 1.2
    endloop
  endfacet
  facet normal 0.7589337581762078 0.6511678360457749 0
    outer loop
      vertex 9.931400001049042 61.38239999860525 1.2
      vertex 9.931400001049042 61.38239999860525 2
      vertex 10.188538886606693 61.082705557346344 1.2
    endloop
  endfacet
  facet normal 0.9238590932138735 0.38273277346738893 0
    outer loop
      vertex 10.342822223901749 60.710288889706135 1.2
      vertex 10.188538886606693 61.082705557346344 1.2
      vertex 10.188538886606693 61.082705557346344 2
    endloop
  endfacet
  facet normal -1 0 0
    outer loop
      vertex 10.73700000345707 57.97309999912977 1.2
      vertex 10.73700000345707 57.97309999912977 2
      vertex 10.73700000345707 58.688550002872944 1.2
    endloop
  endfacet
  facet normal -1 0 0
    outer loop
      vertex 12.910400003194809 57 1.2
      vertex 12.910400003194809 57 2
      vertex 12.910400003194809 57.97309999912977 1.2
    endloop
  endfacet
  facet normal 0 -1 0
    outer loop
      vertex 10.73700000345707 57.97309999912977 1.2
      vertex 12.910400003194809 57.97309999912977 1.2
      vertex 12.910400003194809 57.97309999912977 2
    endloop
  endfacet
  facet normal 0 1 0
    outer loop
      vertex 11.513449996709824 58.68174999952316 1.2
      vertex 11.513449996709824 58.68174999952316 2
      vertex 12.910400003194809 58.68174999952316 1.2
    endloop
  endfacet
  facet normal -0.8372404938823376 0.5468348520382178 0
    outer loop
      vertex 10.73700000345707 58.688550002872944 1.2
      vertex 10.73700000345707 58.688550002872944 2
      vertex 12.754450000822544 61.77740000188351 1.2
    endloop
  endfacet
  facet normal 0.9969100173283264 -0.07855200411470074 0
    outer loop
      vertex 10.370888888835907 59.96867222338915 1.2
      vertex 10.394249998033047 60.265150003135204 1.2
      vertex 10.394249998033047 60.265150003135204 2
    endloop
  endfacet
  facet normal 0.835394618231824 -0.5496506452550611 0
    outer loop
      vertex 11.513449996709824 58.68174999952316 1.2
      vertex 12.62219999730587 60.366899996995926 1.2
      vertex 12.62219999730587 60.366899996995926 2
    endloop
  endfacet
  facet normal -1 0 0
    outer loop
      vertex 12.910400003194809 58.68174999952316 1.2
      vertex 12.910400003194809 58.68174999952316 2
      vertex 12.910400003194809 60.244850002229214 1.2
    endloop
  endfacet
  facet normal -0.9999449067597225 0.010496830249654901 0
    outer loop
      vertex 12.910400003194809 60.244850002229214 1.2
      vertex 12.910400003194809 60.244850002229214 2
      vertex 12.911716669797897 60.370277777314186 1.2
    endloop
  endfacet
  facet normal -0.9995540346360454 0.02986187942516978 0
    outer loop
      vertex 12.911716669797897 60.370277777314186 1.2
      vertex 12.911716669797897 60.370277777314186 2
      vertex 12.915666669607162 60.50249444693327 1.2
    endloop
  endfacet
  facet normal 0.8481673411212504 -0.5297283846041372 0
    outer loop
      vertex 12.62219999730587 60.366899996995926 1.2
      vertex 12.760077774524689 60.58766110986471 1.2
      vertex 12.760077774524689 60.58766110986471 2
    endloop
  endfacet
  facet normal -0.9988803881368621 0.04730718968139758 0
    outer loop
      vertex 12.915666669607162 60.50249444693327 1.2
      vertex 12.915666669607162 60.50249444693327 2
      vertex 12.922250002622604 60.64150000363588 1.2
    endloop
  endfacet
  facet normal -0.9982835081291784 0.05856652113025306 0
    outer loop
      vertex 12.922250002622604 60.64150000363588 1.2
      vertex 12.922250002622604 60.64150000363588 2
      vertex 12.92961110919714 60.766972221434116 1.2
    endloop
  endfacet
  facet normal 0.8649389030126715 -0.5018771702869503 0
    outer loop
      vertex 12.760077774524689 60.58766110986471 1.2
      vertex 12.866311110556126 60.77074444293976 1.2
      vertex 12.866311110556126 60.77074444293976 2
    endloop
  endfacet
  facet normal -0.9977024241742426 0.06774859996221191 0
    outer loop
      vertex 12.92961110919714 60.766972221434116 1.2
      vertex 12.92961110919714 60.766972221434116 2
      vertex 12.935827776789665 60.85852222144604 1.2
    endloop
  endfacet
  facet normal 0.8897629607981612 -0.4564229108969988 0
    outer loop
      vertex 12.866311110556126 60.77074444293976 1.2
      vertex 12.9408999979496 60.916150003671646 1.2
      vertex 12.9408999979496 60.916150003671646 2
    endloop
  endfacet
  facet normal -0.9961488705525726 0.08767797726244578 0
    outer loop
      vertex 12.935827776789665 60.85852222144604 1.2
      vertex 12.935827776789665 60.85852222144604 2
      vertex 12.9408999979496 60.916150003671646 1.2
    endloop
  endfacet
  facet normal 0 -1 0
    outer loop
      vertex 12.910400003194809 57 1.2
      vertex 13.819099999964237 57 1.2
      vertex 13.819099999964237 57 2
    endloop
  endfacet
  facet normal 1 0 0
    outer loop
      vertex 13.819099999964237 57 1.2
      vertex 13.819099999964237 57.97309999912977 1.2
      vertex 13.819099999964237 57.97309999912977 2
    endloop
  endfacet
  facet normal 0 -1 0
    outer loop
      vertex 13.819099999964237 57.97309999912977 1.2
      vertex 14.456550002098083 57.97309999912977 1.2
      vertex 13.819099999964237 57.97309999912977 2
    endloop
  endfacet
  facet normal 0 1 0
    outer loop
      vertex 13.819099999964237 58.68174999952316 1.2
      vertex 13.819099999964237 58.68174999952316 2
      vertex 14.456550002098083 58.68174999952316 1.2
    endloop
  endfacet
  facet normal 1 0 0
    outer loop
      vertex 14.456550002098083 57.97309999912977 1.2
      vertex 14.456550002098083 58.68174999952316 1.2
      vertex 14.456550002098083 58.68174999952316 2
    endloop
  endfacet
  facet normal 1 0 0
    outer loop
      vertex 13.819099999964237 58.68174999952316 1.2
      vertex 13.819099999964237 61.77740000188351 1.2
      vertex 13.819099999964237 61.77740000188351 2
    endloop
  endfacet
  facet normal 0 1 0
    outer loop
      vertex 12.754450000822544 61.77740000188351 1.2
      vertex 12.754450000822544 61.77740000188351 2
      vertex 13.819099999964237 61.77740000188351 1.2
    endloop
  endfacet
  facet normal 0 -1 0
    outer loop
      vertex 6.464500002563 57 1.2
      vertex 7.464749999344349 57 2
      vertex 6.464500002563 57 2
    endloop
  endfacet
  facet normal 1 0 0
    outer loop
      vertex 7.464749999344349 57 1.2
      vertex 7.464749999344349 58.68174999952316 2
      vertex 7.464749999344349 57 2
    endloop
  endfacet
  facet normal -1 0 0
    outer loop
      vertex 6.464500002563 61.77740000188351 1.2
      vertex 6.464500002563 57 2
      vertex 6.464500002563 61.77740000188351 2
    endloop
  endfacet
  facet normal 1 0 0
    outer loop
      vertex 7.464749999344349 59.45139999687672 1.2
      vertex 7.464749999344349 61.00095000118017 2
      vertex 7.464749999344349 59.45139999687672 2
    endloop
  endfacet
  facet normal 0 -1 0
    outer loop
      vertex 7.464749999344349 58.68174999952316 1.2
      vertex 8.651450000703335 58.68174999952316 2
      vertex 7.464749999344349 58.68174999952316 2
    endloop
  endfacet
  facet normal 0.06411386497365085 -0.9979425896904793 0
    outer loop
      vertex 8.651450000703335 58.68174999952316 1.2
      vertex 8.994488887488842 58.70378889143467 2
      vertex 8.651450000703335 58.68174999952316 2
    endloop
  endfacet
  facet normal 0.20842738629973687 -0.9780378441759094 0
    outer loop
      vertex 8.994488887488842 58.70378889143467 1.2
      vertex 9.304738886654377 58.76990555226803 2
      vertex 8.994488887488842 58.70378889143467 2
    endloop
  endfacet
  facet normal 0.36910835595793917 -0.9293863682893284 0
    outer loop
      vertex 9.304738886654377 58.76990555226803 1.2
      vertex 9.58219999819994 58.8800999969244 2
      vertex 9.304738886654377 58.76990555226803 2
    endloop
  endfacet
  facet normal 0 1 0
    outer loop
      vertex 8.526000000536442 59.45139999687672 1.2
      vertex 7.464749999344349 59.45139999687672 2
      vertex 8.526000000536442 59.45139999687672 2
    endloop
  endfacet
  facet normal -0.08914866227919158 0.9960183311635538 0
    outer loop
      vertex 8.78067222237587 59.47419444471598 1.2
      vertex 8.526000000536442 59.45139999687672 2
      vertex 8.78067222237587 59.47419444471598 2
    endloop
  endfacet
  facet normal -0.30635479544574395 0.9519174015151717 0
    outer loop
      vertex 8.993155553936958 59.542577780783176 1.2
      vertex 8.78067222237587 59.47419444471598 2
      vertex 8.993155553936958 59.542577780783176 2
    endloop
  endfacet
  facet normal 0.5298372000383879 -0.8480993700360127 0
    outer loop
      vertex 9.58219999819994 58.8800999969244 1.2
      vertex 9.823111109435558 59.03060555458069 2
      vertex 9.58219999819994 58.8800999969244 2
    endloop
  endfacet
  facet normal -0.5561945820464326 0.8310520963827683 0
    outer loop
      vertex 9.163450002670288 59.656549997627735 1.2
      vertex 8.993155553936958 59.542577780783176 2
      vertex 9.163450002670288 59.656549997627735 2
    endloop
  endfacet
  facet normal -0.7837841208507859 0.6210333742257019 0
    outer loop
      vertex 9.287783332169056 59.81346666812897 1.2
      vertex 9.163450002670288 59.656549997627735 2
      vertex 9.287783332169056 59.81346666812897 2
    endloop
  endfacet
  facet normal 0.6819739346119096 -0.7313764779577961 0
    outer loop
      vertex 9.823111109435558 59.03060555458069 1.2
      vertex 10.02371110767126 59.217655554413795 2
      vertex 9.823111109435558 59.03060555458069 2
    endloop
  endfacet
  facet normal 0.8127375918043478 -0.582629905573057 0
    outer loop
      vertex 10.02371110767126 59.217655554413795 1.2
      vertex 10.184000000357628 59.44124999642372 2
      vertex 10.02371110767126 59.217655554413795 2
    endloop
  endfacet
  facet normal 0.9077765403938257 -0.419454112759211 0
    outer loop
      vertex 10.184000000357628 59.44124999642372 1.2
      vertex 10.300805553793907 59.69403889030218 2
      vertex 10.184000000357628 59.44124999642372 2
    endloop
  endfacet
  facet normal 0.9689479902877064 -0.24726461962321863 0
    outer loop
      vertex 10.300805553793907 59.69403889030218 1.2
      vertex 10.370888888835907 59.96867222338915 2
      vertex 10.300805553793907 59.69403889030218 2
    endloop
  endfacet
  facet normal -0.9353216022979541 0.35379867195170145 0
    outer loop
      vertex 9.362383335828781 60.010683335363865 1.2
      vertex 9.287783332169056 59.81346666812897 2
      vertex 9.362383335828781 60.010683335363865 2
    endloop
  endfacet
  facet normal -0.9945641875732608 0.10412529374143298 0
    outer loop
      vertex 9.387249998748302 60.24819999933243 1.2
      vertex 9.362383335828781 60.010683335363865 2
      vertex 9.387249998748302 60.24819999933243 2
    endloop
  endfacet
  facet normal -0.9732577126140981 -0.2297159655687297 0
    outer loop
      vertex 9.288544446229935 60.66639444231987 1.2
      vertex 9.387249998748302 60.24819999933243 2
      vertex 9.288544446229935 60.66639444231987 2
    endloop
  endfacet
  facet normal -0.6464772198777745 -0.7629332894684199 0
    outer loop
      vertex 8.99242778122425 60.91731110960245 1.2
      vertex 9.288544446229935 60.66639444231987 2
      vertex 8.99242778122425 60.91731110960245 2
    endloop
  endfacet
  facet normal 0.9238590932138735 0.38273277346738893 0
    outer loop
      vertex 10.342822223901749 60.710288889706135 1.2
      vertex 10.188538886606693 61.082705557346344 2
      vertex 10.342822223901749 60.710288889706135 2
    endloop
  endfacet
  facet normal 0 -1 0
    outer loop
      vertex 7.464749999344349 61.00095000118017 1.2
      vertex 8.49889999628067 61.00095000118017 2
      vertex 7.464749999344349 61.00095000118017 2
    endloop
  endfacet
  facet normal 0 1 0
    outer loop
      vertex 8.610799998044968 61.77740000188351 1.2
      vertex 6.464500002563 61.77740000188351 2
      vertex 8.610799998044968 61.77740000188351 2
    endloop
  endfacet
  facet normal -0.16708903280922627 -0.9859418112215738 0
    outer loop
      vertex 8.49889999628067 61.00095000118017 1.2
      vertex 8.99242778122425 60.91731110960245 2
      vertex 8.49889999628067 61.00095000118017 2
    endloop
  endfacet
  facet normal 0.08284067293958162 0.9965628042963058 0
    outer loop
      vertex 9.138777777552605 61.73351111263037 1.2
      vertex 8.610799998044968 61.77740000188351 2
      vertex 9.138777777552605 61.73351111263037 2
    endloop
  endfacet
  facet normal 0.28656241453050785 0.9580615755672729 0
    outer loop
      vertex 9.138777777552605 61.73351111263037 1.2
      vertex 9.138777777552605 61.73351111263037 2
      vertex 9.578977778553963 61.60184444487095 2
    endloop
  endfacet
  facet normal 0.7589337581762078 0.6511678360457749 0
    outer loop
      vertex 10.188538886606693 61.082705557346344 1.2
      vertex 9.931400001049042 61.38239999860525 2
      vertex 10.188538886606693 61.082705557346344 2
    endloop
  endfacet
  facet normal 0.5285788336077447 0.8488842186434356 0
    outer loop
      vertex 9.931400001049042 61.38239999860525 1.2
      vertex 9.578977778553963 61.60184444487095 2
      vertex 9.931400001049042 61.38239999860525 2
    endloop
  endfacet
  facet normal 0 0 1
    outer loop
      vertex 6.464500002563 57 2
      vertex 7.464749999344349 57 2
      vertex 7.464749999344349 58.68174999952316 2
    endloop
  endfacet
  facet normal 0 0 1
    outer loop
      vertex 6.464500002563 57 2
      vertex 7.464749999344349 58.68174999952316 2
      vertex 6.464500002563 61.77740000188351 2
    endloop
  endfacet
  facet normal 0 0 1
    outer loop
      vertex 7.464749999344349 58.68174999952316 2
      vertex 7.464749999344349 59.45139999687672 2
      vertex 6.464500002563 61.77740000188351 2
    endloop
  endfacet
  facet normal 0 0 1
    outer loop
      vertex 7.464749999344349 59.45139999687672 2
      vertex 7.464749999344349 61.00095000118017 2
      vertex 6.464500002563 61.77740000188351 2
    endloop
  endfacet
  facet normal 0 0 1
    outer loop
      vertex 7.464749999344349 58.68174999952316 2
      vertex 8.526000000536442 59.45139999687672 2
      vertex 7.464749999344349 59.45139999687672 2
    endloop
  endfacet
  facet normal 0 0 1
    outer loop
      vertex 7.464749999344349 58.68174999952316 2
      vertex 8.651450000703335 58.68174999952316 2
      vertex 8.526000000536442 59.45139999687672 2
    endloop
  endfacet
  facet normal 0 0 1
    outer loop
      vertex 8.651450000703335 58.68174999952316 2
      vertex 8.78067222237587 59.47419444471598 2
      vertex 8.526000000536442 59.45139999687672 2
    endloop
  endfacet
  facet normal 0 0 1
    outer loop
      vertex 8.651450000703335 58.68174999952316 2
      vertex 8.994488887488842 58.70378889143467 2
      vertex 8.78067222237587 59.47419444471598 2
    endloop
  endfacet
  facet normal 0 0 1
    outer loop
      vertex 8.994488887488842 58.70378889143467 2
      vertex 8.993155553936958 59.542577780783176 2
      vertex 8.78067222237587 59.47419444471598 2
    endloop
  endfacet
  facet normal 0 0 1
    outer loop
      vertex 8.994488887488842 58.70378889143467 2
      vertex 9.304738886654377 58.76990555226803 2
      vertex 8.993155553936958 59.542577780783176 2
    endloop
  endfacet
  facet normal 0 0 1
    outer loop
      vertex 9.304738886654377 58.76990555226803 2
      vertex 9.58219999819994 58.8800999969244 2
      vertex 8.993155553936958 59.542577780783176 2
    endloop
  endfacet
  facet normal 0 0 1
    outer loop
      vertex 9.58219999819994 58.8800999969244 2
      vertex 9.163450002670288 59.656549997627735 2
      vertex 8.993155553936958 59.542577780783176 2
    endloop
  endfacet
  facet normal 0 0 1
    outer loop
      vertex 9.58219999819994 58.8800999969244 2
      vertex 9.823111109435558 59.03060555458069 2
      vertex 9.163450002670288 59.656549997627735 2
    endloop
  endfacet
  facet normal 0 0 1
    outer loop
      vertex 9.163450002670288 59.656549997627735 2
      vertex 9.823111109435558 59.03060555458069 2
      vertex 10.02371110767126 59.217655554413795 2
    endloop
  endfacet
  facet normal 0 0 1
    outer loop
      vertex 9.163450002670288 59.656549997627735 2
      vertex 10.02371110767126 59.217655554413795 2
      vertex 9.287783332169056 59.81346666812897 2
    endloop
  endfacet
  facet normal 0 0 1
    outer loop
      vertex 9.287783332169056 59.81346666812897 2
      vertex 10.184000000357628 59.44124999642372 2
      vertex 9.362383335828781 60.010683335363865 2
    endloop
  endfacet
  facet normal 0 0 1
    outer loop
      vertex 9.287783332169056 59.81346666812897 2
      vertex 10.02371110767126 59.217655554413795 2
      vertex 10.184000000357628 59.44124999642372 2
    endloop
  endfacet
  facet normal 0 0 1
    outer loop
      vertex 10.184000000357628 59.44124999642372 2
      vertex 10.300805553793907 59.69403889030218 2
      vertex 9.362383335828781 60.010683335363865 2
    endloop
  endfacet
  facet normal 0 0 1
    outer loop
      vertex 10.300805553793907 59.69403889030218 2
      vertex 10.370888888835907 59.96867222338915 2
      vertex 9.362383335828781 60.010683335363865 2
    endloop
  endfacet
  facet normal 0 0 1
    outer loop
      vertex 9.362383335828781 60.010683335363865 2
      vertex 10.370888888835907 59.96867222338915 2
      vertex 9.387249998748302 60.24819999933243 2
    endloop
  endfacet
  facet normal 0 0 1
    outer loop
      vertex 9.387249998748302 60.24819999933243 2
      vertex 10.342822223901749 60.710288889706135 2
      vertex 9.288544446229935 60.66639444231987 2
    endloop
  endfacet
  facet normal 0 0 1
    outer loop
      vertex 9.387249998748302 60.24819999933243 2
      vertex 10.394249998033047 60.265150003135204 2
      vertex 10.342822223901749 60.710288889706135 2
    endloop
  endfacet
  facet normal 0 0 1
    outer loop
      vertex 9.387249998748302 60.24819999933243 2
      vertex 10.370888888835907 59.96867222338915 2
      vertex 10.394249998033047 60.265150003135204 2
    endloop
  endfacet
  facet normal 0 0 1
    outer loop
      vertex 9.288544446229935 60.66639444231987 2
      vertex 10.342822223901749 60.710288889706135 2
      vertex 10.188538886606693 61.082705557346344 2
    endloop
  endfacet
  facet normal 0 0 1
    outer loop
      vertex 6.464500002563 61.77740000188351 2
      vertex 7.464749999344349 61.00095000118017 2
      vertex 8.610799998044968 61.77740000188351 2
    endloop
  endfacet
  facet normal 0 0 1
    outer loop
      vertex 7.464749999344349 61.00095000118017 2
      vertex 8.49889999628067 61.00095000118017 2
      vertex 8.610799998044968 61.77740000188351 2
    endloop
  endfacet
  facet normal 0 0 1
    outer loop
      vertex 8.99242778122425 60.91731110960245 2
      vertex 8.610799998044968 61.77740000188351 2
      vertex 8.49889999628067 61.00095000118017 2
    endloop
  endfacet
  facet normal 0 0 1
    outer loop
      vertex 8.99242778122425 60.91731110960245 2
      vertex 9.138777777552605 61.73351111263037 2
      vertex 8.610799998044968 61.77740000188351 2
    endloop
  endfacet
  facet normal 0 0 1
    outer loop
      vertex 8.99242778122425 60.91731110960245 2
      vertex 9.288544446229935 60.66639444231987 2
      vertex 9.578977778553963 61.60184444487095 2
    endloop
  endfacet
  facet normal 0 0 1
    outer loop
      vertex 8.99242778122425 60.91731110960245 2
      vertex 9.578977778553963 61.60184444487095 2
      vertex 9.138777777552605 61.73351111263037 2
    endloop
  endfacet
  facet normal 0 0 1
    outer loop
      vertex 9.288544446229935 60.66639444231987 2
      vertex 9.931400001049042 61.38239999860525 2
      vertex 9.578977778553963 61.60184444487095 2
    endloop
  endfacet
  facet normal 0 0 1
    outer loop
      vertex 9.288544446229935 60.66639444231987 2
      vertex 10.188538886606693 61.082705557346344 2
      vertex 9.931400001049042 61.38239999860525 2
    endloop
  endfacet
  facet normal -1 0 0
    outer loop
      vertex 10.73700000345707 58.688550002872944 1.2
      vertex 10.73700000345707 57.97309999912977 2
      vertex 10.73700000345707 58.688550002872944 2
    endloop
  endfacet
  facet normal 0 -1 0
    outer loop
      vertex 10.73700000345707 57.97309999912977 1.2
      vertex 12.910400003194809 57.97309999912977 2
      vertex 10.73700000345707 57.97309999912977 2
    endloop
  endfacet
  facet normal -1 0 0
    outer loop
      vertex 12.910400003194809 57.97309999912977 1.2
      vertex 12.910400003194809 57 2
      vertex 12.910400003194809 57.97309999912977 2
    endloop
  endfacet
  facet normal 0 1 0
    outer loop
      vertex 12.910400003194809 58.68174999952316 1.2
      vertex 11.513449996709824 58.68174999952316 2
      vertex 12.910400003194809 58.68174999952316 2
    endloop
  endfacet
  facet normal 0.9969100173283264 -0.07855200411470074 0
    outer loop
      vertex 10.370888888835907 59.96867222338915 1.2
      vertex 10.394249998033047 60.265150003135204 2
      vertex 10.370888888835907 59.96867222338915 2
    endloop
  endfacet
  facet normal 0.993392256756137 0.1147685680704835 0
    outer loop
      vertex 10.394249998033047 60.265150003135204 1.2
      vertex 10.342822223901749 60.710288889706135 2
      vertex 10.394249998033047 60.265150003135204 2
    endloop
  endfacet
  facet normal 0.835394618231824 -0.5496506452550611 0
    outer loop
      vertex 11.513449996709824 58.68174999952316 1.2
      vertex 12.62219999730587 60.366899996995926 2
      vertex 11.513449996709824 58.68174999952316 2
    endloop
  endfacet
  facet normal -1 0 0
    outer loop
      vertex 12.910400003194809 60.244850002229214 1.2
      vertex 12.910400003194809 58.68174999952316 2
      vertex 12.910400003194809 60.244850002229214 2
    endloop
  endfacet
  facet normal -0.8372404938823376 0.5468348520382178 0
    outer loop
      vertex 12.754450000822544 61.77740000188351 1.2
      vertex 10.73700000345707 58.688550002872944 2
      vertex 12.754450000822544 61.77740000188351 2
    endloop
  endfacet
  facet normal -0.9999449067597225 0.010496830249654901 0
    outer loop
      vertex 12.911716669797897 60.370277777314186 1.2
      vertex 12.910400003194809 60.244850002229214 2
      vertex 12.911716669797897 60.370277777314186 2
    endloop
  endfacet
  facet normal 0.8481673411212504 -0.5297283846041372 0
    outer loop
      vertex 12.62219999730587 60.366899996995926 1.2
      vertex 12.760077774524689 60.58766110986471 2
      vertex 12.62219999730587 60.366899996995926 2
    endloop
  endfacet
  facet normal 0.8649389030126715 -0.5018771702869503 0
    outer loop
      vertex 12.760077774524689 60.58766110986471 1.2
      vertex 12.866311110556126 60.77074444293976 2
      vertex 12.760077774524689 60.58766110986471 2
    endloop
  endfacet
  facet normal -0.9995540346360454 0.02986187942516978 0
    outer loop
      vertex 12.915666669607162 60.50249444693327 1.2
      vertex 12.911716669797897 60.370277777314186 2
      vertex 12.915666669607162 60.50249444693327 2
    endloop
  endfacet
  facet normal -0.9988803881368621 0.04730718968139758 0
    outer loop
      vertex 12.922250002622604 60.64150000363588 1.2
      vertex 12.915666669607162 60.50249444693327 2
      vertex 12.922250002622604 60.64150000363588 2
    endloop
  endfacet
  facet normal -0.9982835081291784 0.05856652113025306 0
    outer loop
      vertex 12.92961110919714 60.766972221434116 1.2
      vertex 12.922250002622604 60.64150000363588 2
      vertex 12.92961110919714 60.766972221434116 2
    endloop
  endfacet
  facet normal 0.8897629607981612 -0.4564229108969988 0
    outer loop
      vertex 12.866311110556126 60.77074444293976 1.2
      vertex 12.9408999979496 60.916150003671646 2
      vertex 12.866311110556126 60.77074444293976 2
    endloop
  endfacet
  facet normal -0.9977024241742426 0.06774859996221191 0
    outer loop
      vertex 12.935827776789665 60.85852222144604 1.2
      vertex 12.92961110919714 60.766972221434116 2
      vertex 12.935827776789665 60.85852222144604 2
    endloop
  endfacet
  facet normal -0.9961488705525726 0.08767797726244578 0
    outer loop
      vertex 12.9408999979496 60.916150003671646 1.2
      vertex 12.935827776789665 60.85852222144604 2
      vertex 12.9408999979496 60.916150003671646 2
    endloop
  endfacet
  facet normal 0 -1 0
    outer loop
      vertex 12.910400003194809 57 1.2
      vertex 13.819099999964237 57 2
      vertex 12.910400003194809 57 2
    endloop
  endfacet
  facet normal 1 0 0
    outer loop
      vertex 13.819099999964237 57 1.2
      vertex 13.819099999964237 57.97309999912977 2
      vertex 13.819099999964237 57 2
    endloop
  endfacet
  facet normal 0 -1 0
    outer loop
      vertex 14.456550002098083 57.97309999912977 1.2
      vertex 14.456550002098083 57.97309999912977 2
      vertex 13.819099999964237 57.97309999912977 2
    endloop
  endfacet
  facet normal 0 1 0
    outer loop
      vertex 14.456550002098083 58.68174999952316 1.2
      vertex 13.819099999964237 58.68174999952316 2
      vertex 14.456550002098083 58.68174999952316 2
    endloop
  endfacet
  facet normal 1 0 0
    outer loop
      vertex 14.456550002098083 57.97309999912977 1.2
      vertex 14.456550002098083 58.68174999952316 2
      vertex 14.456550002098083 57.97309999912977 2
    endloop
  endfacet
  facet normal 1 0 0
    outer loop
      vertex 13.819099999964237 58.68174999952316 1.2
      vertex 13.819099999964237 61.77740000188351 2
      vertex 13.819099999964237 58.68174999952316 2
    endloop
  endfacet
  facet normal 0 1 0
    outer loop
      vertex 13.819099999964237 61.77740000188351 1.2
      vertex 12.754450000822544 61.77740000188351 2
      vertex 13.819099999964237 61.77740000188351 2
    endloop
  endfacet
  facet normal 0 0 1
    outer loop
      vertex 10.73700000345707 57.97309999912977 2
      vertex 11.513449996709824 58.68174999952316 2
      vertex 10.73700000345707 58.688550002872944 2
    endloop
  endfacet
  facet normal 0 0 1
    outer loop
      vertex 10.73700000345707 57.97309999912977 2
      vertex 12.910400003194809 57.97309999912977 2
      vertex 11.513449996709824 58.68174999952316 2
    endloop
  endfacet
  facet normal 0 0 1
    outer loop
      vertex 11.513449996709824 58.68174999952316 2
      vertex 12.910400003194809 57.97309999912977 2
      vertex 12.910400003194809 58.68174999952316 2
    endloop
  endfacet
  facet normal 0 0 1
    outer loop
      vertex 10.73700000345707 58.688550002872944 2
      vertex 11.513449996709824 58.68174999952316 2
      vertex 12.62219999730587 60.366899996995926 2
    endloop
  endfacet
  facet normal 0 0 1
    outer loop
      vertex 10.73700000345707 58.688550002872944 2
      vertex 12.62219999730587 60.366899996995926 2
      vertex 12.760077774524689 60.58766110986471 2
    endloop
  endfacet
  facet normal 0 0 1
    outer loop
      vertex 10.73700000345707 58.688550002872944 2
      vertex 12.760077774524689 60.58766110986471 2
      vertex 12.866311110556126 60.77074444293976 2
    endloop
  endfacet
  facet normal 0 0 1
    outer loop
      vertex 10.73700000345707 58.688550002872944 2
      vertex 12.866311110556126 60.77074444293976 2
      vertex 12.9408999979496 60.916150003671646 2
    endloop
  endfacet
  facet normal 0 0 1
    outer loop
      vertex 10.73700000345707 58.688550002872944 2
      vertex 12.9408999979496 60.916150003671646 2
      vertex 12.754450000822544 61.77740000188351 2
    endloop
  endfacet
  facet normal 0 0 1
    outer loop
      vertex 12.910400003194809 57 2
      vertex 13.819099999964237 57 2
      vertex 12.910400003194809 57.97309999912977 2
    endloop
  endfacet
  facet normal 0 0 1
    outer loop
      vertex 12.910400003194809 57.97309999912977 2
      vertex 13.819099999964237 57 2
      vertex 13.819099999964237 57.97309999912977 2
    endloop
  endfacet
  facet normal 0 0 1
    outer loop
      vertex 12.910400003194809 57.97309999912977 2
      vertex 13.819099999964237 57.97309999912977 2
      vertex 13.819099999964237 58.68174999952316 2
    endloop
  endfacet
  facet normal 0 0 1
    outer loop
      vertex 12.910400003194809 57.97309999912977 2
      vertex 13.819099999964237 58.68174999952316 2
      vertex 12.910400003194809 58.68174999952316 2
    endloop
  endfacet
  facet normal 0 0 1
    outer loop
      vertex 13.819099999964237 57.97309999912977 2
      vertex 14.456550002098083 57.97309999912977 2
      vertex 14.456550002098083 58.68174999952316 2
    endloop
  endfacet
  facet normal 0 0 1
    outer loop
      vertex 13.819099999964237 57.97309999912977 2
      vertex 14.456550002098083 58.68174999952316 2
      vertex 13.819099999964237 58.68174999952316 2
    endloop
  endfacet
  facet normal 0 0 1
    outer loop
      vertex 12.910400003194809 58.68174999952316 2
      vertex 13.819099999964237 58.68174999952316 2
      vertex 12.910400003194809 60.244850002229214 2
    endloop
  endfacet
  facet normal 0 0 1
    outer loop
      vertex 12.910400003194809 60.244850002229214 2
      vertex 13.819099999964237 58.68174999952316 2
      vertex 12.911716669797897 60.370277777314186 2
    endloop
  endfacet
  facet normal 0 0 1
    outer loop
      vertex 12.911716669797897 60.370277777314186 2
      vertex 13.819099999964237 58.68174999952316 2
      vertex 12.915666669607162 60.50249444693327 2
    endloop
  endfacet
  facet normal 0 0 1
    outer loop
      vertex 12.915666669607162 60.50249444693327 2
      vertex 13.819099999964237 58.68174999952316 2
      vertex 12.922250002622604 60.64150000363588 2
    endloop
  endfacet
  facet normal 0 0 1
    outer loop
      vertex 12.922250002622604 60.64150000363588 2
      vertex 13.819099999964237 58.68174999952316 2
      vertex 12.92961110919714 60.766972221434116 2
    endloop
  endfacet
  facet normal 0 0 1
    outer loop
      vertex 12.92961110919714 60.766972221434116 2
      vertex 13.819099999964237 58.68174999952316 2
      vertex 12.935827776789665 60.85852222144604 2
    endloop
  endfacet
  facet normal 0 0 1
    outer loop
      vertex 12.935827776789665 60.85852222144604 2
      vertex 13.819099999964237 58.68174999952316 2
      vertex 12.9408999979496 60.916150003671646 2
    endloop
  endfacet
  facet normal 0 0 1
    outer loop
      vertex 12.9408999979496 60.916150003671646 2
      vertex 13.819099999964237 58.68174999952316 2
      vertex 13.819099999964237 61.77740000188351 2
    endloop
  endfacet
  facet normal 0 0 1
    outer loop
      vertex 12.9408999979496 60.916150003671646 2
      vertex 13.819099999964237 61.77740000188351 2
      vertex 12.754450000822544 61.77740000188351 2
    endloop
  endfacet
  facet normal 0.9683791270418814 0.24948319845152636 0
    outer loop
      vertex 21.36828000098467 10 0.6
      vertex 20.383639998733997 13.82192000001669 0.6
      vertex 20.383639998733997 13.82192000001669 1.2
    endloop
  endfacet
  facet normal 0 0 1
    outer loop
      vertex 21.36828000098467 10 0.6
      vertex 22.317639999091625 10 0.6
      vertex 21.87280000001192 10.756800003349781 0.6
    endloop
  endfacet
  facet normal 0 0 1
    outer loop
      vertex 21.36828000098467 10 0.6
      vertex 21.87280000001192 10.756800003349781 0.6
      vertex 21.748000003397465 11.35351999849081 0.6
    endloop
  endfacet
  facet normal 0 0 1
    outer loop
      vertex 21.36828000098467 10 0.6
      vertex 21.748000003397465 11.35351999849081 0.6
      vertex 20.383639998733997 13.82192000001669 0.6
    endloop
  endfacet
  facet normal 0 0 1
    outer loop
      vertex 22.317639999091625 10 0.6
      vertex 22.730619996786118 11.771600000560284 0.6
      vertex 21.87280000001192 10.756800003349781 0.6
    endloop
  endfacet
  facet normal 0 0 1
    outer loop
      vertex 21.87280000001192 10.756800003349781 0.6
      vertex 22.730619996786118 11.771600000560284 0.6
      vertex 21.947709999978542 11.125359997153282 0.6
    endloop
  endfacet
  facet normal 0 0 1
    outer loop
      vertex 21.947709999978542 11.125359997153282 0.6
      vertex 22.730619996786118 11.771600000560284 0.6
      vertex 22.020599998533726 11.476960003376007 0.6
    endloop
  endfacet
  facet normal 0 0 1
    outer loop
      vertex 22.020599998533726 11.476960003376007 0.6
      vertex 22.730619996786118 11.771600000560284 0.6
      vertex 22.191849999129772 12.234760001301765 0.6
    endloop
  endfacet
  facet normal 0 0 1
    outer loop
      vertex 22.730619996786118 11.771600000560284 0.6
      vertex 22.895400002598763 12.486000001430511 0.6
      vertex 22.191849999129772 12.234760001301765 0.6
    endloop
  endfacet
  facet normal 0 0 1
    outer loop
      vertex 23.679320000112057 10 0.6
      vertex 24.132320001721382 10.756800003349781 0.6
      vertex 23.161239996552467 12.21068000048399 0.6
    endloop
  endfacet
  facet normal 0 0 1
    outer loop
      vertex 23.679320000112057 10 0.6
      vertex 24.628679998219013 10 0.6
      vertex 24.132320001721382 10.756800003349781 0.6
    endloop
  endfacet
  facet normal 0 0 1
    outer loop
      vertex 24.628679998219013 10 0.6
      vertex 24.200120002031326 11.071439996361732 0.6
      vertex 24.132320001721382 10.756800003349781 0.6
    endloop
  endfacet
  facet normal 0 0 1
    outer loop
      vertex 23.161239996552467 12.21068000048399 0.6
      vertex 24.132320001721382 10.756800003349781 0.6
      vertex 24.016350001096725 11.415919996798038 0.6
    endloop
  endfacet
  facet normal 0 0 1
    outer loop
      vertex 23.161239996552467 12.21068000048399 0.6
      vertex 24.016350001096725 11.415919996798038 0.6
      vertex 23.9397199973464 11.787519998848438 0.6
    endloop
  endfacet
  facet normal 0 0 1
    outer loop
      vertex 24.628679998219013 10 0.6
      vertex 25.616039998829365 13.82192000001669 0.6
      vertex 24.200120002031326 11.071439996361732 0.6
    endloop
  endfacet
  facet normal 0 0 1
    outer loop
      vertex 21.748000003397465 11.35351999849081 0.6
      vertex 21.194679997861385 13.82192000001669 0.6
      vertex 20.383639998733997 13.82192000001669 0.6
    endloop
  endfacet
  facet normal 0 0 1
    outer loop
      vertex 22.191849999129772 12.234760001301765 0.6
      vertex 22.895400002598763 12.486000001430511 0.6
      vertex 22.942189998924732 12.714189998805523 0.6
    endloop
  endfacet
  facet normal 0 0 1
    outer loop
      vertex 22.191849999129772 12.234760001301765 0.6
      vertex 22.942189998924732 12.714189998805523 0.6
      vertex 22.561760000884533 13.82192000001669 0.6
    endloop
  endfacet
  facet normal 0 0 1
    outer loop
      vertex 22.942189998924732 12.714189998805523 0.6
      vertex 23.00119999796152 13.027159996330738 0.6
      vertex 22.561760000884533 13.82192000001669 0.6
    endloop
  endfacet
  facet normal 0 0 1
    outer loop
      vertex 23.073749996721745 12.610100001096725 0.6
      vertex 23.456880003213882 13.82192000001669 0.6
      vertex 23.00119999796152 13.027159996330738 0.6
    endloop
  endfacet
  facet normal 0 0 1
    outer loop
      vertex 23.00119999796152 13.027159996330738 0.6
      vertex 23.456880003213882 13.82192000001669 0.6
      vertex 22.561760000884533 13.82192000001669 0.6
    endloop
  endfacet
  facet normal 0 0 1
    outer loop
      vertex 23.161239996552467 12.21068000048399 0.6
      vertex 23.9397199973464 11.787519998848438 0.6
      vertex 23.073749996721745 12.610100001096725 0.6
    endloop
  endfacet
  facet normal 0 0 1
    outer loop
      vertex 23.073749996721745 12.610100001096725 0.6
      vertex 23.9397199973464 11.787519998848438 0.6
      vertex 23.456880003213882 13.82192000001669 0.6
    endloop
  endfacet
  facet normal 0 0 1
    outer loop
      vertex 24.200120002031326 11.071439996361732 0.6
      vertex 25.616039998829365 13.82192000001669 0.6
      vertex 24.343879997730255 11.695320002734661 0.6
    endloop
  endfacet
  facet normal 0 0 1
    outer loop
      vertex 24.343879997730255 11.695320002734661 0.6
      vertex 25.616039998829365 13.82192000001669 0.6
      vertex 24.804999999701977 13.82192000001669 0.6
    endloop
  endfacet
  facet normal 0 1 0
    outer loop
      vertex 21.36828000098467 10 0.6
      vertex 21.36828000098467 10 1.2
      vertex 22.317639999091625 10 0.6
    endloop
  endfacet
  facet normal -0.9788218235704623 -0.20471403884979392 0
    outer loop
      vertex 21.87280000001192 10.756800003349781 0.6
      vertex 21.87280000001192 10.756800003349781 1.2
      vertex 21.748000003397465 11.35351999849081 0.6
    endloop
  endfacet
  facet normal 0.9799633225252531 -0.19917802716481256 0
    outer loop
      vertex 21.87280000001192 10.756800003349781 0.6
      vertex 21.947709999978542 11.125359997153282 0.6
      vertex 21.947709999978542 11.125359997153282 1.2
    endloop
  endfacet
  facet normal 0.9791801307720515 -0.20299327944842946 0
    outer loop
      vertex 21.947709999978542 11.125359997153282 0.6
      vertex 22.020599998533726 11.476960003376007 0.6
      vertex 22.020599998533726 11.476960003376007 1.2
    endloop
  endfacet
  facet normal -0.9757846889389765 -0.21873326411925764 0
    outer loop
      vertex 21.748000003397465 11.35351999849081 0.6
      vertex 21.748000003397465 11.35351999849081 1.2
      vertex 21.194679997861385 13.82192000001669 0.6
    endloop
  endfacet
  facet normal -0.9738890357707944 0.2270245493452901 0
    outer loop
      vertex 22.317639999091625 10 0.6
      vertex 22.317639999091625 10 1.2
      vertex 22.730619996786118 11.771600000560284 0.6
    endloop
  endfacet
  facet normal 0.9754039664374423 -0.2204248222367543 0
    outer loop
      vertex 22.020599998533726 11.476960003376007 0.6
      vertex 22.191849999129772 12.234760001301765 0.6
      vertex 22.191849999129772 12.234760001301765 1.2
    endloop
  endfacet
  facet normal 0.9736210189482717 0.22817123276637918 0
    outer loop
      vertex 23.679320000112057 10 0.6
      vertex 23.161239996552467 12.21068000048399 0.6
      vertex 23.161239996552467 12.21068000048399 1.2
    endloop
  endfacet
  facet normal -0.9744155557355221 0.22475392041215547 0
    outer loop
      vertex 22.730619996786118 11.771600000560284 0.6
      vertex 22.730619996786118 11.771600000560284 1.2
      vertex 22.895400002598763 12.486000001430511 0.6
    endloop
  endfacet
  facet normal 0 1 0
    outer loop
      vertex 23.679320000112057 10 0.6
      vertex 23.679320000112057 10 1.2
      vertex 24.628679998219013 10 0.6
    endloop
  endfacet
  facet normal -0.9848717307544602 -0.17328495018527712 0
    outer loop
      vertex 24.132320001721382 10.756800003349781 0.6
      vertex 24.132320001721382 10.756800003349781 1.2
      vertex 24.016350001096725 11.415919996798038 0.6
    endloop
  endfacet
  facet normal 0.9775617046202063 -0.2106492669344865 0
    outer loop
      vertex 24.132320001721382 10.756800003349781 0.6
      vertex 24.200120002031326 11.071439996361732 0.6
      vertex 24.200120002031326 11.071439996361732 1.2
    endloop
  endfacet
  facet normal -0.979392380544418 -0.20196674214220986 0
    outer loop
      vertex 24.016350001096725 11.415919996798038 0.6
      vertex 24.016350001096725 11.415919996798038 1.2
      vertex 23.9397199973464 11.787519998848438 0.6
    endloop
  endfacet
  facet normal 0.9744638033852068 -0.22454464120089151 0
    outer loop
      vertex 24.200120002031326 11.071439996361732 0.6
      vertex 24.343879997730255 11.695320002734661 0.6
      vertex 24.343879997730255 11.695320002734661 1.2
    endloop
  endfacet
  facet normal -0.9682124382159109 0.25012931552299295 0
    outer loop
      vertex 24.628679998219013 10 0.6
      vertex 24.628679998219013 10 1.2
      vertex 25.616039998829365 13.82192000001669 0.6
    endloop
  endfacet
  facet normal 0 -1 0
    outer loop
      vertex 20.383639998733997 13.82192000001669 0.6
      vertex 21.194679997861385 13.82192000001669 0.6
      vertex 21.194679997861385 13.82192000001669 1.2
    endloop
  endfacet
  facet normal -0.9796180847731009 0.2008691314898375 0
    outer loop
      vertex 22.895400002598763 12.486000001430511 0.6
      vertex 22.895400002598763 12.486000001430511 1.2
      vertex 22.942189998924732 12.714189998805523 0.6
    endloop
  endfacet
  facet normal 0.9768403084159664 0.21396965171210566 0
    outer loop
      vertex 23.161239996552467 12.21068000048399 0.6
      vertex 23.073749996721745 12.610100001096725 0.6
      vertex 23.073749996721745 12.610100001096725 1.2
    endloop
  endfacet
  facet normal -0.982685068389975 0.18528371855991516 0
    outer loop
      vertex 22.942189998924732 12.714189998805523 0.6
      vertex 22.942189998924732 12.714189998805523 1.2
      vertex 23.00119999796152 13.027159996330738 0.6
    endloop
  endfacet
  facet normal 0.9852046456799785 0.17138204728205397 0
    outer loop
      vertex 23.073749996721745 12.610100001096725 0.6
      vertex 23.00119999796152 13.027159996330738 0.6
      vertex 23.00119999796152 13.027159996330738 1.2
    endloop
  endfacet
  facet normal 0.973899202445698 -0.22698093196485297 0
    outer loop
      vertex 22.191849999129772 12.234760001301765 0.6
      vertex 22.561760000884533 13.82192000001669 0.6
      vertex 22.561760000884533 13.82192000001669 1.2
    endloop
  endfacet
  facet normal 0 -1 0
    outer loop
      vertex 22.561760000884533 13.82192000001669 0.6
      vertex 23.456880003213882 13.82192000001669 0.6
      vertex 23.456880003213882 13.82192000001669 1.2
    endloop
  endfacet
  facet normal -0.9729720221141005 -0.23092302653308155 0
    outer loop
      vertex 23.456880003213882 13.82192000001669 0.6
      vertex 23.9397199973464 11.787519998848438 0.6
      vertex 23.9397199973464 11.787519998848438 1.2
    endloop
  endfacet
  facet normal 0.9772892062720188 -0.21190990374262236 0
    outer loop
      vertex 24.343879997730255 11.695320002734661 0.6
      vertex 24.804999999701977 13.82192000001669 0.6
      vertex 24.804999999701977 13.82192000001669 1.2
    endloop
  endfacet
  facet normal 0 -1 0
    outer loop
      vertex 24.804999999701977 13.82192000001669 0.6
      vertex 25.616039998829365 13.82192000001669 0.6
      vertex 25.616039998829365 13.82192000001669 1.2
    endloop
  endfacet
  facet normal 0 -1 0
    outer loop
      vertex 20.383639998733997 13.82192000001669 0.6
      vertex 21.194679997861385 13.82192000001669 1.2
      vertex 20.383639998733997 13.82192000001669 1.2
    endloop
  endfacet
  facet normal 0 1 0
    outer loop
      vertex 22.317639999091625 10 0.6
      vertex 21.36828000098467 10 1.2
      vertex 22.317639999091625 10 1.2
    endloop
  endfacet
  facet normal 0.9799633225252531 -0.19917802716481256 0
    outer loop
      vertex 21.87280000001192 10.756800003349781 0.6
      vertex 21.947709999978542 11.125359997153282 1.2
      vertex 21.87280000001192 10.756800003349781 1.2
    endloop
  endfacet
  facet normal -0.9788218235704623 -0.20471403884979392 0
    outer loop
      vertex 21.748000003397465 11.35351999849081 0.6
      vertex 21.87280000001192 10.756800003349781 1.2
      vertex 21.748000003397465 11.35351999849081 1.2
    endloop
  endfacet
  facet normal 0.9683791270418814 0.24948319845152636 0
    outer loop
      vertex 21.36828000098467 10 0.6
      vertex 20.383639998733997 13.82192000001669 1.2
      vertex 21.36828000098467 10 1.2
    endloop
  endfacet
  facet normal 0.9791801307720515 -0.20299327944842946 0
    outer loop
      vertex 21.947709999978542 11.125359997153282 0.6
      vertex 22.020599998533726 11.476960003376007 1.2
      vertex 21.947709999978542 11.125359997153282 1.2
    endloop
  endfacet
  facet normal -0.9738890357707944 0.2270245493452901 0
    outer loop
      vertex 22.730619996786118 11.771600000560284 0.6
      vertex 22.317639999091625 10 1.2
      vertex 22.730619996786118 11.771600000560284 1.2
    endloop
  endfacet
  facet normal 0.9754039664374423 -0.2204248222367543 0
    outer loop
      vertex 22.020599998533726 11.476960003376007 0.6
      vertex 22.191849999129772 12.234760001301765 1.2
      vertex 22.020599998533726 11.476960003376007 1.2
    endloop
  endfacet
  facet normal 0 1 0
    outer loop
      vertex 24.628679998219013 10 0.6
      vertex 23.679320000112057 10 1.2
      vertex 24.628679998219013 10 1.2
    endloop
  endfacet
  facet normal 0.9736210189482717 0.22817123276637918 0
    outer loop
      vertex 23.679320000112057 10 0.6
      vertex 23.161239996552467 12.21068000048399 1.2
      vertex 23.679320000112057 10 1.2
    endloop
  endfacet
  facet normal 0.9775617046202063 -0.2106492669344865 0
    outer loop
      vertex 24.132320001721382 10.756800003349781 0.6
      vertex 24.200120002031326 11.071439996361732 1.2
      vertex 24.132320001721382 10.756800003349781 1.2
    endloop
  endfacet
  facet normal -0.979392380544418 -0.20196674214220986 0
    outer loop
      vertex 23.9397199973464 11.787519998848438 0.6
      vertex 24.016350001096725 11.415919996798038 1.2
      vertex 23.9397199973464 11.787519998848438 1.2
    endloop
  endfacet
  facet normal -0.9848717307544602 -0.17328495018527712 0
    outer loop
      vertex 24.016350001096725 11.415919996798038 0.6
      vertex 24.132320001721382 10.756800003349781 1.2
      vertex 24.016350001096725 11.415919996798038 1.2
    endloop
  endfacet
  facet normal 0.9744638033852068 -0.22454464120089151 0
    outer loop
      vertex 24.200120002031326 11.071439996361732 0.6
      vertex 24.343879997730255 11.695320002734661 1.2
      vertex 24.200120002031326 11.071439996361732 1.2
    endloop
  endfacet
  facet normal -0.9757846889389765 -0.21873326411925764 0
    outer loop
      vertex 21.194679997861385 13.82192000001669 0.6
      vertex 21.748000003397465 11.35351999849081 1.2
      vertex 21.194679997861385 13.82192000001669 1.2
    endloop
  endfacet
  facet normal 0.973899202445698 -0.22698093196485297 0
    outer loop
      vertex 22.191849999129772 12.234760001301765 0.6
      vertex 22.561760000884533 13.82192000001669 1.2
      vertex 22.191849999129772 12.234760001301765 1.2
    endloop
  endfacet
  facet normal -0.9744155557355221 0.22475392041215547 0
    outer loop
      vertex 22.895400002598763 12.486000001430511 0.6
      vertex 22.730619996786118 11.771600000560284 1.2
      vertex 22.895400002598763 12.486000001430511 1.2
    endloop
  endfacet
  facet normal -0.9796180847731009 0.2008691314898375 0
    outer loop
      vertex 22.942189998924732 12.714189998805523 0.6
      vertex 22.895400002598763 12.486000001430511 1.2
      vertex 22.942189998924732 12.714189998805523 1.2
    endloop
  endfacet
  facet normal 0.9768403084159664 0.21396965171210566 0
    outer loop
      vertex 23.161239996552467 12.21068000048399 0.6
      vertex 23.073749996721745 12.610100001096725 1.2
      vertex 23.161239996552467 12.21068000048399 1.2
    endloop
  endfacet
  facet normal -0.982685068389975 0.18528371855991516 0
    outer loop
      vertex 23.00119999796152 13.027159996330738 0.6
      vertex 22.942189998924732 12.714189998805523 1.2
      vertex 23.00119999796152 13.027159996330738 1.2
    endloop
  endfacet
  facet normal 0.9852046456799785 0.17138204728205397 0
    outer loop
      vertex 23.073749996721745 12.610100001096725 0.6
      vertex 23.00119999796152 13.027159996330738 1.2
      vertex 23.073749996721745 12.610100001096725 1.2
    endloop
  endfacet
  facet normal 0 -1 0
    outer loop
      vertex 22.561760000884533 13.82192000001669 0.6
      vertex 23.456880003213882 13.82192000001669 1.2
      vertex 22.561760000884533 13.82192000001669 1.2
    endloop
  endfacet
  facet normal -0.9729720221141005 -0.23092302653308155 0
    outer loop
      vertex 23.456880003213882 13.82192000001669 0.6
      vertex 23.9397199973464 11.787519998848438 1.2
      vertex 23.456880003213882 13.82192000001669 1.2
    endloop
  endfacet
  facet normal 0.9772892062720188 -0.21190990374262236 0
    outer loop
      vertex 24.343879997730255 11.695320002734661 0.6
      vertex 24.804999999701977 13.82192000001669 1.2
      vertex 24.343879997730255 11.695320002734661 1.2
    endloop
  endfacet
  facet normal -0.9682124382159109 0.25012931552299295 0
    outer loop
      vertex 25.616039998829365 13.82192000001669 0.6
      vertex 24.628679998219013 10 1.2
      vertex 25.616039998829365 13.82192000001669 1.2
    endloop
  endfacet
  facet normal 0 -1 0
    outer loop
      vertex 24.804999999701977 13.82192000001669 0.6
      vertex 25.616039998829365 13.82192000001669 1.2
      vertex 24.804999999701977 13.82192000001669 1.2
    endloop
  endfacet
  facet normal 0 0 1
    outer loop
      vertex 55.59978000074625 10 0.6
      vertex 56.39998000115156 10 0.6
      vertex 55.59978000074625 13.203479997813702 0.6
    endloop
  endfacet
  facet normal 0 0 1
    outer loop
      vertex 56.39998000115156 10 0.6
      vertex 56.39998000115156 13.203479997813702 0.6
      vertex 55.59978000074625 13.203479997813702 0.6
    endloop
  endfacet
  facet normal 0 0 1
    outer loop
      vertex 54.365620002150536 13.203479997813702 0.6
      vertex 55.59978000074625 13.203479997813702 0.6
      vertex 54.365620002150536 13.82192000001669 0.6
    endloop
  endfacet
  facet normal 0 0 1
    outer loop
      vertex 55.59978000074625 13.203479997813702 0.6
      vertex 57.63690000027418 13.82192000001669 0.6
      vertex 54.365620002150536 13.82192000001669 0.6
    endloop
  endfacet
  facet normal 0 0 1
    outer loop
      vertex 55.59978000074625 13.203479997813702 0.6
      vertex 56.39998000115156 13.203479997813702 0.6
      vertex 57.63690000027418 13.82192000001669 0.6
    endloop
  endfacet
  facet normal 0 0 1
    outer loop
      vertex 56.39998000115156 13.203479997813702 0.6
      vertex 57.63690000027418 13.203479997813702 0.6
      vertex 57.63690000027418 13.82192000001669 0.6
    endloop
  endfacet
  facet normal 0 1 0
    outer loop
      vertex 55.59978000074625 10 0.6
      vertex 55.59978000074625 10 1.2
      vertex 56.39998000115156 10 0.6
    endloop
  endfacet
  facet normal 1 0 0
    outer loop
      vertex 55.59978000074625 10 0.6
      vertex 55.59978000074625 13.203479997813702 0.6
      vertex 55.59978000074625 13.203479997813702 1.2
    endloop
  endfacet
  facet normal -1 0 0
    outer loop
      vertex 56.39998000115156 10 0.6
      vertex 56.39998000115156 10 1.2
      vertex 56.39998000115156 13.203479997813702 0.6
    endloop
  endfacet
  facet normal 1 0 0
    outer loop
      vertex 54.365620002150536 13.203479997813702 0.6
      vertex 54.365620002150536 13.82192000001669 0.6
      vertex 54.365620002150536 13.82192000001669 1.2
    endloop
  endfacet
  facet normal 0 1 0
    outer loop
      vertex 54.365620002150536 13.203479997813702 0.6
      vertex 54.365620002150536 13.203479997813702 1.2
      vertex 55.59978000074625 13.203479997813702 0.6
    endloop
  endfacet
  facet normal 0 1 0
    outer loop
      vertex 56.39998000115156 13.203479997813702 0.6
      vertex 56.39998000115156 13.203479997813702 1.2
      vertex 57.63690000027418 13.203479997813702 0.6
    endloop
  endfacet
  facet normal 0 -1 0
    outer loop
      vertex 54.365620002150536 13.82192000001669 0.6
      vertex 57.63690000027418 13.82192000001669 0.6
      vertex 57.63690000027418 13.82192000001669 1.2
    endloop
  endfacet
  facet normal -1 0 0
    outer loop
      vertex 57.63690000027418 13.203479997813702 0.6
      vertex 57.63690000027418 13.203479997813702 1.2
      vertex 57.63690000027418 13.82192000001669 0.6
    endloop
  endfacet
  facet normal 0 1 0
    outer loop
      vertex 56.39998000115156 10 0.6
      vertex 55.59978000074625 10 1.2
      vertex 56.39998000115156 10 1.2
    endloop
  endfacet
  facet normal 1 0 0
    outer loop
      vertex 55.59978000074625 10 0.6
      vertex 55.59978000074625 13.203479997813702 1.2
      vertex 55.59978000074625 10 1.2
    endloop
  endfacet
  facet normal -1 0 0
    outer loop
      vertex 56.39998000115156 13.203479997813702 0.6
      vertex 56.39998000115156 10 1.2
      vertex 56.39998000115156 13.203479997813702 1.2
    endloop
  endfacet
  facet normal 1 0 0
    outer loop
      vertex 54.365620002150536 13.203479997813702 0.6
      vertex 54.365620002150536 13.82192000001669 1.2
      vertex 54.365620002150536 13.203479997813702 1.2
    endloop
  endfacet
  facet normal 0 1 0
    outer loop
      vertex 55.59978000074625 13.203479997813702 0.6
      vertex 54.365620002150536 13.203479997813702 1.2
      vertex 55.59978000074625 13.203479997813702 1.2
    endloop
  endfacet
  facet normal 0 -1 0
    outer loop
      vertex 54.365620002150536 13.82192000001669 0.6
      vertex 57.63690000027418 13.82192000001669 1.2
      vertex 54.365620002150536 13.82192000001669 1.2
    endloop
  endfacet
  facet normal 0 1 0
    outer loop
      vertex 57.63690000027418 13.203479997813702 0.6
      vertex 56.39998000115156 13.203479997813702 1.2
      vertex 57.63690000027418 13.203479997813702 1.2
    endloop
  endfacet
  facet normal -1 0 0
    outer loop
      vertex 57.63690000027418 13.82192000001669 0.6
      vertex 57.63690000027418 13.203479997813702 1.2
      vertex 57.63690000027418 13.82192000001669 1.2
    endloop
  endfacet
  facet normal 0 0 1
    outer loop
      vertex 68.82923199981451 10.00841599702835 0.6
      vertex 69.24342399835587 9.95660799741745 0.6
      vertex 69.08120000362396 10.462751999497414 0.6
    endloop
  endfacet
  facet normal 0 0 1
    outer loop
      vertex 69.24342399835587 9.95660799741745 0.6
      vertex 69.71457599848509 10.028488002717495 0.6
      vertex 69.45472799986601 10.476856000721455 0.6
    endloop
  endfacet
  facet normal 0 0 1
    outer loop
      vertex 68.28293599933386 10.41745600104332 0.6
      vertex 68.50671999901533 10.163840003311634 0.6
      vertex 68.84087999910116 10.6450399979949 0.6
    endloop
  endfacet
  facet normal 0 0 1
    outer loop
      vertex 68.28293599933386 10.41745600104332 0.6
      vertex 68.84087999910116 10.6450399979949 0.6
      vertex 68.77471999824047 10.813759997487068 0.6
    endloop
  endfacet
  facet normal 0 0 1
    outer loop
      vertex 68.28293599933386 10.41745600104332 0.6
      vertex 68.77471999824047 10.813759997487068 0.6
      vertex 68.16492799669504 10.76383999735117 0.6
    endloop
  endfacet
  facet normal 0 0 1
    outer loop
      vertex 68.2539199963212 11.336736001074314 0.6
      vertex 68.84848000109196 11.336736001074314 0.6
      vertex 68.86367999762297 11.831487998366356 0.6
    endloop
  endfacet
  facet normal 0 0 1
    outer loop
      vertex 68.2539199963212 11.336736001074314 0.6
      vertex 68.86367999762297 11.831487998366356 0.6
      vertex 68.3602240011096 13.057535998523235 0.6
    endloop
  endfacet
  facet normal 0 0 1
    outer loop
      vertex 68.82923199981451 10.00841599702835 0.6
      vertex 68.94393599778414 10.52947200089693 0.6
      vertex 68.50671999901533 10.163840003311634 0.6
    endloop
  endfacet
  facet normal 0 0 1
    outer loop
      vertex 68.82923199981451 10.00841599702835 0.6
      vertex 69.08120000362396 10.462751999497414 0.6
      vertex 68.94393599778414 10.52947200089693 0.6
    endloop
  endfacet
  facet normal 0 0 1
    outer loop
      vertex 68.50671999901533 10.163840003311634 0.6
      vertex 68.94393599778414 10.52947200089693 0.6
      vertex 68.84087999910116 10.6450399979949 0.6
    endloop
  endfacet
  facet normal 0 0 1
    outer loop
      vertex 69.24342399835587 9.95660799741745 0.6
      vertex 69.24992000311613 10.440512001514435 0.6
      vertex 69.08120000362396 10.462751999497414 0.6
    endloop
  endfacet
  facet normal 0 0 1
    outer loop
      vertex 69.24342399835587 9.95660799741745 0.6
      vertex 69.45472799986601 10.476856000721455 0.6
      vertex 69.24992000311613 10.440512001514435 0.6
    endloop
  endfacet
  facet normal 0 0 1
    outer loop
      vertex 69.71457599848509 10.028488002717495 0.6
      vertex 69.61340799927711 10.585887998342514 0.6
      vertex 69.45472799986601 10.476856000721455 0.6
    endloop
  endfacet
  facet normal 0 0 1
    outer loop
      vertex 69.71457599848509 10.028488002717495 0.6
      vertex 70.07344000041485 10.244128003716469 0.6
      vertex 69.61340799927711 10.585887998342514 0.6
    endloop
  endfacet
  facet normal 0 0 1
    outer loop
      vertex 69.61340799927711 10.585887998342514 0.6
      vertex 70.07344000041485 10.244128003716469 0.6
      vertex 69.71512000262737 10.763296000659466 0.6
    endloop
  endfacet
  facet normal 0 0 1
    outer loop
      vertex 69.71512000262737 10.763296000659466 0.6
      vertex 70.07344000041485 10.244128003716469 0.6
      vertex 70.30048000067472 10.581288002431393 0.6
    endloop
  endfacet
  facet normal 0 0 1
    outer loop
      vertex 69.71512000262737 10.763296000659466 0.6
      vertex 70.30048000067472 10.581288002431393 0.6
      vertex 69.74902399629354 11.004703998565674 0.6
    endloop
  endfacet
  facet normal 0 0 1
    outer loop
      vertex 69.74902399629354 11.004703998565674 0.6
      vertex 70.37616000324488 11.017728000879288 0.6
      vertex 69.71701599657536 11.221423998475075 0.6
    endloop
  endfacet
  facet normal 0 0 1
    outer loop
      vertex 68.84848000109196 11.336736001074314 0.6
      vertex 69.0323840007186 11.484815999865532 0.6
      vertex 68.86367999762297 11.831487998366356 0.6
    endloop
  endfacet
  facet normal 0 0 1
    outer loop
      vertex 69.0323840007186 11.484815999865532 0.6
      vertex 69.26294399797916 11.534175999462605 0.6
      vertex 69.11268799751997 11.977959997951984 0.6
    endloop
  endfacet
  facet normal 0 0 1
    outer loop
      vertex 69.0323840007186 11.484815999865532 0.6
      vertex 69.11268799751997 11.977959997951984 0.6
      vertex 68.86367999762297 11.831487998366356 0.6
    endloop
  endfacet
  facet normal 0 0 1
    outer loop
      vertex 69.26294399797916 11.534175999462605 0.6
      vertex 69.46746399998665 11.498095996677876 0.6
      vertex 69.41702400147915 12.026784002780914 0.6
    endloop
  endfacet
  facet normal 0 0 1
    outer loop
      vertex 69.26294399797916 11.534175999462605 0.6
      vertex 69.41702400147915 12.026784002780914 0.6
      vertex 69.11268799751997 11.977959997951984 0.6
    endloop
  endfacet
  facet normal 0 0 1
    outer loop
      vertex 69.46746399998665 11.498095996677876 0.6
      vertex 69.62099199742079 11.38985600322485 0.6
      vertex 69.80951199680567 11.958967998623848 0.6
    endloop
  endfacet
  facet normal 0 0 1
    outer loop
      vertex 69.71701599657536 11.221423998475075 0.6
      vertex 70.11465600132942 11.75552000105381 0.6
      vertex 69.62099199742079 11.38985600322485 0.6
    endloop
  endfacet
  facet normal 0 0 1
    outer loop
      vertex 69.46746399998665 11.498095996677876 0.6
      vertex 69.80951199680567 11.958967998623848 0.6
      vertex 69.41702400147915 12.026784002780914 0.6
    endloop
  endfacet
  facet normal 0 0 1
    outer loop
      vertex 69.62099199742079 11.38985600322485 0.6
      vertex 70.11465600132942 11.75552000105381 0.6
      vertex 69.80951199680567 11.958967998623848 0.6
    endloop
  endfacet
  facet normal 0 0 1
    outer loop
      vertex 70.30048000067472 10.581288002431393 0.6
      vertex 70.37616000324488 11.017728000879288 0.6
      vertex 69.74902399629354 11.004703998565674 0.6
    endloop
  endfacet
  facet normal 0 0 1
    outer loop
      vertex 69.71701599657536 11.221423998475075 0.6
      vertex 70.37616000324488 11.017728000879288 0.6
      vertex 70.31078399717808 11.43545600026846 0.6
    endloop
  endfacet
  facet normal 0 0 1
    outer loop
      vertex 69.71701599657536 11.221423998475075 0.6
      vertex 70.31078399717808 11.43545600026846 0.6
      vertex 70.11465600132942 11.75552000105381 0.6
    endloop
  endfacet
  facet normal 0 0 1
    outer loop
      vertex 68.86367999762297 11.831487998366356 0.6
      vertex 68.91359999775887 12.604000002145767 0.6
      vertex 68.3602240011096 13.057535998523235 0.6
    endloop
  endfacet
  facet normal 0 0 1
    outer loop
      vertex 68.91359999775887 12.604000002145767 0.6
      vertex 70.1982399970293 13.057535998523235 0.6
      vertex 68.3602240011096 13.057535998523235 0.6
    endloop
  endfacet
  facet normal 0 0 1
    outer loop
      vertex 68.91359999775887 12.604000002145767 0.6
      vertex 70.1982399970293 12.604000002145767 0.6
      vertex 70.1982399970293 13.057535998523235 0.6
    endloop
  endfacet
  facet normal 0.43413406991302633 0.9008482720973336 0
    outer loop
      vertex 68.82923199981451 10.00841599702835 0.6
      vertex 68.50671999901533 10.163840003311634 0.6
      vertex 68.50671999901533 10.163840003311634 1.2
    endloop
  endfacet
  facet normal 0.1241149333973537 0.9922678485710249 0
    outer loop
      vertex 68.82923199981451 10.00841599702835 0.6
      vertex 68.82923199981451 10.00841599702835 1.2
      vertex 69.24342399835587 9.95660799741745 0.6
    endloop
  endfacet
  facet normal -0.1508171845026903 0.9885616707412247 0
    outer loop
      vertex 69.24342399835587 9.95660799741745 0.6
      vertex 69.24342399835587 9.95660799741745 1.2
      vertex 69.71457599848509 10.028488002717495 0.6
    endloop
  endfacet
  facet normal -0.515060458271475 0.8571538510239444 0
    outer loop
      vertex 69.71457599848509 10.028488002717495 0.6
      vertex 69.71457599848509 10.028488002717495 1.2
      vertex 70.07344000041485 10.244128003716469 0.6
    endloop
  endfacet
  facet normal 0.7498302601316554 0.6616302449184847 0
    outer loop
      vertex 68.28293599933386 10.41745600104332 0.6
      vertex 68.28293599933386 10.41745600104332 1.2
      vertex 68.50671999901533 10.163840003311634 0.6
    endloop
  endfacet
  facet normal 0.9465748106742574 0.3224843062801566 0
    outer loop
      vertex 68.28293599933386 10.41745600104332 0.6
      vertex 68.16492799669504 10.76383999735117 0.6
      vertex 68.16492799669504 10.76383999735117 1.2
    endloop
  endfacet
  facet normal 0.08159103661542995 -0.9966658932380598 0
    outer loop
      vertex 68.16492799669504 10.76383999735117 0.6
      vertex 68.77471999824047 10.813759997487068 0.6
      vertex 68.77471999824047 10.813759997487068 1.2
    endloop
  endfacet
  facet normal 0 1 0
    outer loop
      vertex 68.2539199963212 11.336736001074314 0.6
      vertex 68.2539199963212 11.336736001074314 1.2
      vertex 68.84848000109196 11.336736001074314 0.6
    endloop
  endfacet
  facet normal -0.4371632554841548 -0.899382170189345 0
    outer loop
      vertex 68.94393599778414 10.52947200089693 0.6
      vertex 69.08120000362396 10.462751999497414 0.6
      vertex 69.08120000362396 10.462751999497414 1.2
    endloop
  endfacet
  facet normal -0.7463536926229665 -0.6655495214543112 0
    outer loop
      vertex 68.94393599778414 10.52947200089693 0.6
      vertex 68.94393599778414 10.52947200089693 1.2
      vertex 68.84087999910116 10.6450399979949 0.6
    endloop
  endfacet
  facet normal -0.13068554362643642 -0.9914238693349392 0
    outer loop
      vertex 69.08120000362396 10.462751999497414 0.6
      vertex 69.24992000311613 10.440512001514435 0.6
      vertex 69.24992000311613 10.440512001514435 1.2
    endloop
  endfacet
  facet normal -0.9309820219439252 -0.3650650282034706 0
    outer loop
      vertex 68.84087999910116 10.6450399979949 0.6
      vertex 68.84087999910116 10.6450399979949 1.2
      vertex 68.77471999824047 10.813759997487068 0.6
    endloop
  endfacet
  facet normal 0.1747243001834536 -0.9846173972286912 0
    outer loop
      vertex 69.24992000311613 10.440512001514435 0.6
      vertex 69.45472799986601 10.476856000721455 0.6
      vertex 69.45472799986601 10.476856000721455 1.2
    endloop
  endfacet
  facet normal 0.5663154146238509 -0.8241886016922436 0
    outer loop
      vertex 69.45472799986601 10.476856000721455 0.6
      vertex 69.61340799927711 10.585887998342514 0.6
      vertex 69.61340799927711 10.585887998342514 1.2
    endloop
  endfacet
  facet normal 0.8675344756584202 -0.49737705369676005 0
    outer loop
      vertex 69.61340799927711 10.585887998342514 0.6
      vertex 69.71512000262737 10.763296000659466 0.6
      vertex 69.71512000262737 10.763296000659466 1.2
    endloop
  endfacet
  facet normal 0.9902814560189326 -0.1390778122671722 0
    outer loop
      vertex 69.71512000262737 10.763296000659466 0.6
      vertex 69.74902399629354 11.004703998565674 0.6
      vertex 69.74902399629354 11.004703998565674 1.2
    endloop
  endfacet
  facet normal 0.9892686553378358 0.14610793122233362 0
    outer loop
      vertex 69.74902399629354 11.004703998565674 0.6
      vertex 69.71701599657536 11.221423998475075 0.6
      vertex 69.71701599657536 11.221423998475075 1.2
    endloop
  endfacet
  facet normal -0.627162852206585 0.7788881542378864 0
    outer loop
      vertex 68.84848000109196 11.336736001074314 0.6
      vertex 68.84848000109196 11.336736001074314 1.2
      vertex 69.0323840007186 11.484815999865532 0.6
    endloop
  endfacet
  facet normal -0.20934371593413337 0.9778421184418724 0
    outer loop
      vertex 69.0323840007186 11.484815999865532 0.6
      vertex 69.0323840007186 11.484815999865532 1.2
      vertex 69.26294399797916 11.534175999462605 0.6
    endloop
  endfacet
  facet normal 0.1737304071043494 0.9847932502039994 0
    outer loop
      vertex 69.26294399797916 11.534175999462605 0.6
      vertex 69.26294399797916 11.534175999462605 1.2
      vertex 69.46746399998665 11.498095996677876 0.6
    endloop
  endfacet
  facet normal 0.5070116543170567 -0.8619391987760399 0
    outer loop
      vertex 68.86367999762297 11.831487998366356 0.6
      vertex 69.11268799751997 11.977959997951984 0.6
      vertex 69.11268799751997 11.977959997951984 1.2
    endloop
  endfacet
  facet normal -0.9979186211299559 0.06448585582968881 0
    outer loop
      vertex 68.86367999762297 11.831487998366356 0.6
      vertex 68.86367999762297 11.831487998366356 1.2
      vertex 68.91359999775887 12.604000002145767 0.6
    endloop
  endfacet
  facet normal 0.158402498526101 -0.9873746241729573 0
    outer loop
      vertex 69.11268799751997 11.977959997951984 0.6
      vertex 69.41702400147915 12.026784002780914 0.6
      vertex 69.41702400147915 12.026784002780914 1.2
    endloop
  endfacet
  facet normal 0.8687378660144904 0.495272167754851 0
    outer loop
      vertex 69.71701599657536 11.221423998475075 0.6
      vertex 69.62099199742079 11.38985600322485 0.6
      vertex 69.62099199742079 11.38985600322485 1.2
    endloop
  endfacet
  facet normal 0.5762115709934741 0.8173005722824574 0
    outer loop
      vertex 69.46746399998665 11.498095996677876 0.6
      vertex 69.46746399998665 11.498095996677876 1.2
      vertex 69.62099199742079 11.38985600322485 0.6
    endloop
  endfacet
  facet normal -0.170262049466643 -0.9853988200274132 0
    outer loop
      vertex 69.41702400147915 12.026784002780914 0.6
      vertex 69.80951199680567 11.958967998623848 0.6
      vertex 69.80951199680567 11.958967998623848 1.2
    endloop
  endfacet
  facet normal -0.5547354224060461 -0.8320268091401777 0
    outer loop
      vertex 70.11465600132942 11.75552000105381 0.6
      vertex 70.11465600132942 11.75552000105381 1.2
      vertex 69.80951199680567 11.958967998623848 0.6
    endloop
  endfacet
  facet normal -0.8294676307531891 0.5585547865095161 0
    outer loop
      vertex 70.07344000041485 10.244128003716469 0.6
      vertex 70.07344000041485 10.244128003716469 1.2
      vertex 70.30048000067472 10.581288002431393 0.6
    endloop
  endfacet
  facet normal -0.9852964681288017 0.1708533578625516 0
    outer loop
      vertex 70.30048000067472 10.581288002431393 0.6
      vertex 70.30048000067472 10.581288002431393 1.2
      vertex 70.37616000324488 11.017728000879288 0.6
    endloop
  endfacet
  facet normal -0.9879737625978201 -0.15462161691790055 0
    outer loop
      vertex 70.31078399717808 11.43545600026846 0.6
      vertex 70.37616000324488 11.017728000879288 0.6
      vertex 70.37616000324488 11.017728000879288 1.2
    endloop
  endfacet
  facet normal -0.8526490369916657 -0.5224840856114039 0
    outer loop
      vertex 70.31078399717808 11.43545600026846 0.6
      vertex 70.31078399717808 11.43545600026846 1.2
      vertex 70.11465600132942 11.75552000105381 0.6
    endloop
  endfacet
  facet normal 0.9980973119310762 -0.06165838074390075 0
    outer loop
      vertex 68.2539199963212 11.336736001074314 0.6
      vertex 68.3602240011096 13.057535998523235 0.6
      vertex 68.3602240011096 13.057535998523235 1.2
    endloop
  endfacet
  facet normal 0 1 0
    outer loop
      vertex 68.91359999775887 12.604000002145767 0.6
      vertex 68.91359999775887 12.604000002145767 1.2
      vertex 70.1982399970293 12.604000002145767 0.6
    endloop
  endfacet
  facet normal 0 -1 0
    outer loop
      vertex 68.3602240011096 13.057535998523235 0.6
      vertex 70.1982399970293 13.057535998523235 0.6
      vertex 70.1982399970293 13.057535998523235 1.2
    endloop
  endfacet
  facet normal -1 0 0
    outer loop
      vertex 70.1982399970293 12.604000002145767 0.6
      vertex 70.1982399970293 12.604000002145767 1.2
      vertex 70.1982399970293 13.057535998523235 0.6
    endloop
  endfacet
  facet normal 0.43413406991302633 0.9008482720973336 0
    outer loop
      vertex 68.82923199981451 10.00841599702835 0.6
      vertex 68.50671999901533 10.163840003311634 1.2
      vertex 68.82923199981451 10.00841599702835 1.2
    endloop
  endfacet
  facet normal 0.1241149333973537 0.9922678485710249 0
    outer loop
      vertex 69.24342399835587 9.95660799741745 0.6
      vertex 68.82923199981451 10.00841599702835 1.2
      vertex 69.24342399835587 9.95660799741745 1.2
    endloop
  endfacet
  facet normal -0.1508171845026903 0.9885616707412247 0
    outer loop
      vertex 69.71457599848509 10.028488002717495 0.6
      vertex 69.24342399835587 9.95660799741745 1.2
      vertex 69.71457599848509 10.028488002717495 1.2
    endloop
  endfacet
  facet normal 0.9465748106742574 0.3224843062801566 0
    outer loop
      vertex 68.28293599933386 10.41745600104332 0.6
      vertex 68.16492799669504 10.76383999735117 1.2
      vertex 68.28293599933386 10.41745600104332 1.2
    endloop
  endfacet
  facet normal 0.7498302601316554 0.6616302449184847 0
    outer loop
      vertex 68.50671999901533 10.163840003311634 0.6
      vertex 68.28293599933386 10.41745600104332 1.2
      vertex 68.50671999901533 10.163840003311634 1.2
    endloop
  endfacet
  facet normal 0.08159103661542995 -0.9966658932380598 0
    outer loop
      vertex 68.16492799669504 10.76383999735117 0.6
      vertex 68.77471999824047 10.813759997487068 1.2
      vertex 68.16492799669504 10.76383999735117 1.2
    endloop
  endfacet
  facet normal 0 1 0
    outer loop
      vertex 68.84848000109196 11.336736001074314 0.6
      vertex 68.2539199963212 11.336736001074314 1.2
      vertex 68.84848000109196 11.336736001074314 1.2
    endloop
  endfacet
  facet normal 0.9980973119310762 -0.06165838074390075 0
    outer loop
      vertex 68.2539199963212 11.336736001074314 0.6
      vertex 68.3602240011096 13.057535998523235 1.2
      vertex 68.2539199963212 11.336736001074314 1.2
    endloop
  endfacet
  facet normal -0.7463536926229665 -0.6655495214543112 0
    outer loop
      vertex 68.84087999910116 10.6450399979949 0.6
      vertex 68.94393599778414 10.52947200089693 1.2
      vertex 68.84087999910116 10.6450399979949 1.2
    endloop
  endfacet
  facet normal -0.4371632554841548 -0.899382170189345 0
    outer loop
      vertex 68.94393599778414 10.52947200089693 0.6
      vertex 69.08120000362396 10.462751999497414 1.2
      vertex 68.94393599778414 10.52947200089693 1.2
    endloop
  endfacet
  facet normal -0.13068554362643642 -0.9914238693349392 0
    outer loop
      vertex 69.08120000362396 10.462751999497414 0.6
      vertex 69.24992000311613 10.440512001514435 1.2
      vertex 69.08120000362396 10.462751999497414 1.2
    endloop
  endfacet
  facet normal 0.1747243001834536 -0.9846173972286912 0
    outer loop
      vertex 69.24992000311613 10.440512001514435 0.6
      vertex 69.45472799986601 10.476856000721455 1.2
      vertex 69.24992000311613 10.440512001514435 1.2
    endloop
  endfacet
  facet normal -0.9309820219439252 -0.3650650282034706 0
    outer loop
      vertex 68.77471999824047 10.813759997487068 0.6
      vertex 68.84087999910116 10.6450399979949 1.2
      vertex 68.77471999824047 10.813759997487068 1.2
    endloop
  endfacet
  facet normal 0.5663154146238509 -0.8241886016922436 0
    outer loop
      vertex 69.45472799986601 10.476856000721455 0.6
      vertex 69.61340799927711 10.585887998342514 1.2
      vertex 69.45472799986601 10.476856000721455 1.2
    endloop
  endfacet
  facet normal 0.8675344756584202 -0.49737705369676005 0
    outer loop
      vertex 69.61340799927711 10.585887998342514 0.6
      vertex 69.71512000262737 10.763296000659466 1.2
      vertex 69.61340799927711 10.585887998342514 1.2
    endloop
  endfacet
  facet normal -0.515060458271475 0.8571538510239444 0
    outer loop
      vertex 70.07344000041485 10.244128003716469 0.6
      vertex 69.71457599848509 10.028488002717495 1.2
      vertex 70.07344000041485 10.244128003716469 1.2
    endloop
  endfacet
  facet normal 0.9902814560189326 -0.1390778122671722 0
    outer loop
      vertex 69.71512000262737 10.763296000659466 0.6
      vertex 69.74902399629354 11.004703998565674 1.2
      vertex 69.71512000262737 10.763296000659466 1.2
    endloop
  endfacet
  facet normal 0.9892686553378358 0.14610793122233362 0
    outer loop
      vertex 69.74902399629354 11.004703998565674 0.6
      vertex 69.71701599657536 11.221423998475075 1.2
      vertex 69.74902399629354 11.004703998565674 1.2
    endloop
  endfacet
  facet normal -0.627162852206585 0.7788881542378864 0
    outer loop
      vertex 69.0323840007186 11.484815999865532 0.6
      vertex 68.84848000109196 11.336736001074314 1.2
      vertex 69.0323840007186 11.484815999865532 1.2
    endloop
  endfacet
  facet normal -0.20934371593413337 0.9778421184418724 0
    outer loop
      vertex 69.26294399797916 11.534175999462605 0.6
      vertex 69.0323840007186 11.484815999865532 1.2
      vertex 69.26294399797916 11.534175999462605 1.2
    endloop
  endfacet
  facet normal 0.5070116543170567 -0.8619391987760399 0
    outer loop
      vertex 68.86367999762297 11.831487998366356 0.6
      vertex 69.11268799751997 11.977959997951984 1.2
      vertex 68.86367999762297 11.831487998366356 1.2
    endloop
  endfacet
  facet normal 0.158402498526101 -0.9873746241729573 0
    outer loop
      vertex 69.11268799751997 11.977959997951984 0.6
      vertex 69.41702400147915 12.026784002780914 1.2
      vertex 69.11268799751997 11.977959997951984 1.2
    endloop
  endfacet
  facet normal 0.8687378660144904 0.495272167754851 0
    outer loop
      vertex 69.71701599657536 11.221423998475075 0.6
      vertex 69.62099199742079 11.38985600322485 1.2
      vertex 69.71701599657536 11.221423998475075 1.2
    endloop
  endfacet
  facet normal 0.1737304071043494 0.9847932502039994 0
    outer loop
      vertex 69.46746399998665 11.498095996677876 0.6
      vertex 69.26294399797916 11.534175999462605 1.2
      vertex 69.46746399998665 11.498095996677876 1.2
    endloop
  endfacet
  facet normal 0.5762115709934741 0.8173005722824574 0
    outer loop
      vertex 69.62099199742079 11.38985600322485 0.6
      vertex 69.46746399998665 11.498095996677876 1.2
      vertex 69.62099199742079 11.38985600322485 1.2
    endloop
  endfacet
  facet normal -0.170262049466643 -0.9853988200274132 0
    outer loop
      vertex 69.41702400147915 12.026784002780914 0.6
      vertex 69.80951199680567 11.958967998623848 1.2
      vertex 69.41702400147915 12.026784002780914 1.2
    endloop
  endfacet
  facet normal -0.5547354224060461 -0.8320268091401777 0
    outer loop
      vertex 69.80951199680567 11.958967998623848 0.6
      vertex 70.11465600132942 11.75552000105381 1.2
      vertex 69.80951199680567 11.958967998623848 1.2
    endloop
  endfacet
  facet normal -0.8294676307531891 0.5585547865095161 0
    outer loop
      vertex 70.30048000067472 10.581288002431393 0.6
      vertex 70.07344000041485 10.244128003716469 1.2
      vertex 70.30048000067472 10.581288002431393 1.2
    endloop
  endfacet
  facet normal -0.9852964681288017 0.1708533578625516 0
    outer loop
      vertex 70.37616000324488 11.017728000879288 0.6
      vertex 70.30048000067472 10.581288002431393 1.2
      vertex 70.37616000324488 11.017728000879288 1.2
    endloop
  endfacet
  facet normal -0.9879737625978201 -0.15462161691790055 0
    outer loop
      vertex 70.31078399717808 11.43545600026846 0.6
      vertex 70.37616000324488 11.017728000879288 1.2
      vertex 70.31078399717808 11.43545600026846 1.2
    endloop
  endfacet
  facet normal -0.8526490369916657 -0.5224840856114039 0
    outer loop
      vertex 70.11465600132942 11.75552000105381 0.6
      vertex 70.31078399717808 11.43545600026846 1.2
      vertex 70.11465600132942 11.75552000105381 1.2
    endloop
  endfacet
  facet normal -0.9979186211299559 0.06448585582968881 0
    outer loop
      vertex 68.91359999775887 12.604000002145767 0.6
      vertex 68.86367999762297 11.831487998366356 1.2
      vertex 68.91359999775887 12.604000002145767 1.2
    endloop
  endfacet
  facet normal 0 -1 0
    outer loop
      vertex 68.3602240011096 13.057535998523235 0.6
      vertex 70.1982399970293 13.057535998523235 1.2
      vertex 68.3602240011096 13.057535998523235 1.2
    endloop
  endfacet
  facet normal 0 1 0
    outer loop
      vertex 70.1982399970293 12.604000002145767 0.6
      vertex 68.91359999775887 12.604000002145767 1.2
      vertex 70.1982399970293 12.604000002145767 1.2
    endloop
  endfacet
  facet normal -1 0 0
    outer loop
      vertex 70.1982399970293 13.057535998523235 0.6
      vertex 70.1982399970293 12.604000002145767 1.2
      vertex 70.1982399970293 13.057535998523235 1.2
    endloop
  endfacet
  facet normal 0 0 1
    outer loop
      vertex 6.920096002519131 4 0.6
      vertex 7.180480003356934 4.364575996994972 0.6
      vertex 7.094223998486996 4.745399996638298 0.6
    endloop
  endfacet
  facet normal 0 0 1
    outer loop
      vertex 6.920096002519131 4 0.6
      vertex 7.094223998486996 4.745399996638298 0.6
      vertex 7.0003840029239655 5.1153919994831085 0.6
    endloop
  endfacet
  facet normal 0 0 1
    outer loop
      vertex 6.920096002519131 4 0.6
      vertex 7.4148479998111725 4 0.6
      vertex 7.180480003356934 4.364575996994972 0.6
    endloop
  endfacet
  facet normal 0 0 1
    outer loop
      vertex 7.4148479998111725 4 0.6
      vertex 7.236639998853207 4.614111997187138 0.6
      vertex 7.180480003356934 4.364575996994972 0.6
    endloop
  endfacet
  facet normal 0 0 1
    outer loop
      vertex 7.4148479998111725 4 0.6
      vertex 7.839616000652313 5.546127997338772 0.6
      vertex 7.236639998853207 4.614111997187138 0.6
    endloop
  endfacet
  facet normal 0 0 1
    outer loop
      vertex 7.236639998853207 4.614111997187138 0.6
      vertex 7.839616000652313 5.546127997338772 0.6
      vertex 7.300927996635437 4.885343998670578 0.6
    endloop
  endfacet
  facet normal 0 0 1
    outer loop
      vertex 6.920096002519131 4 0.6
      vertex 7.0003840029239655 5.1153919994831085 0.6
      vertex 6.019519999623299 7.057535998523235 0.6
    endloop
  endfacet
  facet normal 0 0 1
    outer loop
      vertex 7.300927996635437 4.885343998670578 0.6
      vertex 7.839616000652313 5.546127997338772 0.6
      vertex 7.48564799875021 5.569448001682758 0.6
    endloop
  endfacet
  facet normal 0 0 1
    outer loop
      vertex 7.48564799875021 5.569448001682758 0.6
      vertex 7.839616000652313 5.546127997338772 0.6
      vertex 8.007232002913952 6.17433600127697 0.6
    endloop
  endfacet
  facet normal 0 0 1
    outer loop
      vertex 7.0003840029239655 5.1153919994831085 0.6
      vertex 6.451360002160072 7.057535998523235 0.6
      vertex 6.019519999623299 7.057535998523235 0.6
    endloop
  endfacet
  facet normal 0 0 1
    outer loop
      vertex 8.784096002578735 4 0.6
      vertex 9.278880000114441 4 0.6
      vertex 9.022816002368927 4.364575996994972 0.6
    endloop
  endfacet
  facet normal 0 0 1
    outer loop
      vertex 8.784096002578735 4 0.6
      vertex 9.022816002368927 4.364575996994972 0.6
      vertex 8.940352000296116 4.723704002797604 0.6
    endloop
  endfacet
  facet normal 0 0 1
    outer loop
      vertex 8.784096002578735 4 0.6
      vertex 8.831840001046658 5.154431998729706 0.6
      vertex 8.254624001681805 5.942143999040127 0.6
    endloop
  endfacet
  facet normal 0 0 1
    outer loop
      vertex 8.784096002578735 4 0.6
      vertex 8.940352000296116 4.723704002797604 0.6
      vertex 8.831840001046658 5.154431998729706 0.6
    endloop
  endfacet
  facet normal 0 0 1
    outer loop
      vertex 7.48564799875021 5.569448001682758 0.6
      vertex 8.007232002913952 6.17433600127697 0.6
      vertex 8.050640001893044 6.364224001765251 0.6
    endloop
  endfacet
  facet normal 0 0 1
    outer loop
      vertex 8.190615996718407 6.196575999259949 0.6
      vertex 8.254624001681805 5.942143999040127 0.6
      vertex 8.831840001046658 5.154431998729706 0.6
    endloop
  endfacet
  facet normal 0 0 1
    outer loop
      vertex 9.278880000114441 4 0.6
      vertex 9.042336001992226 4.440512001514435 0.6
      vertex 9.022816002368927 4.364575996994972 0.6
    endloop
  endfacet
  facet normal 0 0 1
    outer loop
      vertex 9.278880000114441 4 0.6
      vertex 9.095504000782967 4.666992001235485 0.6
      vertex 9.042336001992226 4.440512001514435 0.6
    endloop
  endfacet
  facet normal 0 0 1
    outer loop
      vertex 9.095504000782967 4.666992001235485 0.6
      vertex 9.308711998164654 5.478575997054577 0.6
      vertex 9.13782399892807 4.847360000014305 0.6
    endloop
  endfacet
  facet normal 0 0 1
    outer loop
      vertex 9.278880000114441 4 0.6
      vertex 10.17942400276661 7.057535998523235 0.6
      vertex 9.095504000782967 4.666992001235485 0.6
    endloop
  endfacet
  facet normal 0 0 1
    outer loop
      vertex 9.095504000782967 4.666992001235485 0.6
      vertex 10.17942400276661 7.057535998523235 0.6
      vertex 9.308711998164654 5.478575997054577 0.6
    endloop
  endfacet
  facet normal 0 0 1
    outer loop
      vertex 7.48564799875021 5.569448001682758 0.6
      vertex 8.050640001893044 6.364224001765251 0.6
      vertex 7.9031039997935295 7.057535998523235 0.6
    endloop
  endfacet
  facet normal 0 0 1
    outer loop
      vertex 8.050640001893044 6.364224001765251 0.6
      vertex 8.102719999849796 6.595328003168106 0.6
      vertex 7.9031039997935295 7.057535998523235 0.6
    endloop
  endfacet
  facet normal 0 0 1
    outer loop
      vertex 8.102719999849796 6.595328003168106 0.6
      vertex 8.30019199848175 7.057535998523235 0.6
      vertex 7.9031039997935295 7.057535998523235 0.6
    endloop
  endfacet
  facet normal 0 0 1
    outer loop
      vertex 8.190615996718407 6.196575999259949 0.6
      vertex 8.30019199848175 7.057535998523235 0.6
      vertex 8.102719999849796 6.595328003168106 0.6
    endloop
  endfacet
  facet normal 0 0 1
    outer loop
      vertex 8.190615996718407 6.196575999259949 0.6
      vertex 8.831840001046658 5.154431998729706 0.6
      vertex 8.30019199848175 7.057535998523235 0.6
    endloop
  endfacet
  facet normal 0 0 1
    outer loop
      vertex 9.308711998164654 5.478575997054577 0.6
      vertex 10.17942400276661 7.057535998523235 0.6
      vertex 9.747584000229836 7.057535998523235 0.6
    endloop
  endfacet
  facet normal 0 1 0
    outer loop
      vertex 6.920096002519131 4 0.6
      vertex 6.920096002519131 4 1.2
      vertex 7.4148479998111725 4 0.6
    endloop
  endfacet
  facet normal 0 1 0
    outer loop
      vertex 8.784096002578735 4 0.6
      vertex 8.784096002578735 4 1.2
      vertex 9.278880000114441 4 0.6
    endloop
  endfacet
  facet normal 0.9592549612012122 0.28254188965684524 0
    outer loop
      vertex 6.920096002519131 4 0.6
      vertex 6.019519999623299 7.057535998523235 0.6
      vertex 6.019519999623299 7.057535998523235 1.2
    endloop
  endfacet
  facet normal -0.9693096159164694 -0.24584317865636765 0
    outer loop
      vertex 7.094223998486996 4.745399996638298 0.6
      vertex 7.094223998486996 4.745399996638298 1.2
      vertex 7.0003840029239655 5.1153919994831085 0.6
    endloop
  endfacet
  facet normal -0.9752958092521539 -0.22090288466922822 0
    outer loop
      vertex 7.094223998486996 4.745399996638298 0.6
      vertex 7.180480003356934 4.364575996994972 0.6
      vertex 7.180480003356934 4.364575996994972 1.2
    endloop
  endfacet
  facet normal 0.9755977015567356 -0.2195657639915991 0
    outer loop
      vertex 7.180480003356934 4.364575996994972 0.6
      vertex 7.236639998853207 4.614111997187138 0.6
      vertex 7.236639998853207 4.614111997187138 1.2
    endloop
  endfacet
  facet normal -0.9642718849546555 0.26491457469530705 0
    outer loop
      vertex 7.4148479998111725 4 0.6
      vertex 7.4148479998111725 4 1.2
      vertex 7.839616000652313 5.546127997338772 0.6
    endloop
  endfacet
  facet normal 0.973040980093091 -0.230632285379729 0
    outer loop
      vertex 7.236639998853207 4.614111997187138 0.6
      vertex 7.300927996635437 4.885343998670578 0.6
      vertex 7.300927996635437 4.885343998670578 1.2
    endloop
  endfacet
  facet normal -0.9622890139102981 -0.2720291412836983 0
    outer loop
      vertex 7.0003840029239655 5.1153919994831085 0.6
      vertex 7.0003840029239655 5.1153919994831085 1.2
      vertex 6.451360002160072 7.057535998523235 0.6
    endloop
  endfacet
  facet normal 0.9654248486876597 -0.2606815327874401 0
    outer loop
      vertex 7.300927996635437 4.885343998670578 0.6
      vertex 7.48564799875021 5.569448001682758 0.6
      vertex 7.48564799875021 5.569448001682758 1.2
    endloop
  endfacet
  facet normal 0 -1 0
    outer loop
      vertex 6.019519999623299 7.057535998523235 0.6
      vertex 6.451360002160072 7.057535998523235 0.6
      vertex 6.451360002160072 7.057535998523235 1.2
    endloop
  endfacet
  facet normal 0.962830956823129 -0.2701046992983605 0
    outer loop
      vertex 7.48564799875021 5.569448001682758 0.6
      vertex 7.9031039997935295 7.057535998523235 0.6
      vertex 7.9031039997935295 7.057535998523235 1.2
    endloop
  endfacet
  facet normal 0.9685126224521374 -0.24896445559734728 0
    outer loop
      vertex 9.022816002368927 4.364575996994972 0.6
      vertex 9.042336001992226 4.440512001514435 0.6
      vertex 9.042336001992226 4.440512001514435 1.2
    endloop
  endfacet
  facet normal -0.9746354171842657 -0.22379857812339268 0
    outer loop
      vertex 9.022816002368927 4.364575996994972 0.6
      vertex 9.022816002368927 4.364575996994972 1.2
      vertex 8.940352000296116 4.723704002797604 0.6
    endloop
  endfacet
  facet normal 0.9735334003678787 -0.22854478416309532 0
    outer loop
      vertex 9.042336001992226 4.440512001514435 0.6
      vertex 9.095504000782967 4.666992001235485 0.6
      vertex 9.095504000782967 4.666992001235485 1.2
    endloop
  endfacet
  facet normal -0.9697012388058736 -0.24429389566330573 0
    outer loop
      vertex 8.940352000296116 4.723704002797604 0.6
      vertex 8.940352000296116 4.723704002797604 1.2
      vertex 8.831840001046658 5.154431998729706 0.6
    endloop
  endfacet
  facet normal -0.9661989872003008 0.2577974343028125 0
    outer loop
      vertex 7.839616000652313 5.546127997338772 0.6
      vertex 7.839616000652313 5.546127997338772 1.2
      vertex 8.007232002913952 6.17433600127697 0.6
    endloop
  endfacet
  facet normal 0.9647894954351474 0.2630232489685917 0
    outer loop
      vertex 8.784096002578735 4 0.6
      vertex 8.254624001681805 5.942143999040127 0.6
      vertex 8.254624001681805 5.942143999040127 1.2
    endloop
  endfacet
  facet normal -0.9631243049890564 -0.2690568213953092 0
    outer loop
      vertex 8.831840001046658 5.154431998729706 0.6
      vertex 8.831840001046658 5.154431998729706 1.2
      vertex 8.30019199848175 7.057535998523235 0.6
    endloop
  endfacet
  facet normal 0.973560820826848 -0.22842794958356938 0
    outer loop
      vertex 9.095504000782967 4.666992001235485 0.6
      vertex 9.13782399892807 4.847360000014305 0.6
      vertex 9.13782399892807 4.847360000014305 1.2
    endloop
  endfacet
  facet normal -0.9592576821902467 0.2825326514918158 0
    outer loop
      vertex 9.278880000114441 4 0.6
      vertex 9.278880000114441 4 1.2
      vertex 10.17942400276661 7.057535998523235 0.6
    endloop
  endfacet
  facet normal 0.9652519622703865 -0.2613209699453306 0
    outer loop
      vertex 9.13782399892807 4.847360000014305 0.6
      vertex 9.308711998164654 5.478575997054577 0.6
      vertex 9.308711998164654 5.478575997054577 1.2
    endloop
  endfacet
  facet normal -0.9748528997419034 0.22284932996265122 0
    outer loop
      vertex 8.007232002913952 6.17433600127697 0.6
      vertex 8.007232002913952 6.17433600127697 1.2
      vertex 8.050640001893044 6.364224001765251 0.6
    endloop
  endfacet
  facet normal -0.9755359363784412 0.21984002555094012 0
    outer loop
      vertex 8.050640001893044 6.364224001765251 0.6
      vertex 8.050640001893044 6.364224001765251 1.2
      vertex 8.102719999849796 6.595328003168106 0.6
    endloop
  endfacet
  facet normal 0.969782699496266 0.24397031737023825 0
    outer loop
      vertex 8.190615996718407 6.196575999259949 0.6
      vertex 8.190615996718407 6.196575999259949 1.2
      vertex 8.254624001681805 5.942143999040127 0.6
    endloop
  endfacet
  facet normal 0.9765567343557775 0.2152601788171223 0
    outer loop
      vertex 8.190615996718407 6.196575999259949 0.6
      vertex 8.102719999849796 6.595328003168106 0.6
      vertex 8.102719999849796 6.595328003168106 1.2
    endloop
  endfacet
  facet normal 0 -1 0
    outer loop
      vertex 7.9031039997935295 7.057535998523235 0.6
      vertex 8.30019199848175 7.057535998523235 0.6
      vertex 8.30019199848175 7.057535998523235 1.2
    endloop
  endfacet
  facet normal 0.9634750959071157 -0.2677979454117869 0
    outer loop
      vertex 9.308711998164654 5.478575997054577 0.6
      vertex 9.747584000229836 7.057535998523235 0.6
      vertex 9.747584000229836 7.057535998523235 1.2
    endloop
  endfacet
  facet normal 0 -1 0
    outer loop
      vertex 9.747584000229836 7.057535998523235 0.6
      vertex 10.17942400276661 7.057535998523235 0.6
      vertex 10.17942400276661 7.057535998523235 1.2
    endloop
  endfacet
  facet normal 0 0 1
    outer loop
      vertex 10.605024002492428 4 0.6
      vertex 11.019487999379635 4 0.6
      vertex 11.019487999379635 7.057535998523235 0.6
    endloop
  endfacet
  facet normal 0 0 1
    outer loop
      vertex 10.605024002492428 4 0.6
      vertex 11.019487999379635 7.057535998523235 0.6
      vertex 10.605024002492428 7.057535998523235 0.6
    endloop
  endfacet
  facet normal 0 0 1
    outer loop
      vertex 11.794271998107433 4 0.6
      vertex 12.937856003642082 4 0.6
      vertex 12.208736002445221 4.3320000022649765 0.6
    endloop
  endfacet
  facet normal 0 0 1
    outer loop
      vertex 12.208736002445221 4.3320000022649765 0.6
      vertex 12.937856003642082 4 0.6
      vertex 12.89011199772358 4.3320000022649765 0.6
    endloop
  endfacet
  facet normal 0 0 1
    outer loop
      vertex 11.794271998107433 4 0.6
      vertex 12.208736002445221 4.3320000022649765 0.6
      vertex 11.794271998107433 7.057535998523235 0.6
    endloop
  endfacet
  facet normal 0 0 1
    outer loop
      vertex 12.208736002445221 4.3320000022649765 0.6
      vertex 12.208736002445221 6.725536003708839 0.6
      vertex 11.794271998107433 7.057535998523235 0.6
    endloop
  endfacet
  facet normal 0 0 1
    outer loop
      vertex 12.208736002445221 6.725536003708839 0.6
      vertex 12.805472001433372 7.057535998523235 0.6
      vertex 11.794271998107433 7.057535998523235 0.6
    endloop
  endfacet
  facet normal 0 0 1
    outer loop
      vertex 12.208736002445221 6.725536003708839 0.6
      vertex 12.796800002455711 6.725536003708839 0.6
      vertex 12.805472001433372 7.057535998523235 0.6
    endloop
  endfacet
  facet normal 0 0 1
    outer loop
      vertex 12.937856003642082 4 0.6
      vertex 13.206119999289513 4.3688879981637 0.6
      vertex 12.89011199772358 4.3320000022649765 0.6
    endloop
  endfacet
  facet normal 0 0 1
    outer loop
      vertex 12.937856003642082 4 0.6
      vertex 13.354479998350143 4.047191999852657 0.6
      vertex 13.206119999289513 4.3688879981637 0.6
    endloop
  endfacet
  facet normal 0 0 1
    outer loop
      vertex 13.354479998350143 4.047191999852657 0.6
      vertex 13.481440000236034 4.479552000761032 0.6
      vertex 13.206119999289513 4.3688879981637 0.6
    endloop
  endfacet
  facet normal 0 0 1
    outer loop
      vertex 13.354479998350143 4.047191999852657 0.6
      vertex 13.719039998948574 4.188767999410629 0.6
      vertex 13.481440000236034 4.479552000761032 0.6
    endloop
  endfacet
  facet normal 0 0 1
    outer loop
      vertex 13.719039998948574 4.188767999410629 0.6
      vertex 13.706848002970219 4.659680001437664 0.6
      vertex 13.481440000236034 4.479552000761032 0.6
    endloop
  endfacet
  facet normal 0 0 1
    outer loop
      vertex 13.719039998948574 4.188767999410629 0.6
      vertex 14.019047997891903 4.419064000248909 0.6
      vertex 13.706848002970219 4.659680001437664 0.6
    endloop
  endfacet
  facet normal 0 0 1
    outer loop
      vertex 13.706848002970219 4.659680001437664 0.6
      vertex 14.019047997891903 4.419064000248909 0.6
      vertex 13.873120002448559 4.90489599853754 0.6
    endloop
  endfacet
  facet normal 0 0 1
    outer loop
      vertex 14.019047997891903 4.419064000248909 0.6
      vertex 14.24201600253582 4.732352003455162 0.6
      vertex 13.873120002448559 4.90489599853754 0.6
    endloop
  endfacet
  facet normal 0 0 1
    outer loop
      vertex 13.873120002448559 4.90489599853754 0.6
      vertex 14.38035199791193 5.116728000342846 0.6
      vertex 13.975648000836372 5.207607999444008 0.6
    endloop
  endfacet
  facet normal 0 0 1
    outer loop
      vertex 13.873120002448559 4.90489599853754 0.6
      vertex 14.24201600253582 4.732352003455162 0.6
      vertex 14.38035199791193 5.116728000342846 0.6
    endloop
  endfacet
  facet normal 0 0 1
    outer loop
      vertex 13.975648000836372 5.207607999444008 0.6
      vertex 14.38035199791193 5.116728000342846 0.6
      vertex 14.42646399885416 5.560223996639252 0.6
    endloop
  endfacet
  facet normal 0 0 1
    outer loop
      vertex 13.975648000836372 5.207607999444008 0.6
      vertex 14.42646399885416 5.560223996639252 0.6
      vertex 14.009824000298977 5.560223996639252 0.6
    endloop
  endfacet
  facet normal 0 0 1
    outer loop
      vertex 14.009824000298977 5.560223996639252 0.6
      vertex 14.42646399885416 5.560223996639252 0.6
      vertex 13.93197599798441 6.06122399866581 0.6
    endloop
  endfacet
  facet normal 0 0 1
    outer loop
      vertex 14.42646399885416 5.560223996639252 0.6
      vertex 14.320943996310234 6.196304000914097 0.6
      vertex 13.93197599798441 6.06122399866581 0.6
    endloop
  endfacet
  facet normal 0 0 1
    outer loop
      vertex 15.00390399992466 4 0.6
      vertex 15.418367996811867 4.338527999818325 0.6
      vertex 15.418367996811867 5.403999999165535 0.6
    endloop
  endfacet
  facet normal 0 0 1
    outer loop
      vertex 15.00390399992466 4 0.6
      vertex 15.418367996811867 5.403999999165535 0.6
      vertex 15.00390399992466 7.057535998523235 0.6
    endloop
  endfacet
  facet normal 0 0 1
    outer loop
      vertex 15.418367996811867 5.403999999165535 0.6
      vertex 15.418367996811867 5.738176003098488 0.6
      vertex 15.00390399992466 7.057535998523235 0.6
    endloop
  endfacet
  facet normal 0 0 1
    outer loop
      vertex 12.796800002455711 6.725536003708839 0.6
      vertex 13.317327998578548 6.650936000049114 0.6
      vertex 12.805472001433372 7.057535998523235 0.6
    endloop
  endfacet
  facet normal 0 0 1
    outer loop
      vertex 13.317327998578548 6.650936000049114 0.6
      vertex 13.49363200366497 6.9601520001888275 0.6
      vertex 12.805472001433372 7.057535998523235 0.6
    endloop
  endfacet
  facet normal 0 0 1
    outer loop
      vertex 13.317327998578548 6.650936000049114 0.6
      vertex 13.698431998491287 6.427135996520519 0.6
      vertex 13.49363200366497 6.9601520001888275 0.6
    endloop
  endfacet
  facet normal 0 0 1
    outer loop
      vertex 13.698431998491287 6.427135996520519 0.6
      vertex 13.93197599798441 6.06122399866581 0.6
      vertex 14.004384003579617 6.6679999977350235 0.6
    endloop
  endfacet
  facet normal 0 0 1
    outer loop
      vertex 13.93197599798441 6.06122399866581 0.6
      vertex 14.320943996310234 6.196304000914097 0.6
      vertex 14.004384003579617 6.6679999977350235 0.6
    endloop
  endfacet
  facet normal 0 0 1
    outer loop
      vertex 13.698431998491287 6.427135996520519 0.6
      vertex 14.004384003579617 6.6679999977350235 0.6
      vertex 13.49363200366497 6.9601520001888275 0.6
    endloop
  endfacet
  facet normal 0 0 1
    outer loop
      vertex 15.418367996811867 5.738176003098488 0.6
      vertex 15.418367996811867 6.71900799870491 0.6
      vertex 15.00390399992466 7.057535998523235 0.6
    endloop
  endfacet
  facet normal 0 0 1
    outer loop
      vertex 15.00390399992466 4 0.6
      vertex 17.412575997412205 4 0.6
      vertex 15.418367996811867 4.338527999818325 0.6
    endloop
  endfacet
  facet normal 0 0 1
    outer loop
      vertex 15.418367996811867 4.338527999818325 0.6
      vertex 17.412575997412205 4 0.6
      vertex 17.412575997412205 4.338527999818325 0.6
    endloop
  endfacet
  facet normal 0 0 1
    outer loop
      vertex 15.418367996811867 5.403999999165535 0.6
      vertex 17.193407997488976 5.738176003098488 0.6
      vertex 15.418367996811867 5.738176003098488 0.6
    endloop
  endfacet
  facet normal 0 0 1
    outer loop
      vertex 15.418367996811867 5.403999999165535 0.6
      vertex 17.193407997488976 5.403999999165535 0.6
      vertex 17.193407997488976 5.738176003098488 0.6
    endloop
  endfacet
  facet normal 0 0 1
    outer loop
      vertex 15.418367996811867 6.71900799870491 0.6
      vertex 17.32361599802971 7.057535998523235 0.6
      vertex 15.00390399992466 7.057535998523235 0.6
    endloop
  endfacet
  facet normal 0 0 1
    outer loop
      vertex 15.418367996811867 6.71900799870491 0.6
      vertex 17.32361599802971 6.71900799870491 0.6
      vertex 17.32361599802971 7.057535998523235 0.6
    endloop
  endfacet
  facet normal 0 0 1
    outer loop
      vertex 19.06208000332117 4 0.6
      vertex 19.491743996739388 4.3320000022649765 0.6
      vertex 19.06208000332117 4.275583997368813 0.6
    endloop
  endfacet
  facet normal 0 0 1
    outer loop
      vertex 19.06208000332117 4.275583997368813 0.6
      vertex 19.491743996739388 4.3320000022649765 0.6
      vertex 19.18494399636984 4.514551997184753 0.6
    endloop
  endfacet
  facet normal 0 0 1
    outer loop
      vertex 19.18494399636984 4.514551997184753 0.6
      vertex 19.491743996739388 4.3320000022649765 0.6
      vertex 19.57744800299406 4.486887998878956 0.6
    endloop
  endfacet
  facet normal 0 0 1
    outer loop
      vertex 19.18494399636984 4.514551997184753 0.6
      vertex 19.57744800299406 4.486887998878956 0.6
      vertex 19.332223996520042 4.72367999702692 0.6
    endloop
  endfacet
  facet normal 0 0 1
    outer loop
      vertex 19.06208000332117 4 0.6
      vertex 21.086687996983528 4 0.6
      vertex 19.491743996739388 4.3320000022649765 0.6
    endloop
  endfacet
  facet normal 0 0 1
    outer loop
      vertex 19.57744800299406 4.486887998878956 0.6
      vertex 19.704383999109268 4.647743999958038 0.6
      vertex 19.332223996520042 4.72367999702692 0.6
    endloop
  endfacet
  facet normal 0 0 1
    outer loop
      vertex 19.332223996520042 4.72367999702692 0.6
      vertex 19.704383999109268 4.647743999958038 0.6
      vertex 19.495800003409386 4.908688001334667 0.6
    endloop
  endfacet
  facet normal 0 0 1
    outer loop
      vertex 19.495800003409386 4.908688001334667 0.6
      vertex 19.704383999109268 4.647743999958038 0.6
      vertex 19.877439998090267 4.821616001427174 0.6
    endloop
  endfacet
  facet normal 0 0 1
    outer loop
      vertex 19.495800003409386 4.908688001334667 0.6
      vertex 19.877439998090267 4.821616001427174 0.6
      vertex 19.667488001286983 5.075231999158859 0.6
    endloop
  endfacet
  facet normal 0 0 1
    outer loop
      vertex 19.877439998090267 4.821616001427174 0.6
      vertex 19.842448003590107 5.226871997117996 0.6
      vertex 19.667488001286983 5.075231999158859 0.6
    endloop
  endfacet
  facet normal 0 0 1
    outer loop
      vertex 19.877439998090267 4.821616001427174 0.6
      vertex 20.101503998041153 5.015551999211311 0.6
      vertex 19.842448003590107 5.226871997117996 0.6
    endloop
  endfacet
  facet normal 0 0 1
    outer loop
      vertex 19.491743996739388 4.3320000022649765 0.6
      vertex 21.086687996983528 4 0.6
      vertex 21.086687996983528 4.3320000022649765 0.6
    endloop
  endfacet
  facet normal 0 0 1
    outer loop
      vertex 20.101503998041153 5.015551999211311 0.6
      vertex 20.015776000916958 5.36710400134325 0.6
      vertex 19.842448003590107 5.226871997117996 0.6
    endloop
  endfacet
  facet normal 0 0 1
    outer loop
      vertex 20.101503998041153 5.015551999211311 0.6
      vertex 20.481799997389317 5.336167998611927 0.6
      vertex 20.015776000916958 5.36710400134325 0.6
    endloop
  endfacet
  facet normal 0 0 1
    outer loop
      vertex 20.015776000916958 5.36710400134325 0.6
      vertex 20.481799997389317 5.336167998611927 0.6
      vertex 20.179880000650883 5.501631997525692 0.6
    endloop
  endfacet
  facet normal 0 0 1
    outer loop
      vertex 20.179880000650883 5.501631997525692 0.6
      vertex 20.481799997389317 5.336167998611927 0.6
      vertex 20.327168002724648 5.636160001158714 0.6
    endloop
  endfacet
  facet normal 0 0 1
    outer loop
      vertex 20.327168002724648 5.636160001158714 0.6
      vertex 20.481799997389317 5.336167998611927 0.6
      vertex 20.71561600267887 5.560223996639252 0.6
    endloop
  endfacet
  facet normal 0 0 1
    outer loop
      vertex 20.327168002724648 5.636160001158714 0.6
      vertex 20.71561600267887 5.560223996639252 0.6
      vertex 20.452760003507137 5.773968003690243 0.6
    endloop
  endfacet
  facet normal 0 0 1
    outer loop
      vertex 20.452760003507137 5.773968003690243 0.6
      vertex 20.71561600267887 5.560223996639252 0.6
      vertex 20.85639200359583 5.7360000014305115 0.6
    endloop
  endfacet
  facet normal 0 0 1
    outer loop
      vertex 20.452760003507137 5.773968003690243 0.6
      vertex 20.85639200359583 5.7360000014305115 0.6
      vertex 20.551775999367237 5.918272003531456 0.6
    endloop
  endfacet
  facet normal 0 0 1
    outer loop
      vertex 20.551775999367237 5.918272003531456 0.6
      vertex 20.957567997276783 5.911775998771191 0.6
      vertex 20.61607199907303 6.075608000159264 0.6
    endloop
  endfacet
  facet normal 0 0 1
    outer loop
      vertex 19.079424001276493 6.302368000149727 0.6
      vertex 19.478720001876354 6.265472002327442 0.6
      vertex 19.178967997431755 6.631655998528004 0.6
    endloop
  endfacet
  facet normal 0 0 1
    outer loop
      vertex 19.178967997431755 6.631655998528004 0.6
      vertex 19.478720001876354 6.265472002327442 0.6
      vertex 19.540279999375343 6.483287997543812 0.6
    endloop
  endfacet
  facet normal 0 0 1
    outer loop
      vertex 19.178967997431755 6.631655998528004 0.6
      vertex 19.540279999375343 6.483287997543812 0.6
      vertex 19.390816003084183 6.8860799968242645 0.6
    endloop
  endfacet
  facet normal 0 0 1
    outer loop
      vertex 19.540279999375343 6.483287997543812 0.6
      vertex 19.66857600212097 6.6463039964437485 0.6
      vertex 19.390816003084183 6.8860799968242645 0.6
    endloop
  endfacet
  facet normal 0 0 1
    outer loop
      vertex 19.66857600212097 6.6463039964437485 0.6
      vertex 19.852215997874737 6.748039998114109 0.6
      vertex 19.697063997387886 7.048848003149033 0.6
    endloop
  endfacet
  facet normal 0 0 1
    outer loop
      vertex 19.66857600212097 6.6463039964437485 0.6
      vertex 19.697063997387886 7.048848003149033 0.6
      vertex 19.390816003084183 6.8860799968242645 0.6
    endloop
  endfacet
  facet normal 0 0 1
    outer loop
      vertex 19.852215997874737 6.748039998114109 0.6
      vertex 20.079807996749878 7.103104002773762 0.6
      vertex 19.697063997387886 7.048848003149033 0.6
    endloop
  endfacet
  facet normal 0 0 1
    outer loop
      vertex 19.852215997874737 6.748039998114109 0.6
      vertex 20.079807996749878 6.781952001154423 0.6
      vertex 20.079807996749878 7.103104002773762 0.6
    endloop
  endfacet
  facet normal 0 0 1
    outer loop
      vertex 20.079807996749878 6.781952001154423 0.6
      vertex 20.31361600011587 6.747231997549534 0.6
      vertex 20.079807996749878 7.103104002773762 0.6
    endloop
  endfacet
  facet normal 0 0 1
    outer loop
      vertex 20.079807996749878 7.103104002773762 0.6
      vertex 20.31361600011587 6.747231997549534 0.6
      vertex 20.488576002418995 7.048583999276161 0.6
    endloop
  endfacet
  facet normal 0 0 1
    outer loop
      vertex 20.489919997751713 6.643072001636028 0.6
      vertex 20.488576002418995 7.048583999276161 0.6
      vertex 20.31361600011587 6.747231997549534 0.6
    endloop
  endfacet
  facet normal 0 0 1
    outer loop
      vertex 20.600607998669147 6.475975997745991 0.6
      vertex 20.790463998913765 6.885024003684521 0.6
      vertex 20.489919997751713 6.643072001636028 0.6
    endloop
  endfacet
  facet normal 0 0 1
    outer loop
      vertex 20.489919997751713 6.643072001636028 0.6
      vertex 20.790463998913765 6.885024003684521 0.6
      vertex 20.488576002418995 7.048583999276161 0.6
    endloop
  endfacet
  facet normal 0 1 0
    outer loop
      vertex 10.605024002492428 4 0.6
      vertex 10.605024002492428 4 1.2
      vertex 11.019487999379635 4 0.6
    endloop
  endfacet
  facet normal 0 1 0
    outer loop
      vertex 11.794271998107433 4 0.6
      vertex 11.794271998107433 4 1.2
      vertex 12.937856003642082 4 0.6
    endloop
  endfacet
  facet normal -0.11255264054684379 0.9936457633915281 0
    outer loop
      vertex 12.937856003642082 4 0.6
      vertex 12.937856003642082 4 1.2
      vertex 13.354479998350143 4.047191999852657 0.6
    endloop
  endfacet
  facet normal -1 0 0
    outer loop
      vertex 11.019487999379635 4 0.6
      vertex 11.019487999379635 4 1.2
      vertex 11.019487999379635 7.057535998523235 0.6
    endloop
  endfacet
  facet normal 1 0 0
    outer loop
      vertex 10.605024002492428 4 0.6
      vertex 10.605024002492428 7.057535998523235 0.6
      vertex 10.605024002492428 7.057535998523235 1.2
    endloop
  endfacet
  facet normal 0 -1 0
    outer loop
      vertex 12.208736002445221 4.3320000022649765 0.6
      vertex 12.89011199772358 4.3320000022649765 0.6
      vertex 12.89011199772358 4.3320000022649765 1.2
    endloop
  endfacet
  facet normal -1 0 0
    outer loop
      vertex 12.208736002445221 4.3320000022649765 0.6
      vertex 12.208736002445221 4.3320000022649765 1.2
      vertex 12.208736002445221 6.725536003708839 0.6
    endloop
  endfacet
  facet normal 1 0 0
    outer loop
      vertex 11.794271998107433 4 0.6
      vertex 11.794271998107433 7.057535998523235 0.6
      vertex 11.794271998107433 7.057535998523235 1.2
    endloop
  endfacet
  facet normal 0 -1 0
    outer loop
      vertex 10.605024002492428 7.057535998523235 0.6
      vertex 11.019487999379635 7.057535998523235 0.6
      vertex 11.019487999379635 7.057535998523235 1.2
    endloop
  endfacet
  facet normal 0 1 0
    outer loop
      vertex 12.208736002445221 6.725536003708839 0.6
      vertex 12.208736002445221 6.725536003708839 1.2
      vertex 12.796800002455711 6.725536003708839 0.6
    endloop
  endfacet
  facet normal 0 -1 0
    outer loop
      vertex 11.794271998107433 7.057535998523235 0.6
      vertex 12.805472001433372 7.057535998523235 0.6
      vertex 12.805472001433372 7.057535998523235 1.2
    endloop
  endfacet
  facet normal 0.11594394496737845 -0.9932557584154251 0
    outer loop
      vertex 12.89011199772358 4.3320000022649765 0.6
      vertex 13.206119999289513 4.3688879981637 0.6
      vertex 13.206119999289513 4.3688879981637 1.2
    endloop
  endfacet
  facet normal -0.36200792603422494 0.9321750165545091 0
    outer loop
      vertex 13.354479998350143 4.047191999852657 0.6
      vertex 13.354479998350143 4.047191999852657 1.2
      vertex 13.719039998948574 4.188767999410629 0.6
    endloop
  endfacet
  facet normal 0.37294737330423827 -0.9278524972997967 0
    outer loop
      vertex 13.206119999289513 4.3688879981637 0.6
      vertex 13.481440000236034 4.479552000761032 0.6
      vertex 13.481440000236034 4.479552000761032 1.2
    endloop
  endfacet
  facet normal -0.6089141348750277 0.793236141605636 0
    outer loop
      vertex 13.719039998948574 4.188767999410629 0.6
      vertex 13.719039998948574 4.188767999410629 1.2
      vertex 14.019047997891903 4.419064000248909 0.6
    endloop
  endfacet
  facet normal -0.8147275207537245 0.5798440022337813 0
    outer loop
      vertex 14.019047997891903 4.419064000248909 0.6
      vertex 14.019047997891903 4.419064000248909 1.2
      vertex 14.24201600253582 4.732352003455162 0.6
    endloop
  endfacet
  facet normal 0.6242756850643013 -0.7812041148365114 0
    outer loop
      vertex 13.481440000236034 4.479552000761032 0.6
      vertex 13.706848002970219 4.659680001437664 0.6
      vertex 13.706848002970219 4.659680001437664 1.2
    endloop
  endfacet
  facet normal 0.8276710811089639 -0.5612134901228931 0
    outer loop
      vertex 13.706848002970219 4.659680001437664 0.6
      vertex 13.873120002448559 4.90489599853754 0.6
      vertex 13.873120002448559 4.90489599853754 1.2
    endloop
  endfacet
  facet normal 0.9471478895547941 -0.3207972495391749 0
    outer loop
      vertex 13.873120002448559 4.90489599853754 0.6
      vertex 13.975648000836372 5.207607999444008 0.6
      vertex 13.975648000836372 5.207607999444008 1.2
    endloop
  endfacet
  facet normal 0.9953359651214658 -0.09646925176303656 0
    outer loop
      vertex 13.975648000836372 5.207607999444008 0.6
      vertex 14.009824000298977 5.560223996639252 0.6
      vertex 14.009824000298977 5.560223996639252 1.2
    endloop
  endfacet
  facet normal 0.9881420171229504 0.15354267809370414 0
    outer loop
      vertex 14.009824000298977 5.560223996639252 0.6
      vertex 13.93197599798441 6.06122399866581 0.6
      vertex 13.93197599798441 6.06122399866581 1.2
    endloop
  endfacet
  facet normal -0.9409181171049931 0.3386341638163441 0
    outer loop
      vertex 14.24201600253582 4.732352003455162 0.6
      vertex 14.24201600253582 4.732352003455162 1.2
      vertex 14.38035199791193 5.116728000342846 0.6
    endloop
  endfacet
  facet normal -1 0 0
    outer loop
      vertex 15.418367996811867 4.338527999818325 0.6
      vertex 15.418367996811867 4.338527999818325 1.2
      vertex 15.418367996811867 5.403999999165535 0.6
    endloop
  endfacet
  facet normal -0.9946381503284323 0.10341639092153061 0
    outer loop
      vertex 14.38035199791193 5.116728000342846 0.6
      vertex 14.38035199791193 5.116728000342846 1.2
      vertex 14.42646399885416 5.560223996639252 0.6
    endloop
  endfacet
  facet normal -0.986517717121045 -0.1636544952217384 0
    outer loop
      vertex 14.42646399885416 5.560223996639252 0.6
      vertex 14.42646399885416 5.560223996639252 1.2
      vertex 14.320943996310234 6.196304000914097 0.6
    endloop
  endfacet
  facet normal 1 0 0
    outer loop
      vertex 15.00390399992466 4 0.6
      vertex 15.00390399992466 7.057535998523235 0.6
      vertex 15.00390399992466 7.057535998523235 1.2
    endloop
  endfacet
  facet normal -1 0 0
    outer loop
      vertex 15.418367996811867 5.738176003098488 0.6
      vertex 15.418367996811867 5.738176003098488 1.2
      vertex 15.418367996811867 6.71900799870491 0.6
    endloop
  endfacet
  facet normal 0.5063831922652887 0.8623085657647243 0
    outer loop
      vertex 13.317327998578548 6.650936000049114 0.6
      vertex 13.317327998578548 6.650936000049114 1.2
      vertex 13.698431998491287 6.427135996520519 0.6
    endloop
  endfacet
  facet normal 0.14186649869770787 0.9898857997502809 0
    outer loop
      vertex 12.796800002455711 6.725536003708839 0.6
      vertex 12.796800002455711 6.725536003708839 1.2
      vertex 13.317327998578548 6.650936000049114 0.6
    endloop
  endfacet
  facet normal -0.14011754938807264 -0.9901348758393885 0
    outer loop
      vertex 12.805472001433372 7.057535998523235 0.6
      vertex 13.49363200366497 6.9601520001888275 0.6
      vertex 13.49363200366497 6.9601520001888275 1.2
    endloop
  endfacet
  facet normal 0.8429398136145495 0.538007872269048 0
    outer loop
      vertex 13.698431998491287 6.427135996520519 0.6
      vertex 13.698431998491287 6.427135996520519 1.2
      vertex 13.93197599798441 6.06122399866581 0.6
    endloop
  endfacet
  facet normal -0.8303434555841811 -0.5572519589633769 0
    outer loop
      vertex 14.004384003579617 6.6679999977350235 0.6
      vertex 14.320943996310234 6.196304000914097 0.6
      vertex 14.320943996310234 6.196304000914097 1.2
    endloop
  endfacet
  facet normal -0.49651519258276455 -0.8680280315372887 0
    outer loop
      vertex 14.004384003579617 6.6679999977350235 0.6
      vertex 14.004384003579617 6.6679999977350235 1.2
      vertex 13.49363200366497 6.9601520001888275 0.6
    endloop
  endfacet
  facet normal 0 1 0
    outer loop
      vertex 15.00390399992466 4 0.6
      vertex 15.00390399992466 4 1.2
      vertex 17.412575997412205 4 0.6
    endloop
  endfacet
  facet normal 0 1 0
    outer loop
      vertex 19.06208000332117 4 0.6
      vertex 19.06208000332117 4 1.2
      vertex 21.086687996983528 4 0.6
    endloop
  endfacet
  facet normal 0 -1 0
    outer loop
      vertex 15.418367996811867 4.338527999818325 0.6
      vertex 17.412575997412205 4.338527999818325 0.6
      vertex 17.412575997412205 4.338527999818325 1.2
    endloop
  endfacet
  facet normal 0 1 0
    outer loop
      vertex 15.418367996811867 5.403999999165535 0.6
      vertex 15.418367996811867 5.403999999165535 1.2
      vertex 17.193407997488976 5.403999999165535 0.6
    endloop
  endfacet
  facet normal 0 -1 0
    outer loop
      vertex 15.418367996811867 5.738176003098488 0.6
      vertex 17.193407997488976 5.738176003098488 0.6
      vertex 17.193407997488976 5.738176003098488 1.2
    endloop
  endfacet
  facet normal -1 0 0
    outer loop
      vertex 17.412575997412205 4 0.6
      vertex 17.412575997412205 4 1.2
      vertex 17.412575997412205 4.338527999818325 0.6
    endloop
  endfacet
  facet normal -1 0 0
    outer loop
      vertex 17.193407997488976 5.403999999165535 0.6
      vertex 17.193407997488976 5.403999999165535 1.2
      vertex 17.193407997488976 5.738176003098488 0.6
    endloop
  endfacet
  facet normal 0 1 0
    outer loop
      vertex 15.418367996811867 6.71900799870491 0.6
      vertex 15.418367996811867 6.71900799870491 1.2
      vertex 17.32361599802971 6.71900799870491 0.6
    endloop
  endfacet
  facet normal 0 -1 0
    outer loop
      vertex 15.00390399992466 7.057535998523235 0.6
      vertex 17.32361599802971 7.057535998523235 0.6
      vertex 17.32361599802971 7.057535998523235 1.2
    endloop
  endfacet
  facet normal -1 0 0
    outer loop
      vertex 17.32361599802971 6.71900799870491 0.6
      vertex 17.32361599802971 6.71900799870491 1.2
      vertex 17.32361599802971 7.057535998523235 0.6
    endloop
  endfacet
  facet normal 1 0 0
    outer loop
      vertex 19.06208000332117 4 0.6
      vertex 19.06208000332117 4.275583997368813 0.6
      vertex 19.06208000332117 4.275583997368813 1.2
    endloop
  endfacet
  facet normal 0.8893390107076838 -0.4572484270431975 0
    outer loop
      vertex 19.06208000332117 4.275583997368813 0.6
      vertex 19.18494399636984 4.514551997184753 0.6
      vertex 19.18494399636984 4.514551997184753 1.2
    endloop
  endfacet
  facet normal 0.8175931962287403 -0.5757962881787905 0
    outer loop
      vertex 19.18494399636984 4.514551997184753 0.6
      vertex 19.332223996520042 4.72367999702692 0.6
      vertex 19.332223996520042 4.72367999702692 1.2
    endloop
  endfacet
  facet normal 0.7491671900252705 -0.6623809488426129 0
    outer loop
      vertex 19.332223996520042 4.72367999702692 0.6
      vertex 19.495800003409386 4.908688001334667 0.6
      vertex 19.495800003409386 4.908688001334667 1.2
    endloop
  endfacet
  facet normal -0.8749831073830435 0.4841534486031401 0
    outer loop
      vertex 19.491743996739388 4.3320000022649765 0.6
      vertex 19.491743996739388 4.3320000022649765 1.2
      vertex 19.57744800299406 4.486887998878956 0.6
    endloop
  endfacet
  facet normal -0.7850146751673152 0.6194771664653627 0
    outer loop
      vertex 19.57744800299406 4.486887998878956 0.6
      vertex 19.57744800299406 4.486887998878956 1.2
      vertex 19.704383999109268 4.647743999958038 0.6
    endloop
  endfacet
  facet normal -0.7087679925117826 0.7054416579638728 0
    outer loop
      vertex 19.704383999109268 4.647743999958038 0.6
      vertex 19.704383999109268 4.647743999958038 1.2
      vertex 19.877439998090267 4.821616001427174 0.6
    endloop
  endfacet
  facet normal 0.6962722316680574 -0.7177778064331491 0
    outer loop
      vertex 19.495800003409386 4.908688001334667 0.6
      vertex 19.667488001286983 5.075231999158859 0.6
      vertex 19.667488001286983 5.075231999158859 1.2
    endloop
  endfacet
  facet normal -0.6544432321945385 0.7561111398695072 0
    outer loop
      vertex 19.877439998090267 4.821616001427174 0.6
      vertex 19.877439998090267 4.821616001427174 1.2
      vertex 20.101503998041153 5.015551999211311 0.6
    endloop
  endfacet
  facet normal 0 -1 0
    outer loop
      vertex 19.491743996739388 4.3320000022649765 0.6
      vertex 21.086687996983528 4.3320000022649765 0.6
      vertex 21.086687996983528 4.3320000022649765 1.2
    endloop
  endfacet
  facet normal 0.6549502602253194 -0.7556719901060159 0
    outer loop
      vertex 19.667488001286983 5.075231999158859 0.6
      vertex 19.842448003590107 5.226871997117996 0.6
      vertex 19.842448003590107 5.226871997117996 1.2
    endloop
  endfacet
  facet normal 0.6289783565770886 -0.7774228109321111 0
    outer loop
      vertex 19.842448003590107 5.226871997117996 0.6
      vertex 20.015776000916958 5.36710400134325 0.6
      vertex 20.015776000916958 5.36710400134325 1.2
    endloop
  endfacet
  facet normal -0.6445670227574805 0.7645478096061473 0
    outer loop
      vertex 20.101503998041153 5.015551999211311 0.6
      vertex 20.101503998041153 5.015551999211311 1.2
      vertex 20.481799997389317 5.336167998611927 0.6
    endloop
  endfacet
  facet normal 0.6339745224976371 -0.7733539324422506 0
    outer loop
      vertex 20.015776000916958 5.36710400134325 0.6
      vertex 20.179880000650883 5.501631997525692 0.6
      vertex 20.179880000650883 5.501631997525692 1.2
    endloop
  endfacet
  facet normal -0.691876914147007 0.7220154677501135 0
    outer loop
      vertex 20.481799997389317 5.336167998611927 0.6
      vertex 20.481799997389317 5.336167998611927 1.2
      vertex 20.71561600267887 5.560223996639252 0.6
    endloop
  endfacet
  facet normal 0.6743996363453403 -0.7383665285596801 0
    outer loop
      vertex 20.179880000650883 5.501631997525692 0.6
      vertex 20.327168002724648 5.636160001158714 0.6
      vertex 20.327168002724648 5.636160001158714 1.2
    endloop
  endfacet
  facet normal 0.739106620235413 -0.6735884529326382 0
    outer loop
      vertex 20.327168002724648 5.636160001158714 0.6
      vertex 20.452760003507137 5.773968003690243 0.6
      vertex 20.452760003507137 5.773968003690243 1.2
    endloop
  endfacet
  facet normal 0.8245564327287248 -0.5657797179518543 0
    outer loop
      vertex 20.452760003507137 5.773968003690243 0.6
      vertex 20.551775999367237 5.918272003531456 0.6
      vertex 20.551775999367237 5.918272003531456 1.2
    endloop
  endfacet
  facet normal 0.9256885933344197 -0.37828643667271955 0
    outer loop
      vertex 20.551775999367237 5.918272003531456 0.6
      vertex 20.61607199907303 6.075608000159264 0.6
      vertex 20.61607199907303 6.075608000159264 1.2
    endloop
  endfacet
  facet normal 0.09201065320088256 0.9957580226629092 0
    outer loop
      vertex 19.079424001276493 6.302368000149727 0.6
      vertex 19.079424001276493 6.302368000149727 1.2
      vertex 19.478720001876354 6.265472002327442 0.6
    endloop
  endfacet
  facet normal 0.9572180214874165 -0.2893676888315553 0
    outer loop
      vertex 19.079424001276493 6.302368000149727 0.6
      vertex 19.178967997431755 6.631655998528004 0.6
      vertex 19.178967997431755 6.631655998528004 1.2
    endloop
  endfacet
  facet normal 0.7684767088540176 -0.6398777601611868 0
    outer loop
      vertex 19.178967997431755 6.631655998528004 0.6
      vertex 19.390816003084183 6.8860799968242645 0.6
      vertex 19.390816003084183 6.8860799968242645 1.2
    endloop
  endfacet
  facet normal -0.9623055838077755 0.2719705193074721 0
    outer loop
      vertex 19.478720001876354 6.265472002327442 0.6
      vertex 19.478720001876354 6.265472002327442 1.2
      vertex 19.540279999375343 6.483287997543812 0.6
    endloop
  endfacet
  facet normal -0.7858216087155611 0.6184532312759694 0
    outer loop
      vertex 19.540279999375343 6.483287997543812 0.6
      vertex 19.540279999375343 6.483287997543812 1.2
      vertex 19.66857600212097 6.6463039964437485 0.6
    endloop
  endfacet
  facet normal -0.48460078273499846 0.8747354350731578 0
    outer loop
      vertex 19.66857600212097 6.6463039964437485 0.6
      vertex 19.66857600212097 6.6463039964437485 1.2
      vertex 19.852215997874737 6.748039998114109 0.6
    endloop
  endfacet
  facet normal 0.4693210821458284 -0.8830275883875138 0
    outer loop
      vertex 19.390816003084183 6.8860799968242645 0.6
      vertex 19.697063997387886 7.048848003149033 0.6
      vertex 19.697063997387886 7.048848003149033 1.2
    endloop
  endfacet
  facet normal -0.1473764464040489 0.9890804734930897 0
    outer loop
      vertex 19.852215997874737 6.748039998114109 0.6
      vertex 19.852215997874737 6.748039998114109 1.2
      vertex 20.079807996749878 6.781952001154423 0.6
    endloop
  endfacet
  facet normal 0.1403521793242402 -0.9901016441552536 0
    outer loop
      vertex 19.697063997387886 7.048848003149033 0.6
      vertex 20.079807996749878 7.103104002773762 0.6
      vertex 20.079807996749878 7.103104002773762 1.2
    endloop
  endfacet
  facet normal 0.9927358970122528 -0.12031391766241294 0
    outer loop
      vertex 20.61607199907303 6.075608000159264 0.6
      vertex 20.637503996491432 6.252448000013828 0.6
      vertex 20.637503996491432 6.252448000013828 1.2
    endloop
  endfacet
  facet normal 0.8336800873803444 0.5522476907199355 0
    outer loop
      vertex 20.600607998669147 6.475975997745991 0.6
      vertex 20.489919997751713 6.643072001636028 0.6
      vertex 20.489919997751713 6.643072001636028 1.2
    endloop
  endfacet
  facet normal 0.9866494493546548 0.16285841730827533 0
    outer loop
      vertex 20.637503996491432 6.252448000013828 0.6
      vertex 20.600607998669147 6.475975997745991 0.6
      vertex 20.600607998669147 6.475975997745991 1.2
    endloop
  endfacet
  facet normal 0.14688720597276808 0.9891532483500793 0
    outer loop
      vertex 20.079807996749878 6.781952001154423 0.6
      vertex 20.079807996749878 6.781952001154423 1.2
      vertex 20.31361600011587 6.747231997549534 0.6
    endloop
  endfacet
  facet normal 0.5086582254129421 0.8609685300403008 0
    outer loop
      vertex 20.489919997751713 6.643072001636028 0.6
      vertex 20.31361600011587 6.747231997549534 0.6
      vertex 20.31361600011587 6.747231997549534 1.2
    endloop
  endfacet
  facet normal -0.13220565930616116 -0.9912223078842723 0
    outer loop
      vertex 20.079807996749878 7.103104002773762 0.6
      vertex 20.488576002418995 7.048583999276161 0.6
      vertex 20.488576002418995 7.048583999276161 1.2
    endloop
  endfacet
  facet normal -0.4763672081381626 -0.8792464290576631 0
    outer loop
      vertex 20.488576002418995 7.048583999276161 0.6
      vertex 20.790463998913765 6.885024003684521 0.6
      vertex 20.790463998913765 6.885024003684521 1.2
    endloop
  endfacet
  facet normal 0 0 1
    outer loop
      vertex 20.85639200359583 5.7360000014305115 0.6
      vertex 20.957567997276783 5.911775998771191 0.6
      vertex 20.551775999367237 5.918272003531456 0.6
    endloop
  endfacet
  facet normal 0 0 1
    outer loop
      vertex 20.61607199907303 6.075608000159264 0.6
      vertex 20.957567997276783 5.911775998771191 0.6
      vertex 21.01860000193119 6.088087998330593 0.6
    endloop
  endfacet
  facet normal 0 0 1
    outer loop
      vertex 21.50780799984932 5.00688000023365 0.6
      vertex 22.592799998819828 5.354079999029636 0.6
      vertex 21.50780799984932 5.354079999029636 0.6
    endloop
  endfacet
  facet normal 0 0 1
    outer loop
      vertex 21.50780799984932 5.00688000023365 0.6
      vertex 22.592799998819828 5.00688000023365 0.6
      vertex 22.592799998819828 5.354079999029636 0.6
    endloop
  endfacet
  facet normal 0 0 1
    outer loop
      vertex 23.154944002628326 4 0.6
      vertex 23.569407999515533 5.1913279965519905 0.6
      vertex 23.154944002628326 7.057535998523235 0.6
    endloop
  endfacet
  facet normal 0 0 1
    outer loop
      vertex 20.61607199907303 6.075608000159264 0.6
      vertex 21.01860000193119 6.088087998330593 0.6
      vertex 20.637503996491432 6.252448000013828 0.6
    endloop
  endfacet
  facet normal 0 0 1
    outer loop
      vertex 20.637503996491432 6.252448000013828 0.6
      vertex 21.01860000193119 6.088087998330593 0.6
      vertex 21.038943998515606 6.265472002327442 0.6
    endloop
  endfacet
  facet normal 0 0 1
    outer loop
      vertex 20.637503996491432 6.252448000013828 0.6
      vertex 21.038943998515606 6.265472002327442 0.6
      vertex 20.600607998669147 6.475975997745991 0.6
    endloop
  endfacet
  facet normal 0 0 1
    outer loop
      vertex 20.600607998669147 6.475975997745991 0.6
      vertex 21.038943998515606 6.265472002327442 0.6
      vertex 20.97682400047779 6.62109600007534 0.6
    endloop
  endfacet
  facet normal 0 0 1
    outer loop
      vertex 20.600607998669147 6.475975997745991 0.6
      vertex 20.97682400047779 6.62109600007534 0.6
      vertex 20.790463998913765 6.885024003684521 0.6
    endloop
  endfacet
  facet normal 0 0 1
    outer loop
      vertex 23.154944002628326 4 0.6
      vertex 23.569407999515533 4 0.6
      vertex 23.569407999515533 5.1913279965519905 0.6
    endloop
  endfacet
  facet normal 0 0 1
    outer loop
      vertex 23.569407999515533 5.1913279965519905 0.6
      vertex 24.409184001386166 5.519008003175259 0.6
      vertex 23.569407999515533 5.519008003175259 0.6
    endloop
  endfacet
  facet normal 0 0 1
    outer loop
      vertex 23.569407999515533 5.1913279965519905 0.6
      vertex 23.569407999515533 5.519008003175259 0.6
      vertex 23.154944002628326 7.057535998523235 0.6
    endloop
  endfacet
  facet normal 0 0 1
    outer loop
      vertex 23.569407999515533 5.1913279965519905 0.6
      vertex 24.467776000499725 5.1913279965519905 0.6
      vertex 24.409184001386166 5.519008003175259 0.6
    endloop
  endfacet
  facet normal 0 0 1
    outer loop
      vertex 24.467776000499725 5.1913279965519905 0.6
      vertex 24.903127998113632 5.25534400343895 0.6
      vertex 24.409184001386166 5.519008003175259 0.6
    endloop
  endfacet
  facet normal 0 0 1
    outer loop
      vertex 24.409184001386166 5.519008003175259 0.6
      vertex 24.903127998113632 5.25534400343895 0.6
      vertex 24.929984003305435 5.672536000609398 0.6
    endloop
  endfacet
  facet normal 0 0 1
    outer loop
      vertex 24.903127998113632 5.25534400343895 0.6
      vertex 25.237024001777172 5.447392001748085 0.6
      vertex 24.929984003305435 5.672536000609398 0.6
    endloop
  endfacet
  facet normal 0 0 1
    outer loop
      vertex 25.237024001777172 5.447392001748085 0.6
      vertex 25.449423998594284 5.747936002910137 0.6
      vertex 24.929984003305435 5.672536000609398 0.6
    endloop
  endfacet
  facet normal 0 0 1
    outer loop
      vertex 24.929984003305435 5.672536000609398 0.6
      vertex 25.449423998594284 5.747936002910137 0.6
      vertex 25.103583998978138 6.133120000362396 0.6
    endloop
  endfacet
  facet normal 0 0 1
    outer loop
      vertex 25.449423998594284 5.747936002910137 0.6
      vertex 25.52022399753332 6.137440003454685 0.6
      vertex 25.103583998978138 6.133120000362396 0.6
    endloop
  endfacet
  facet normal 0 0 1
    outer loop
      vertex 23.569407999515533 5.519008003175259 0.6
      vertex 23.569407999515533 6.725536003708839 0.6
      vertex 23.154944002628326 7.057535998523235 0.6
    endloop
  endfacet
  facet normal 0 0 1
    outer loop
      vertex 23.569407999515533 6.725536003708839 0.6
      vertex 24.441728003323078 7.057535998523235 0.6
      vertex 23.154944002628326 7.057535998523235 0.6
    endloop
  endfacet
  facet normal 0 0 1
    outer loop
      vertex 23.569407999515533 6.725536003708839 0.6
      vertex 24.391840003430843 6.725536003708839 0.6
      vertex 24.441728003323078 7.057535998523235 0.6
    endloop
  endfacet
  facet normal 0 0 1
    outer loop
      vertex 24.391840003430843 6.725536003708839 0.6
      vertex 24.897976003587246 6.997312001883984 0.6
      vertex 24.441728003323078 7.057535998523235 0.6
    endloop
  endfacet
  facet normal 0 0 1
    outer loop
      vertex 25.103583998978138 6.133120000362396 0.6
      vertex 25.449695996940136 6.52640800178051 0.6
      vertex 24.925647996366024 6.577431999146938 0.6
    endloop
  endfacet
  facet normal 0 0 1
    outer loop
      vertex 24.391840003430843 6.725536003708839 0.6
      vertex 24.925647996366024 6.577431999146938 0.6
      vertex 24.897976003587246 6.997312001883984 0.6
    endloop
  endfacet
  facet normal 0 0 1
    outer loop
      vertex 24.925647996366024 6.577431999146938 0.6
      vertex 25.23811200261116 6.816639997065067 0.6
      vertex 24.897976003587246 6.997312001883984 0.6
    endloop
  endfacet
  facet normal 0 0 1
    outer loop
      vertex 24.925647996366024 6.577431999146938 0.6
      vertex 25.449695996940136 6.52640800178051 0.6
      vertex 25.23811200261116 6.816639997065067 0.6
    endloop
  endfacet
  facet normal 0 0 1
    outer loop
      vertex 25.103583998978138 6.133120000362396 0.6
      vertex 25.52022399753332 6.137440003454685 0.6
      vertex 25.449695996940136 6.52640800178051 0.6
    endloop
  endfacet
  facet normal 0 0 1
    outer loop
      vertex 26.119359999895096 4 0.6
      vertex 26.533823996782303 4 0.6
      vertex 26.533823996782303 5.2694400027394295 0.6
    endloop
  endfacet
  facet normal 0 0 1
    outer loop
      vertex 26.119359999895096 4 0.6
      vertex 26.533823996782303 5.2694400027394295 0.6
      vertex 26.119359999895096 7.057535998523235 0.6
    endloop
  endfacet
  facet normal 0 0 1
    outer loop
      vertex 26.533823996782303 5.2694400027394295 0.6
      vertex 26.533823996782303 5.597120001912117 0.6
      vertex 26.119359999895096 7.057535998523235 0.6
    endloop
  endfacet
  facet normal 0 0 1
    outer loop
      vertex 26.533823996782303 5.2694400027394295 0.6
      vertex 27.486432000994682 5.2694400027394295 0.6
      vertex 26.533823996782303 5.597120001912117 0.6
    endloop
  endfacet
  facet normal 0 0 1
    outer loop
      vertex 26.533823996782303 5.597120001912117 0.6
      vertex 27.486432000994682 5.2694400027394295 0.6
      vertex 27.534175999462605 5.597120001912117 0.6
    endloop
  endfacet
  facet normal 0 0 1
    outer loop
      vertex 27.890079997479916 5.317184001207352 0.6
      vertex 28.280671998858452 4 0.6
      vertex 28.75807999819517 4 0.6
    endloop
  endfacet
  facet normal 0 0 1
    outer loop
      vertex 27.486432000994682 5.2694400027394295 0.6
      vertex 28.280671998858452 4 0.6
      vertex 27.890079997479916 5.317184001207352 0.6
    endloop
  endfacet
  facet normal 0 0 1
    outer loop
      vertex 27.486432000994682 5.2694400027394295 0.6
      vertex 27.890079997479916 5.317184001207352 0.6
      vertex 27.534175999462605 5.597120001912117 0.6
    endloop
  endfacet
  facet normal 0 0 1
    outer loop
      vertex 27.534175999462605 5.597120001912117 0.6
      vertex 27.890079997479916 5.317184001207352 0.6
      vertex 27.824688002467155 5.635367996990681 0.6
    endloop
  endfacet
  facet normal 0 0 1
    outer loop
      vertex 27.890079997479916 5.317184001207352 0.6
      vertex 28.201728001236916 5.4208080023527145 0.6
      vertex 27.824688002467155 5.635367996990681 0.6
    endloop
  endfacet
  facet normal 0 0 1
    outer loop
      vertex 27.824688002467155 5.635367996990681 0.6
      vertex 28.201728001236916 5.4208080023527145 0.6
      vertex 28.040863998234272 5.750111997127533 0.6
    endloop
  endfacet
  facet normal 0 0 1
    outer loop
      vertex 28.040863998234272 5.750111997127533 0.6
      vertex 28.201728001236916 5.4208080023527145 0.6
      vertex 28.437983997166157 5.61014399677515 0.6
    endloop
  endfacet
  facet normal 0 0 1
    outer loop
      vertex 28.040863998234272 5.750111997127533 0.6
      vertex 28.437983997166157 5.61014399677515 0.6
      vertex 28.175144001841545 5.933752000331879 0.6
    endloop
  endfacet
  facet normal 0 0 1
    outer loop
      vertex 28.175144001841545 5.933752000331879 0.6
      vertex 28.437983997166157 5.61014399677515 0.6
      vertex 28.586903996765614 5.869456000626087 0.6
    endloop
  endfacet
  facet normal 0 0 1
    outer loop
      vertex 28.175144001841545 5.933752000331879 0.6
      vertex 28.586903996765614 5.869456000626087 0.6
      vertex 28.219903998076916 6.178687997162342 0.6
    endloop
  endfacet
  facet normal 0 0 1
    outer loop
      vertex 28.586903996765614 5.869456000626087 0.6
      vertex 28.6365439966321 6.183008000254631 0.6
      vertex 28.219903998076916 6.178687997162342 0.6
    endloop
  endfacet
  facet normal 0 0 1
    outer loop
      vertex 26.533823996782303 5.597120001912117 0.6
      vertex 26.533823996782303 6.725536003708839 0.6
      vertex 26.119359999895096 7.057535998523235 0.6
    endloop
  endfacet
  facet normal 0 0 1
    outer loop
      vertex 26.533823996782303 6.725536003708839 0.6
      vertex 27.558048002421856 7.057535998523235 0.6
      vertex 26.119359999895096 7.057535998523235 0.6
    endloop
  endfacet
  facet normal 0 0 1
    outer loop
      vertex 26.533823996782303 6.725536003708839 0.6
      vertex 27.516832001507282 6.725536003708839 0.6
      vertex 27.558048002421856 7.057535998523235 0.6
    endloop
  endfacet
  facet normal 0 0 1
    outer loop
      vertex 27.516832001507282 6.725536003708839 0.6
      vertex 27.817631997168064 6.690544001758099 0.6
      vertex 27.558048002421856 7.057535998523235 0.6
    endloop
  endfacet
  facet normal 0 0 1
    outer loop
      vertex 27.817631997168064 6.690544001758099 0.6
      vertex 28.015656001865864 6.999760001897812 0.6
      vertex 27.558048002421856 7.057535998523235 0.6
    endloop
  endfacet
  facet normal 0 0 1
    outer loop
      vertex 28.17459999769926 6.413864001631737 0.6
      vertex 28.219903998076916 6.178687997162342 0.6
      vertex 28.6365439966321 6.183008000254631 0.6
    endloop
  endfacet
  facet normal 0 0 1
    outer loop
      vertex 28.17459999769926 6.413864001631737 0.6
      vertex 28.566288001835346 6.550024002790451 0.6
      vertex 28.355520002543926 6.82643199712038 0.6
    endloop
  endfacet
  facet normal 0 0 1
    outer loop
      vertex 28.17459999769926 6.413864001631737 0.6
      vertex 28.6365439966321 6.183008000254631 0.6
      vertex 28.566288001835346 6.550024002790451 0.6
    endloop
  endfacet
  facet normal 0 0 1
    outer loop
      vertex 27.817631997168064 6.690544001758099 0.6
      vertex 28.038687996566296 6.585568003356457 0.6
      vertex 28.015656001865864 6.999760001897812 0.6
    endloop
  endfacet
  facet normal 0 0 1
    outer loop
      vertex 28.17459999769926 6.413864001631737 0.6
      vertex 28.355520002543926 6.82643199712038 0.6
      vertex 28.038687996566296 6.585568003356457 0.6
    endloop
  endfacet
  facet normal 0 0 1
    outer loop
      vertex 28.038687996566296 6.585568003356457 0.6
      vertex 28.355520002543926 6.82643199712038 0.6
      vertex 28.015656001865864 6.999760001897812 0.6
    endloop
  endfacet
  facet normal 0 0 1
    outer loop
      vertex 29.876896001398563 4.147551998496056 0.6
      vertex 29.885568000376225 4.630368001759052 0.6
      vertex 29.575543999671936 4.381103999912739 0.6
    endloop
  endfacet
  facet normal 0 0 1
    outer loop
      vertex 29.355007998645306 4.6998080015182495 0.6
      vertex 29.66829600185156 5.027216002345085 0.6
      vertex 29.21993599832058 5.091232001781464 0.6
    endloop
  endfacet
  facet normal 0 0 1
    outer loop
      vertex 29.575543999671936 4.381103999912739 0.6
      vertex 29.885568000376225 4.630368001759052 0.6
      vertex 29.355007998645306 4.6998080015182495 0.6
    endloop
  endfacet
  facet normal 0 0 1
    outer loop
      vertex 29.355007998645306 4.6998080015182495 0.6
      vertex 29.885568000376225 4.630368001759052 0.6
      vertex 29.66829600185156 5.027216002345085 0.6
    endloop
  endfacet
  facet normal 0 0 1
    outer loop
      vertex 29.66829600185156 5.027216002345085 0.6
      vertex 29.59587199985981 5.542879998683929 0.6
      vertex 29.21993599832058 5.091232001781464 0.6
    endloop
  endfacet
  facet normal 0 0 1
    outer loop
      vertex 29.21993599832058 5.091232001781464 0.6
      vertex 29.59587199985981 5.542879998683929 0.6
      vertex 29.174911998212337 5.542879998683929 0.6
    endloop
  endfacet
  facet normal 0 0 1
    outer loop
      vertex 29.174911998212337 5.542879998683929 0.6
      vertex 29.59587199985981 5.542879998683929 0.6
      vertex 29.667479999363422 6.0577120035886765 0.6
    endloop
  endfacet
  facet normal 0 0 1
    outer loop
      vertex 29.174911998212337 5.542879998683929 0.6
      vertex 29.667479999363422 6.0577120035886765 0.6
      vertex 29.275271996855736 6.196304000914097 0.6
    endloop
  endfacet
  facet normal 0 0 1
    outer loop
      vertex 29.876896001398563 4.147551998496056 0.6
      vertex 30.250959999859333 4.004344001412392 0.6
      vertex 30.23141600191593 4.377311997115612 0.6
    endloop
  endfacet
  facet normal 0 0 1
    outer loop
      vertex 29.876896001398563 4.147551998496056 0.6
      vertex 30.23141600191593 4.377311997115612 0.6
      vertex 29.885568000376225 4.630368001759052 0.6
    endloop
  endfacet
  facet normal 0 0 1
    outer loop
      vertex 30.250959999859333 4.004344001412392 0.6
      vertex 30.689567998051643 4.292960003018379 0.6
      vertex 30.23141600191593 4.377311997115612 0.6
    endloop
  endfacet
  facet normal 0 0 1
    outer loop
      vertex 30.250959999859333 4.004344001412392 0.6
      vertex 30.689567998051643 3.95660799741745 0.6
      vertex 30.689567998051643 4.292960003018379 0.6
    endloop
  endfacet
  facet normal 0 0 1
    outer loop
      vertex 30.689567998051643 3.95660799741745 0.6
      vertex 31.125200003385544 4.0048879981040955 0.6
      vertex 30.689567998051643 4.292960003018379 0.6
    endloop
  endfacet
  facet normal 0 0 1
    outer loop
      vertex 31.125200003385544 4.0048879981040955 0.6
      vertex 31.157463997602463 4.374600000679493 0.6
      vertex 30.689567998051643 4.292960003018379 0.6
    endloop
  endfacet
  facet normal 0 0 1
    outer loop
      vertex 29.275271996855736 6.196304000914097 0.6
      vertex 29.667479999363422 6.0577120035886765 0.6
      vertex 29.88230399787426 6.443424001336098 0.6
    endloop
  endfacet
  facet normal 0 0 1
    outer loop
      vertex 29.275271996855736 6.196304000914097 0.6
      vertex 29.88230399787426 6.443424001336098 0.6
      vertex 29.57635200023651 6.6896959990262985 0.6
    endloop
  endfacet
  facet normal 0 0 1
    outer loop
      vertex 29.57635200023651 6.6896959990262985 0.6
      vertex 29.88230399787426 6.443424001336098 0.6
      vertex 30.05646400153637 6.999751999974251 0.6
    endloop
  endfacet
  facet normal 0 0 1
    outer loop
      vertex 29.88230399787426 6.443424001336098 0.6
      vertex 30.22844000160694 6.684288002550602 0.6
      vertex 30.05646400153637 6.999751999974251 0.6
    endloop
  endfacet
  facet normal 0 0 1
    outer loop
      vertex 30.22844000160694 6.684288002550602 0.6
      vertex 30.693920001387596 7.103104002773762 0.6
      vertex 30.05646400153637 6.999751999974251 0.6
    endloop
  endfacet
  facet normal 0 0 1
    outer loop
      vertex 30.22844000160694 6.684288002550602 0.6
      vertex 30.693920001387596 6.764576002955437 0.6
      vertex 30.693920001387596 7.103104002773762 0.6
    endloop
  endfacet
  facet normal 0 0 1
    outer loop
      vertex 31.155855998396873 6.683200001716614 0.6
      vertex 31.129528000950813 7.05672000348568 0.6
      vertex 30.693920001387596 6.764576002955437 0.6
    endloop
  endfacet
  facet normal 0 0 1
    outer loop
      vertex 30.693920001387596 6.764576002955437 0.6
      vertex 31.129528000950813 7.05672000348568 0.6
      vertex 30.693920001387596 7.103104002773762 0.6
    endloop
  endfacet
  facet normal 0 1 0
    outer loop
      vertex 23.154944002628326 4 0.6
      vertex 23.154944002628326 4 1.2
      vertex 23.569407999515533 4 0.6
    endloop
  endfacet
  facet normal -1 0 0
    outer loop
      vertex 21.086687996983528 4 0.6
      vertex 21.086687996983528 4 1.2
      vertex 21.086687996983528 4.3320000022649765 0.6
    endloop
  endfacet
  facet normal 0 1 0
    outer loop
      vertex 21.50780799984932 5.00688000023365 0.6
      vertex 21.50780799984932 5.00688000023365 1.2
      vertex 22.592799998819828 5.00688000023365 0.6
    endloop
  endfacet
  facet normal -0.780532524706586 0.6251151716885162 0
    outer loop
      vertex 20.71561600267887 5.560223996639252 0.6
      vertex 20.71561600267887 5.560223996639252 1.2
      vertex 20.85639200359583 5.7360000014305115 0.6
    endloop
  endfacet
  facet normal -0.8666829337999556 0.49885939127163054 0
    outer loop
      vertex 20.85639200359583 5.7360000014305115 0.6
      vertex 20.85639200359583 5.7360000014305115 1.2
      vertex 20.957567997276783 5.911775998771191 0.6
    endloop
  endfacet
  facet normal -0.9449845361376271 0.3271150049458962 0
    outer loop
      vertex 20.957567997276783 5.911775998771191 0.6
      vertex 20.957567997276783 5.911775998771191 1.2
      vertex 21.01860000193119 6.088087998330593 0.6
    endloop
  endfacet
  facet normal 1 0 0
    outer loop
      vertex 21.50780799984932 5.00688000023365 0.6
      vertex 21.50780799984932 5.354079999029636 0.6
      vertex 21.50780799984932 5.354079999029636 1.2
    endloop
  endfacet
  facet normal 0 -1 0
    outer loop
      vertex 21.50780799984932 5.354079999029636 0.6
      vertex 22.592799998819828 5.354079999029636 0.6
      vertex 22.592799998819828 5.354079999029636 1.2
    endloop
  endfacet
  facet normal -1 0 0
    outer loop
      vertex 22.592799998819828 5.00688000023365 0.6
      vertex 22.592799998819828 5.00688000023365 1.2
      vertex 22.592799998819828 5.354079999029636 0.6
    endloop
  endfacet
  facet normal 1 0 0
    outer loop
      vertex 23.154944002628326 4 0.6
      vertex 23.154944002628326 7.057535998523235 0.6
      vertex 23.154944002628326 7.057535998523235 1.2
    endloop
  endfacet
  facet normal -0.9934873930495606 0.11394208990354666 0
    outer loop
      vertex 21.01860000193119 6.088087998330593 0.6
      vertex 21.01860000193119 6.088087998330593 1.2
      vertex 21.038943998515606 6.265472002327442 0.6
    endloop
  endfacet
  facet normal -0.985084133854711 -0.17207338326340244 0
    outer loop
      vertex 21.038943998515606 6.265472002327442 0.6
      vertex 21.038943998515606 6.265472002327442 1.2
      vertex 20.97682400047779 6.62109600007534 0.6
    endloop
  endfacet
  facet normal -0.8168834519402688 -0.5768027617358905 0
    outer loop
      vertex 20.97682400047779 6.62109600007534 0.6
      vertex 20.97682400047779 6.62109600007534 1.2
      vertex 20.790463998913765 6.885024003684521 0.6
    endloop
  endfacet
  facet normal -1 0 0
    outer loop
      vertex 23.569407999515533 4 0.6
      vertex 23.569407999515533 4 1.2
      vertex 23.569407999515533 5.1913279965519905 0.6
    endloop
  endfacet
  facet normal 0 1 0
    outer loop
      vertex 23.569407999515533 5.1913279965519905 0.6
      vertex 23.569407999515533 5.1913279965519905 1.2
      vertex 24.467776000499725 5.1913279965519905 0.6
    endloop
  endfacet
  facet normal -1 0 0
    outer loop
      vertex 23.569407999515533 5.519008003175259 0.6
      vertex 23.569407999515533 5.519008003175259 1.2
      vertex 23.569407999515533 6.725536003708839 0.6
    endloop
  endfacet
  facet normal 0 -1 0
    outer loop
      vertex 23.569407999515533 5.519008003175259 0.6
      vertex 24.409184001386166 5.519008003175259 0.6
      vertex 24.409184001386166 5.519008003175259 1.2
    endloop
  endfacet
  facet normal -0.14547987479242674 0.9893612111005665 0
    outer loop
      vertex 24.467776000499725 5.1913279965519905 0.6
      vertex 24.467776000499725 5.1913279965519905 1.2
      vertex 24.903127998113632 5.25534400343895 0.6
    endloop
  endfacet
  facet normal -0.4985838844577656 0.8668414561838892 0
    outer loop
      vertex 24.903127998113632 5.25534400343895 0.6
      vertex 24.903127998113632 5.25534400343895 1.2
      vertex 25.237024001777172 5.447392001748085 0.6
    endloop
  endfacet
  facet normal 0.28276215076610517 -0.9591900573369839 0
    outer loop
      vertex 24.409184001386166 5.519008003175259 0.6
      vertex 24.929984003305435 5.672536000609398 0.6
      vertex 24.929984003305435 5.672536000609398 1.2
    endloop
  endfacet
  facet normal 0.9357394144060428 -0.35269214384082387 0
    outer loop
      vertex 24.929984003305435 5.672536000609398 0.6
      vertex 25.103583998978138 6.133120000362396 0.6
      vertex 25.103583998978138 6.133120000362396 1.2
    endloop
  endfacet
  facet normal -0.8166460417733135 0.5771388415762532 0
    outer loop
      vertex 25.237024001777172 5.447392001748085 0.6
      vertex 25.237024001777172 5.447392001748085 1.2
      vertex 25.449423998594284 5.747936002910137 0.6
    endloop
  endfacet
  facet normal -0.9838783159819829 0.17883919967517584 0
    outer loop
      vertex 25.449423998594284 5.747936002910137 0.6
      vertex 25.449423998594284 5.747936002910137 1.2
      vertex 25.52022399753332 6.137440003454685 0.6
    endloop
  endfacet
  facet normal 0 1 0
    outer loop
      vertex 23.569407999515533 6.725536003708839 0.6
      vertex 23.569407999515533 6.725536003708839 1.2
      vertex 24.391840003430843 6.725536003708839 0.6
    endloop
  endfacet
  facet normal 0 -1 0
    outer loop
      vertex 23.154944002628326 7.057535998523235 0.6
      vertex 24.441728003323078 7.057535998523235 0.6
      vertex 24.441728003323078 7.057535998523235 1.2
    endloop
  endfacet
  facet normal 0.26734891525368715 0.9635997911543343 0
    outer loop
      vertex 24.391840003430843 6.725536003708839 0.6
      vertex 24.391840003430843 6.725536003708839 1.2
      vertex 24.925647996366024 6.577431999146938 0.6
    endloop
  endfacet
  facet normal 0.9283244482130055 0.37177105703647595 0
    outer loop
      vertex 25.103583998978138 6.133120000362396 0.6
      vertex 24.925647996366024 6.577431999146938 0.6
      vertex 24.925647996366024 6.577431999146938 1.2
    endloop
  endfacet
  facet normal -0.13086324991105877 -0.991400428597202 0
    outer loop
      vertex 24.441728003323078 7.057535998523235 0.6
      vertex 24.897976003587246 6.997312001883984 0.6
      vertex 24.897976003587246 6.997312001883984 1.2
    endloop
  endfacet
  facet normal -0.46910410607908815 -0.8831428749980036 0
    outer loop
      vertex 24.897976003587246 6.997312001883984 0.6
      vertex 25.23811200261116 6.816639997065067 0.6
      vertex 25.23811200261116 6.816639997065067 1.2
    endloop
  endfacet
  facet normal -0.9839559254477289 -0.17841170582756988 0
    outer loop
      vertex 25.52022399753332 6.137440003454685 0.6
      vertex 25.52022399753332 6.137440003454685 1.2
      vertex 25.449695996940136 6.52640800178051 0.6
    endloop
  endfacet
  facet normal -0.8080651857682714 -0.589093078850269 0
    outer loop
      vertex 25.449695996940136 6.52640800178051 0.6
      vertex 25.449695996940136 6.52640800178051 1.2
      vertex 25.23811200261116 6.816639997065067 0.6
    endloop
  endfacet
  facet normal 0 1 0
    outer loop
      vertex 26.119359999895096 4 0.6
      vertex 26.119359999895096 4 1.2
      vertex 26.533823996782303 4 0.6
    endloop
  endfacet
  facet normal 0 1 0
    outer loop
      vertex 28.280671998858452 4 0.6
      vertex 28.280671998858452 4 1.2
      vertex 28.75807999819517 4 0.6
    endloop
  endfacet
  facet normal 0.10819632158400969 0.9941295468879746 0
    outer loop
      vertex 30.250959999859333 4.004344001412392 0.6
      vertex 30.250959999859333 4.004344001412392 1.2
      vertex 30.689567998051643 3.95660799741745 0.6
    endloop
  endfacet
  facet normal -0.11015306199604917 0.9939146356367302 0
    outer loop
      vertex 30.689567998051643 3.95660799741745 0.6
      vertex 30.689567998051643 3.95660799741745 1.2
      vertex 31.125200003385544 4.0048879981040955 0.6
    endloop
  endfacet
  facet normal -1 0 0
    outer loop
      vertex 26.533823996782303 4 0.6
      vertex 26.533823996782303 4 1.2
      vertex 26.533823996782303 5.2694400027394295 0.6
    endloop
  endfacet
  facet normal 1 0 0
    outer loop
      vertex 26.119359999895096 4 0.6
      vertex 26.119359999895096 7.057535998523235 0.6
      vertex 26.119359999895096 7.057535998523235 1.2
    endloop
  endfacet
  facet normal -1 0 0
    outer loop
      vertex 26.533823996782303 5.597120001912117 0.6
      vertex 26.533823996782303 5.597120001912117 1.2
      vertex 26.533823996782303 6.725536003708839 0.6
    endloop
  endfacet
  facet normal 0 1 0
    outer loop
      vertex 26.533823996782303 5.2694400027394295 0.6
      vertex 26.533823996782303 5.2694400027394295 1.2
      vertex 27.486432000994682 5.2694400027394295 0.6
    endloop
  endfacet
  facet normal 0 -1 0
    outer loop
      vertex 26.533823996782303 5.597120001912117 0.6
      vertex 27.534175999462605 5.597120001912117 0.6
      vertex 27.534175999462605 5.597120001912117 1.2
    endloop
  endfacet
  facet normal 0.847746091777139 0.5304022660929971 0
    outer loop
      vertex 27.486432000994682 5.2694400027394295 0.6
      vertex 27.486432000994682 5.2694400027394295 1.2
      vertex 28.280671998858452 4 0.6
    endloop
  endfacet
  facet normal -0.8350001469438405 -0.5502497202214325 0
    outer loop
      vertex 27.890079997479916 5.317184001207352 0.6
      vertex 28.75807999819517 4 0.6
      vertex 28.75807999819517 4 1.2
    endloop
  endfacet
  facet normal 0.1305307689189568 -0.9914442588292223 0
    outer loop
      vertex 27.534175999462605 5.597120001912117 0.6
      vertex 27.824688002467155 5.635367996990681 0.6
      vertex 27.824688002467155 5.635367996990681 1.2
    endloop
  endfacet
  facet normal -0.31551883794850805 0.9489193131661001 0
    outer loop
      vertex 27.890079997479916 5.317184001207352 0.6
      vertex 27.890079997479916 5.317184001207352 1.2
      vertex 28.201728001236916 5.4208080023527145 0.6
    endloop
  endfacet
  facet normal -0.6253618439056525 0.7803349051445297 0
    outer loop
      vertex 28.201728001236916 5.4208080023527145 0.6
      vertex 28.201728001236916 5.4208080023527145 1.2
      vertex 28.437983997166157 5.61014399677515 0.6
    endloop
  endfacet
  facet normal 0.4688381361717469 -0.8832841004291895 0
    outer loop
      vertex 27.824688002467155 5.635367996990681 0.6
      vertex 28.040863998234272 5.750111997127533 0.6
      vertex 28.040863998234272 5.750111997127533 1.2
    endloop
  endfacet
  facet normal 0.8072203457074967 -0.5902502126012914 0
    outer loop
      vertex 28.040863998234272 5.750111997127533 0.6
      vertex 28.175144001841545 5.933752000331879 0.6
      vertex 28.175144001841545 5.933752000331879 1.2
    endloop
  endfacet
  facet normal -0.8671726576943549 0.4980076121379162 0
    outer loop
      vertex 28.437983997166157 5.61014399677515 0.6
      vertex 28.437983997166157 5.61014399677515 1.2
      vertex 28.586903996765614 5.869456000626087 0.6
    endloop
  endfacet
  facet normal 0 1 0
    outer loop
      vertex 26.533823996782303 6.725536003708839 0.6
      vertex 26.533823996782303 6.725536003708839 1.2
      vertex 27.516832001507282 6.725536003708839 0.6
    endloop
  endfacet
  facet normal 0 -1 0
    outer loop
      vertex 26.119359999895096 7.057535998523235 0.6
      vertex 27.558048002421856 7.057535998523235 0.6
      vertex 27.558048002421856 7.057535998523235 1.2
    endloop
  endfacet
  facet normal 0.11555057170935502 0.9933015983968018 0
    outer loop
      vertex 27.516832001507282 6.725536003708839 0.6
      vertex 27.516832001507282 6.725536003708839 1.2
      vertex 27.817631997168064 6.690544001758099 0.6
    endloop
  endfacet
  facet normal -0.12526209072581235 -0.9921236861535957 0
    outer loop
      vertex 27.558048002421856 7.057535998523235 0.6
      vertex 28.015656001865864 6.999760001897812 0.6
      vertex 28.015656001865864 6.999760001897812 1.2
    endloop
  endfacet
  facet normal 0.9837096429092946 -0.17976467519306485 0
    outer loop
      vertex 28.175144001841545 5.933752000331879 0.6
      vertex 28.219903998076916 6.178687997162342 0.6
      vertex 28.219903998076916 6.178687997162342 1.2
    endloop
  endfacet
  facet normal 0.9819461195649982 0.18916082647113303 0
    outer loop
      vertex 28.17459999769926 6.413864001631737 0.6
      vertex 28.17459999769926 6.413864001631737 1.2
      vertex 28.219903998076916 6.178687997162342 0.6
    endloop
  endfacet
  facet normal 0.7840910105644748 0.620645862913772 0
    outer loop
      vertex 28.17459999769926 6.413864001631737 0.6
      vertex 28.038687996566296 6.585568003356457 0.6
      vertex 28.038687996566296 6.585568003356457 1.2
    endloop
  endfacet
  facet normal 0.42897145489444255 0.9033180452563456 0
    outer loop
      vertex 27.817631997168064 6.690544001758099 0.6
      vertex 27.817631997168064 6.690544001758099 1.2
      vertex 28.038687996566296 6.585568003356457 0.6
    endloop
  endfacet
  facet normal -0.7951939084009169 -0.6063552160590968 0
    outer loop
      vertex 28.566288001835346 6.550024002790451 0.6
      vertex 28.566288001835346 6.550024002790451 1.2
      vertex 28.355520002543926 6.82643199712038 0.6
    endloop
  endfacet
  facet normal -0.4543206004852406 -0.8908382524200061 0
    outer loop
      vertex 28.015656001865864 6.999760001897812 0.6
      vertex 28.355520002543926 6.82643199712038 0.6
      vertex 28.355520002543926 6.82643199712038 1.2
    endloop
  endfacet
  facet normal 0.6125785479092191 0.7904097182103929 0
    outer loop
      vertex 29.876896001398563 4.147551998496056 0.6
      vertex 29.575543999671936 4.381103999912739 0.6
      vertex 29.575543999671936 4.381103999912739 1.2
    endloop
  endfacet
  facet normal 0.8223192408213456 0.5690264195755816 0
    outer loop
      vertex 29.575543999671936 4.381103999912739 0.6
      vertex 29.355007998645306 4.6998080015182495 0.6
      vertex 29.355007998645306 4.6998080015182495 1.2
    endloop
  endfacet
  facet normal 0.945299865240827 0.32620264372882446 0
    outer loop
      vertex 29.355007998645306 4.6998080015182495 0.6
      vertex 29.21993599832058 5.091232001781464 0.6
      vertex 29.21993599832058 5.091232001781464 1.2
    endloop
  endfacet
  facet normal -0.8771423794947238 -0.4802304093810948 0
    outer loop
      vertex 29.66829600185156 5.027216002345085 0.6
      vertex 29.885568000376225 4.630368001759052 0.6
      vertex 29.885568000376225 4.630368001759052 1.2
    endloop
  endfacet
  facet normal -0.9876989281499111 0.15636760320321114 0
    outer loop
      vertex 28.586903996765614 5.869456000626087 0.6
      vertex 28.586903996765614 5.869456000626087 1.2
      vertex 28.6365439966321 6.183008000254631 0.6
    endloop
  endfacet
  facet normal 0.9950678565408093 0.09919657695343799 0
    outer loop
      vertex 29.21993599832058 5.091232001781464 0.6
      vertex 29.174911998212337 5.542879998683929 0.6
      vertex 29.174911998212337 5.542879998683929 1.2
    endloop
  endfacet
  facet normal -0.9902807280207195 -0.13908299576423322 0
    outer loop
      vertex 29.66829600185156 5.027216002345085 0.6
      vertex 29.66829600185156 5.027216002345085 1.2
      vertex 29.59587199985981 5.542879998683929 0.6
    endloop
  endfacet
  facet normal 0.9884095800424358 -0.15181074428490132 0
    outer loop
      vertex 29.174911998212337 5.542879998683929 0.6
      vertex 29.275271996855736 6.196304000914097 0.6
      vertex 29.275271996855736 6.196304000914097 1.2
    endloop
  endfacet
  facet normal -0.9904651075213587 0.13776382247420185 0
    outer loop
      vertex 29.59587199985981 5.542879998683929 0.6
      vertex 29.59587199985981 5.542879998683929 1.2
      vertex 29.667479999363422 6.0577120035886765 0.6
    endloop
  endfacet
  facet normal 0.3575371905541239 0.933898901043718 0
    outer loop
      vertex 29.876896001398563 4.147551998496056 0.6
      vertex 29.876896001398563 4.147551998496056 1.2
      vertex 30.250959999859333 4.004344001412392 0.6
    endloop
  endfacet
  facet normal -0.5905046618826355 -0.8070342274618061 0
    outer loop
      vertex 29.885568000376225 4.630368001759052 0.6
      vertex 30.23141600191593 4.377311997115612 0.6
      vertex 30.23141600191593 4.377311997115612 1.2
    endloop
  endfacet
  facet normal -0.1810701930775605 -0.9834701750327026 0
    outer loop
      vertex 30.23141600191593 4.377311997115612 0.6
      vertex 30.689567998051643 4.292960003018379 0.6
      vertex 30.689567998051643 4.292960003018379 1.2
    endloop
  endfacet
  facet normal 0.1718863429241786 -0.9851167875516851 0
    outer loop
      vertex 30.689567998051643 4.292960003018379 0.6
      vertex 31.157463997602463 4.374600000679493 0.6
      vertex 31.157463997602463 4.374600000679493 1.2
    endloop
  endfacet
  facet normal -0.9821668881241312 -0.18801118017969098 0
    outer loop
      vertex 28.6365439966321 6.183008000254631 0.6
      vertex 28.6365439966321 6.183008000254631 1.2
      vertex 28.566288001835346 6.550024002790451 0.6
    endloop
  endfacet
  facet normal 0.8536183106725779 -0.5208990110227646 0
    outer loop
      vertex 29.275271996855736 6.196304000914097 0.6
      vertex 29.57635200023651 6.6896959990262985 0.6
      vertex 29.57635200023651 6.6896959990262985 1.2
    endloop
  endfacet
  facet normal -0.8736379641466112 0.48657651772538757 0
    outer loop
      vertex 29.667479999363422 6.0577120035886765 0.6
      vertex 29.667479999363422 6.0577120035886765 1.2
      vertex 29.88230399787426 6.443424001336098 0.6
    endloop
  endfacet
  facet normal -0.5711823185196764 0.8208232203163403 0
    outer loop
      vertex 29.88230399787426 6.443424001336098 0.6
      vertex 29.88230399787426 6.443424001336098 1.2
      vertex 30.22844000160694 6.684288002550602 0.6
    endloop
  endfacet
  facet normal 0.5425052646096448 -0.8400524018600383 0
    outer loop
      vertex 29.57635200023651 6.6896959990262985 0.6
      vertex 30.05646400153637 6.999751999974251 0.6
      vertex 30.05646400153637 6.999751999974251 1.2
    endloop
  endfacet
  facet normal -0.1699744086545725 0.9854484767873601 0
    outer loop
      vertex 30.22844000160694 6.684288002550602 0.6
      vertex 30.22844000160694 6.684288002550602 1.2
      vertex 30.693920001387596 6.764576002955437 0.6
    endloop
  endfacet
  facet normal 0.16004212781284163 -0.9871101849971653 0
    outer loop
      vertex 30.05646400153637 6.999751999974251 0.6
      vertex 30.693920001387596 7.103104002773762 0.6
      vertex 30.693920001387596 7.103104002773762 1.2
    endloop
  endfacet
  facet normal 0.17349148948575777 0.9848353685139528 0
    outer loop
      vertex 31.155855998396873 6.683200001716614 0.6
      vertex 30.693920001387596 6.764576002955437 0.6
      vertex 30.693920001387596 6.764576002955437 1.2
    endloop
  endfacet
  facet normal -0.10588248751790728 -0.9943786496285106 0
    outer loop
      vertex 30.693920001387596 7.103104002773762 0.6
      vertex 31.129528000950813 7.05672000348568 0.6
      vertex 31.129528000950813 7.05672000348568 1.2
    endloop
  endfacet
  facet normal 0 0 1
    outer loop
      vertex 31.125200003385544 4.0048879981040955 0.6
      vertex 31.49897599965334 4.149728000164032 0.6
      vertex 31.157463997602463 4.374600000679493 0.6
    endloop
  endfacet
  facet normal 0 0 1
    outer loop
      vertex 31.49897599965334 4.149728000164032 0.6
      vertex 31.50220800191164 4.619520001113415 0.6
      vertex 31.157463997602463 4.374600000679493 0.6
    endloop
  endfacet
  facet normal 0 0 1
    outer loop
      vertex 31.49897599965334 4.149728000164032 0.6
      vertex 31.801951996982098 4.384623996913433 0.6
      vertex 31.50220800191164 4.619520001113415 0.6
    endloop
  endfacet
  facet normal 0 0 1
    outer loop
      vertex 31.50220800191164 4.619520001113415 0.6
      vertex 32.025183998048306 4.7030719965696335 0.6
      vertex 31.714607998728752 5.013655997812748 0.6
    endloop
  endfacet
  facet normal 0 0 1
    outer loop
      vertex 31.50220800191164 4.619520001113415 0.6
      vertex 31.801951996982098 4.384623996913433 0.6
      vertex 32.025183998048306 4.7030719965696335 0.6
    endloop
  endfacet
  facet normal 0 0 1
    outer loop
      vertex 31.714607998728752 5.013655997812748 0.6
      vertex 32.025183998048306 4.7030719965696335 0.6
      vertex 32.16272799670696 5.0931359976530075 0.6
    endloop
  endfacet
  facet normal 0 0 1
    outer loop
      vertex 31.714607998728752 5.013655997812748 0.6
      vertex 32.16272799670696 5.0931359976530075 0.6
      vertex 31.78540799766779 5.542879998683929 0.6
    endloop
  endfacet
  facet normal 0 0 1
    outer loop
      vertex 31.78540799766779 5.542879998683929 0.6
      vertex 32.16272799670696 5.0931359976530075 0.6
      vertex 32.2085760012269 5.542879998683929 0.6
    endloop
  endfacet
  facet normal 0 0 1
    outer loop
      vertex 31.78540799766779 5.542879998683929 0.6
      vertex 32.2085760012269 5.542879998683929 0.6
      vertex 32.16327200084925 5.992600001394749 0.6
    endloop
  endfacet
  facet normal 0 0 1
    outer loop
      vertex 31.78540799766779 5.542879998683929 0.6
      vertex 32.16327200084925 5.992600001394749 0.6
      vertex 31.71407199651003 6.0522719994187355 0.6
    endloop
  endfacet
  facet normal 0 0 1
    outer loop
      vertex 32.7860160022974 4 0.6
      vertex 33.15491200238466 4 0.6
      vertex 33.15491200238466 6.0311359986662865 0.6
    endloop
  endfacet
  facet normal 0 0 1
    outer loop
      vertex 32.7860160022974 4 0.6
      vertex 33.15491200238466 6.0311359986662865 0.6
      vertex 33.144064001739025 6.393504001200199 0.6
    endloop
  endfacet
  facet normal 0 0 1
    outer loop
      vertex 32.7860160022974 4 0.6
      vertex 33.144064001739025 6.393504001200199 0.6
      vertex 33.13321600109339 6.604000002145767 0.6
    endloop
  endfacet
  facet normal 0 0 1
    outer loop
      vertex 32.7860160022974 4 0.6
      vertex 33.13321600109339 6.604000002145767 0.6
      vertex 32.7860160022974 7.057535998523235 0.6
    endloop
  endfacet
  facet normal 0 0 1
    outer loop
      vertex 33.13321600109339 6.604000002145767 0.6
      vertex 34.92127999663353 4.436159998178482 0.6
      vertex 32.7860160022974 7.057535998523235 0.6
    endloop
  endfacet
  facet normal 0 0 1
    outer loop
      vertex 31.500064000487328 6.439071998000145 0.6
      vertex 31.71407199651003 6.0522719994187355 0.6
      vertex 32.02735999971628 6.378303997218609 0.6
    endloop
  endfacet
  facet normal 0 0 1
    outer loop
      vertex 31.155855998396873 6.683200001716614 0.6
      vertex 31.500064000487328 6.439071998000145 0.6
      vertex 31.50329600274563 6.917567998170853 0.6
    endloop
  endfacet
  facet normal 0 0 1
    outer loop
      vertex 31.155855998396873 6.683200001716614 0.6
      vertex 31.50329600274563 6.917567998170853 0.6
      vertex 31.129528000950813 7.05672000348568 0.6
    endloop
  endfacet
  facet normal 0 0 1
    outer loop
      vertex 31.500064000487328 6.439071998000145 0.6
      vertex 31.805752001702785 6.689984001219273 0.6
      vertex 31.50329600274563 6.917567998170853 0.6
    endloop
  endfacet
  facet normal 0 0 1
    outer loop
      vertex 31.71407199651003 6.0522719994187355 0.6
      vertex 32.16327200084925 5.992600001394749 0.6
      vertex 32.02735999971628 6.378303997218609 0.6
    endloop
  endfacet
  facet normal 0 0 1
    outer loop
      vertex 31.500064000487328 6.439071998000145 0.6
      vertex 32.02735999971628 6.378303997218609 0.6
      vertex 31.805752001702785 6.689984001219273 0.6
    endloop
  endfacet
  facet normal 0 0 1
    outer loop
      vertex 34.92127999663353 4.436159998178482 0.6
      vertex 33.26774399727583 7.057535998523235 0.6
      vertex 32.7860160022974 7.057535998523235 0.6
    endloop
  endfacet
  facet normal 0 0 1
    outer loop
      vertex 34.7693760022521 4 0.6
      vertex 35.268480002880096 4 0.6
      vertex 33.13321600109339 6.604000002145767 0.6
    endloop
  endfacet
  facet normal 0 0 1
    outer loop
      vertex 33.13321600109339 6.604000002145767 0.6
      vertex 35.268480002880096 4 0.6
      vertex 34.92127999663353 4.436159998178482 0.6
    endloop
  endfacet
  facet normal 0 0 1
    outer loop
      vertex 35.268480002880096 4 0.6
      vertex 34.90174400061369 4.80290400236845 0.6
      vertex 34.92127999663353 4.436159998178482 0.6
    endloop
  endfacet
  facet normal 0 0 1
    outer loop
      vertex 35.268480002880096 4 0.6
      vertex 34.89523199945688 5.052447997033596 0.6
      vertex 34.90174400061369 4.80290400236845 0.6
    endloop
  endfacet
  facet normal 0 0 1
    outer loop
      vertex 36.262272000312805 4.3805679976940155 0.6
      vertex 36.57283200323582 4.62822400033474 0.6
      vertex 36.03795199841261 4.697664000093937 0.6
    endloop
  endfacet
  facet normal 0 0 1
    outer loop
      vertex 36.03795199841261 4.697664000093937 0.6
      vertex 36.34987200051546 5.024520002305508 0.6
      vertex 35.900431998074055 5.088536001741886 0.6
    endloop
  endfacet
  facet normal 0 0 1
    outer loop
      vertex 35.268480002880096 4 0.6
      vertex 35.268480002880096 7.057535998523235 0.6
      vertex 34.89523199945688 5.052447997033596 0.6
    endloop
  endfacet
  facet normal 0 0 1
    outer loop
      vertex 36.34987200051546 5.024520002305508 0.6
      vertex 36.27555199712515 5.542879998683929 0.6
      vertex 35.900431998074055 5.088536001741886 0.6
    endloop
  endfacet
  facet normal 0 0 1
    outer loop
      vertex 35.900431998074055 5.088536001741886 0.6
      vertex 36.27555199712515 5.542879998683929 0.6
      vertex 35.85459200292826 5.542879998683929 0.6
    endloop
  endfacet
  facet normal 0 0 1
    outer loop
      vertex 35.85459200292826 5.542879998683929 0.6
      vertex 36.27555199712515 5.542879998683929 0.6
      vertex 35.95440799742937 6.203088000416756 0.6
    endloop
  endfacet
  facet normal 0 0 1
    outer loop
      vertex 36.27555199712515 5.542879998683929 0.6
      vertex 36.34553600102663 6.059047996997833 0.6
      vertex 35.95440799742937 6.203088000416756 0.6
    endloop
  endfacet
  facet normal 0 0 1
    outer loop
      vertex 34.89523199945688 5.052447997033596 0.6
      vertex 35.268480002880096 7.057535998523235 0.6
      vertex 34.89523199945688 7.057535998523235 0.6
    endloop
  endfacet
  facet normal 0 0 1
    outer loop
      vertex 35.95440799742937 6.203088000416756 0.6
      vertex 36.34553600102663 6.059047996997833 0.6
      vertex 36.253856003284454 6.6951360031962395 0.6
    endloop
  endfacet
  facet normal 0 0 1
    outer loop
      vertex 36.56851200014353 4.147551998496056 0.6
      vertex 36.57283200323582 4.62822400033474 0.6
      vertex 36.262272000312805 4.3805679976940155 0.6
    endloop
  endfacet
  facet normal 0 0 1
    outer loop
      vertex 36.56851200014353 4.147551998496056 0.6
      vertex 36.94880799949169 4.004344001412392 0.6
      vertex 36.927103996276855 4.376776002347469 0.6
    endloop
  endfacet
  facet normal 0 0 1
    outer loop
      vertex 36.56851200014353 4.147551998496056 0.6
      vertex 36.927103996276855 4.376776002347469 0.6
      vertex 36.57283200323582 4.62822400033474 0.6
    endloop
  endfacet
  facet normal 0 0 1
    outer loop
      vertex 36.03795199841261 4.697664000093937 0.6
      vertex 36.57283200323582 4.62822400033474 0.6
      vertex 36.34987200051546 5.024520002305508 0.6
    endloop
  endfacet
  facet normal 0 0 1
    outer loop
      vertex 36.94880799949169 4.004344001412392 0.6
      vertex 37.39529599994421 4.292960003018379 0.6
      vertex 36.927103996276855 4.376776002347469 0.6
    endloop
  endfacet
  facet normal 0 0 1
    outer loop
      vertex 36.94880799949169 4.004344001412392 0.6
      vertex 37.39529599994421 3.95660799741745 0.6
      vertex 37.39529599994421 4.292960003018379 0.6
    endloop
  endfacet
  facet normal 0 0 1
    outer loop
      vertex 37.39529599994421 3.95660799741745 0.6
      vertex 37.68471200019121 4.315743997693062 0.6
      vertex 37.39529599994421 4.292960003018379 0.6
    endloop
  endfacet
  facet normal 0 0 1
    outer loop
      vertex 37.39529599994421 3.95660799741745 0.6
      vertex 37.792663998901844 3.9905119985342026 0.6
      vertex 37.68471200019121 4.315743997693062 0.6
    endloop
  endfacet
  facet normal 0 0 1
    outer loop
      vertex 37.792663998901844 3.9905119985342026 0.6
      vertex 37.95404800027609 4.384095996618271 0.6
      vertex 37.68471200019121 4.315743997693062 0.6
    endloop
  endfacet
  facet normal 0 0 1
    outer loop
      vertex 37.792663998901844 3.9905119985342026 0.6
      vertex 38.160191997885704 4.0922240018844604 0.6
      vertex 37.95404800027609 4.384095996618271 0.6
    endloop
  endfacet
  facet normal 0 0 1
    outer loop
      vertex 38.160191997885704 4.0922240018844604 0.6
      vertex 38.18868800252676 4.491503998637199 0.6
      vertex 37.95404800027609 4.384095996618271 0.6
    endloop
  endfacet
  facet normal 0 0 1
    outer loop
      vertex 38.160191997885704 4.0922240018844604 0.6
      vertex 38.485431998968124 4.255783997476101 0.6
      vertex 38.18868800252676 4.491503998637199 0.6
    endloop
  endfacet
  facet normal 0 0 1
    outer loop
      vertex 38.18868800252676 4.491503998637199 0.6
      vertex 38.485431998968124 4.255783997476101 0.6
      vertex 38.37395200133324 4.6314560025930405 0.6
    endloop
  endfacet
  facet normal 0 0 1
    outer loop
      vertex 38.37395200133324 4.6314560025930405 0.6
      vertex 38.485431998968124 4.255783997476101 0.6
      vertex 38.75587199628353 4.475231997668743 0.6
    endloop
  endfacet
  facet normal 0 0 1
    outer loop
      vertex 38.37395200133324 4.6314560025930405 0.6
      vertex 38.75587199628353 4.475231997668743 0.6
      vertex 38.37395200133324 5.182655997574329 0.6
    endloop
  endfacet
  facet normal 0 0 1
    outer loop
      vertex 38.75587199628353 4.475231997668743 0.6
      vertex 38.75587199628353 5.5298559963703156 0.6
      vertex 38.37395200133324 5.182655997574329 0.6
    endloop
  endfacet
  facet normal 0 0 1
    outer loop
      vertex 37.460383996367455 5.182655997574329 0.6
      vertex 38.37395200133324 5.182655997574329 0.6
      vertex 37.460383996367455 5.5298559963703156 0.6
    endloop
  endfacet
  facet normal 0 0 1
    outer loop
      vertex 37.460383996367455 5.5298559963703156 0.6
      vertex 38.37395200133324 5.182655997574329 0.6
      vertex 38.75587199628353 5.5298559963703156 0.6
    endloop
  endfacet
  facet normal 0 0 1
    outer loop
      vertex 36.34553600102663 6.059047996997833 0.6
      vertex 36.555487997829914 6.444480001926422 0.6
      vertex 36.253856003284454 6.6951360031962395 0.6
    endloop
  endfacet
  facet normal 0 0 1
    outer loop
      vertex 36.253856003284454 6.6951360031962395 0.6
      vertex 36.555487997829914 6.444480001926422 0.6
      vertex 36.73397599905729 7.001111999154091 0.6
    endloop
  endfacet
  facet normal 0 0 1
    outer loop
      vertex 36.555487997829914 6.444480001926422 0.6
      vertex 36.897808000445366 6.684551998972893 0.6
      vertex 36.73397599905729 7.001111999154091 0.6
    endloop
  endfacet
  facet normal 0 0 1
    outer loop
      vertex 36.897808000445366 6.684551998972893 0.6
      vertex 37.36489599943161 6.764576002955437 0.6
      vertex 37.37574400007725 7.103104002773762 0.6
    endloop
  endfacet
  facet normal 0 0 1
    outer loop
      vertex 36.897808000445366 6.684551998972893 0.6
      vertex 37.37574400007725 7.103104002773762 0.6
      vertex 36.73397599905729 7.001111999154091 0.6
    endloop
  endfacet
  facet normal 0 0 1
    outer loop
      vertex 37.6776560023427 6.734736002981663 0.6
      vertex 37.37574400007725 7.103104002773762 0.6
      vertex 37.36489599943161 6.764576002955437 0.6
    endloop
  endfacet
  facet normal 0 0 1
    outer loop
      vertex 37.6776560023427 6.734736002981663 0.6
      vertex 37.93452800065279 6.645216003060341 0.6
      vertex 37.83578400313854 7.060248002409935 0.6
    endloop
  endfacet
  facet normal 0 0 1
    outer loop
      vertex 37.6776560023427 6.734736002981663 0.6
      vertex 37.83578400313854 7.060248002409935 0.6
      vertex 37.37574400007725 7.103104002773762 0.6
    endloop
  endfacet
  facet normal 0 0 1
    outer loop
      vertex 38.13877599686384 6.490616001188755 0.6
      vertex 38.20035199820995 6.931680001318455 0.6
      vertex 37.93452800065279 6.645216003060341 0.6
    endloop
  endfacet
  facet normal 0 0 1
    outer loop
      vertex 37.93452800065279 6.645216003060341 0.6
      vertex 38.20035199820995 6.931680001318455 0.6
      vertex 37.83578400313854 7.060248002409935 0.6
    endloop
  endfacet
  facet normal 0 0 1
    outer loop
      vertex 38.13877599686384 6.490616001188755 0.6
      vertex 38.2936640009284 6.265472002327442 0.6
      vertex 38.480832003057 6.708711996674538 0.6
    endloop
  endfacet
  facet normal 0 0 1
    outer loop
      vertex 38.2936640009284 6.265472002327442 0.6
      vertex 38.68860799819231 6.382656000554562 0.6
      vertex 38.480832003057 6.708711996674538 0.6
    endloop
  endfacet
  facet normal 0 0 1
    outer loop
      vertex 38.13877599686384 6.490616001188755 0.6
      vertex 38.480832003057 6.708711996674538 0.6
      vertex 38.20035199820995 6.931680001318455 0.6
    endloop
  endfacet
  facet normal 0 0 1
    outer loop
      vertex 40.68748799711466 4 0.6
      vertex 41.05638399720192 4 0.6
      vertex 41.05638399720192 6.0311359986662865 0.6
    endloop
  endfacet
  facet normal 0 0 1
    outer loop
      vertex 40.68748799711466 4 0.6
      vertex 41.034688003361225 6.604000002145767 0.6
      vertex 40.68748799711466 7.057535998523235 0.6
    endloop
  endfacet
  facet normal 0 0 1
    outer loop
      vertex 40.68748799711466 4 0.6
      vertex 41.05638399720192 6.0311359986662865 0.6
      vertex 41.04553599655628 6.393504001200199 0.6
    endloop
  endfacet
  facet normal 0 0 1
    outer loop
      vertex 40.68748799711466 4 0.6
      vertex 41.04553599655628 6.393504001200199 0.6
      vertex 41.034688003361225 6.604000002145767 0.6
    endloop
  endfacet
  facet normal -0.36132497949790926 0.9324399493752054 0
    outer loop
      vertex 31.125200003385544 4.0048879981040955 0.6
      vertex 31.125200003385544 4.0048879981040955 1.2
      vertex 31.49897599965334 4.149728000164032 0.6
    endloop
  endfacet
  facet normal 0 1 0
    outer loop
      vertex 32.7860160022974 4 0.6
      vertex 32.7860160022974 4 1.2
      vertex 33.15491200238466 4 0.6
    endloop
  endfacet
  facet normal 0 1 0
    outer loop
      vertex 34.7693760022521 4 0.6
      vertex 34.7693760022521 4 1.2
      vertex 35.268480002880096 4 0.6
    endloop
  endfacet
  facet normal 0.5791604818384266 -0.8152135525595006 0
    outer loop
      vertex 31.157463997602463 4.374600000679493 0.6
      vertex 31.50220800191164 4.619520001113415 0.6
      vertex 31.50220800191164 4.619520001113415 1.2
    endloop
  endfacet
  facet normal -0.6127176699866635 0.7903018770609835 0
    outer loop
      vertex 31.49897599965334 4.149728000164032 0.6
      vertex 31.49897599965334 4.149728000164032 1.2
      vertex 31.801951996982098 4.384623996913433 0.6
    endloop
  endfacet
  facet normal 0.8803098272109413 -0.4743992075413311 0
    outer loop
      vertex 31.50220800191164 4.619520001113415 0.6
      vertex 31.714607998728752 5.013655997812748 0.6
      vertex 31.714607998728752 5.013655997812748 1.2
    endloop
  endfacet
  facet normal -0.818847099380891 0.574011696601647 0
    outer loop
      vertex 31.801951996982098 4.384623996913433 0.6
      vertex 31.801951996982098 4.384623996913433 1.2
      vertex 32.025183998048306 4.7030719965696335 0.6
    endloop
  endfacet
  facet normal -0.9430856382279869 0.33254996461901887 0
    outer loop
      vertex 32.025183998048306 4.7030719965696335 0.6
      vertex 32.025183998048306 4.7030719965696335 1.2
      vertex 32.16272799670696 5.0931359976530075 0.6
    endloop
  endfacet
  facet normal 0.9911697052165511 -0.1325994549797809 0
    outer loop
      vertex 31.714607998728752 5.013655997812748 0.6
      vertex 31.78540799766779 5.542879998683929 0.6
      vertex 31.78540799766779 5.542879998683929 1.2
    endloop
  endfacet
  facet normal 0.9903361076057351 0.13868811763205152 0
    outer loop
      vertex 31.78540799766779 5.542879998683929 0.6
      vertex 31.71407199651003 6.0522719994187355 0.6
      vertex 31.71407199651003 6.0522719994187355 1.2
    endloop
  endfacet
  facet normal -0.994844020724983 0.10141683503121975 0
    outer loop
      vertex 32.16272799670696 5.0931359976530075 0.6
      vertex 32.16272799670696 5.0931359976530075 1.2
      vertex 32.2085760012269 5.542879998683929 0.6
    endloop
  endfacet
  facet normal -0.9949641997197997 -0.10023093971393553 0
    outer loop
      vertex 32.2085760012269 5.542879998683929 0.6
      vertex 32.2085760012269 5.542879998683929 1.2
      vertex 32.16327200084925 5.992600001394749 0.6
    endloop
  endfacet
  facet normal -1 0 0
    outer loop
      vertex 33.15491200238466 4 0.6
      vertex 33.15491200238466 4 1.2
      vertex 33.15491200238466 6.0311359986662865 0.6
    endloop
  endfacet
  facet normal 1 0 0
    outer loop
      vertex 32.7860160022974 4 0.6
      vertex 32.7860160022974 7.057535998523235 0.6
      vertex 32.7860160022974 7.057535998523235 1.2
    endloop
  endfacet
  facet normal 0.8467302993704122 0.5320223680712043 0
    outer loop
      vertex 34.7693760022521 4 0.6
      vertex 33.13321600109339 6.604000002145767 0.6
      vertex 33.13321600109339 6.604000002145767 1.2
    endloop
  endfacet
  facet normal 0.8750019138782872 0.4841194591310438 0
    outer loop
      vertex 31.500064000487328 6.439071998000145 0.6
      vertex 31.500064000487328 6.439071998000145 1.2
      vertex 31.71407199651003 6.0522719994187355 0.6
    endloop
  endfacet
  facet normal 0.5785127236979614 0.8156733589615185 0
    outer loop
      vertex 31.155855998396873 6.683200001716614 0.6
      vertex 31.155855998396873 6.683200001716614 1.2
      vertex 31.500064000487328 6.439071998000145 0.6
    endloop
  endfacet
  facet normal -0.3489000748683356 -0.9371599317922581 0
    outer loop
      vertex 31.129528000950813 7.05672000348568 0.6
      vertex 31.50329600274563 6.917567998170853 0.6
      vertex 31.50329600274563 6.917567998170853 1.2
    endloop
  endfacet
  facet normal -0.6012538431753123 -0.7990580805341481 0
    outer loop
      vertex 31.805752001702785 6.689984001219273 0.6
      vertex 31.805752001702785 6.689984001219273 1.2
      vertex 31.50329600274563 6.917567998170853 0.6
    endloop
  endfacet
  facet normal -0.8149937495016146 -0.5794697475048196 0
    outer loop
      vertex 32.02735999971628 6.378303997218609 0.6
      vertex 32.02735999971628 6.378303997218609 1.2
      vertex 31.805752001702785 6.689984001219273 0.6
    endloop
  endfacet
  facet normal -0.9431581465383262 -0.3323442652106236 0
    outer loop
      vertex 32.02735999971628 6.378303997218609 0.6
      vertex 32.16327200084925 5.992600001394749 0.6
      vertex 32.16327200084925 5.992600001394749 1.2
    endloop
  endfacet
  facet normal -0.9995522063432258 -0.029923014460265282 0
    outer loop
      vertex 33.15491200238466 6.0311359986662865 0.6
      vertex 33.15491200238466 6.0311359986662865 1.2
      vertex 33.144064001739025 6.393504001200199 0.6
    endloop
  endfacet
  facet normal -0.9986746893756308 -0.051467123491482095 0
    outer loop
      vertex 33.144064001739025 6.393504001200199 0.6
      vertex 33.144064001739025 6.393504001200199 1.2
      vertex 33.13321600109339 6.604000002145767 0.6
    endloop
  endfacet
  facet normal 0 -1 0
    outer loop
      vertex 32.7860160022974 7.057535998523235 0.6
      vertex 33.26774399727583 7.057535998523235 0.6
      vertex 33.26774399727583 7.057535998523235 1.2
    endloop
  endfacet
  facet normal 0.9985842322242998 0.053193337486995715 0
    outer loop
      vertex 34.92127999663353 4.436159998178482 0.6
      vertex 34.90174400061369 4.80290400236845 0.6
      vertex 34.90174400061369 4.80290400236845 1.2
    endloop
  endfacet
  facet normal 0.9996596835390908 0.026086722801544757 0
    outer loop
      vertex 34.90174400061369 4.80290400236845 0.6
      vertex 34.89523199945688 5.052447997033596 0.6
      vertex 34.89523199945688 5.052447997033596 1.2
    endloop
  endfacet
  facet normal -0.8457902946031054 -0.5335154895175886 0
    outer loop
      vertex 34.92127999663353 4.436159998178482 0.6
      vertex 34.92127999663353 4.436159998178482 1.2
      vertex 33.26774399727583 7.057535998523235 0.6
    endloop
  endfacet
  facet normal -1 0 0
    outer loop
      vertex 35.268480002880096 4 0.6
      vertex 35.268480002880096 4 1.2
      vertex 35.268480002880096 7.057535998523235 0.6
    endloop
  endfacet
  facet normal 0.9433192192538296 0.33188680387497416 0
    outer loop
      vertex 36.03795199841261 4.697664000093937 0.6
      vertex 35.900431998074055 5.088536001741886 0.6
      vertex 35.900431998074055 5.088536001741886 1.2
    endloop
  endfacet
  facet normal 0.8163760862172427 0.5775206367331103 0
    outer loop
      vertex 36.262272000312805 4.3805679976940155 0.6
      vertex 36.03795199841261 4.697664000093937 0.6
      vertex 36.03795199841261 4.697664000093937 1.2
    endloop
  endfacet
  facet normal 0.9949488613627985 0.10038308260295015 0
    outer loop
      vertex 35.900431998074055 5.088536001741886 0.6
      vertex 35.85459200292826 5.542879998683929 0.6
      vertex 35.85459200292826 5.542879998683929 1.2
    endloop
  endfacet
  facet normal 0.9887632617809443 -0.14948983962901125 0
    outer loop
      vertex 35.85459200292826 5.542879998683929 0.6
      vertex 35.95440799742937 6.203088000416756 0.6
      vertex 35.95440799742937 6.203088000416756 1.2
    endloop
  endfacet
  facet normal -0.9909333348088576 0.13435447876642073 0
    outer loop
      vertex 36.27555199712515 5.542879998683929 0.6
      vertex 36.27555199712515 5.542879998683929 1.2
      vertex 36.34553600102663 6.059047996997833 0.6
    endloop
  endfacet
  facet normal 1 0 0
    outer loop
      vertex 34.89523199945688 5.052447997033596 0.6
      vertex 34.89523199945688 7.057535998523235 0.6
      vertex 34.89523199945688 7.057535998523235 1.2
    endloop
  endfacet
  facet normal 0 -1 0
    outer loop
      vertex 34.89523199945688 7.057535998523235 0.6
      vertex 35.268480002880096 7.057535998523235 0.6
      vertex 35.268480002880096 7.057535998523235 1.2
    endloop
  endfacet
  facet normal 0.8542444108505558 -0.5198716058129996 0
    outer loop
      vertex 35.95440799742937 6.203088000416756 0.6
      vertex 36.253856003284454 6.6951360031962395 0.6
      vertex 36.253856003284454 6.6951360031962395 1.2
    endloop
  endfacet
  facet normal 0.10630855264997381 0.9943331894458053 0
    outer loop
      vertex 36.94880799949169 4.004344001412392 0.6
      vertex 36.94880799949169 4.004344001412392 1.2
      vertex 37.39529599994421 3.95660799741745 0.6
    endloop
  endfacet
  facet normal -0.08501254426051934 0.9963798810284927 0
    outer loop
      vertex 37.39529599994421 3.95660799741745 0.6
      vertex 37.39529599994421 3.95660799741745 1.2
      vertex 37.792663998901844 3.9905119985342026 0.6
    endloop
  endfacet
  facet normal -0.2667208155203658 0.9637738357976684 0
    outer loop
      vertex 37.792663998901844 3.9905119985342026 0.6
      vertex 37.792663998901844 3.9905119985342026 1.2
      vertex 38.160191997885704 4.0922240018844604 0.6
    endloop
  endfacet
  facet normal 0 1 0
    outer loop
      vertex 40.68748799711466 4 0.6
      vertex 40.68748799711466 4 1.2
      vertex 41.05638399720192 4 0.6
    endloop
  endfacet
  facet normal 0.6055338532119121 0.7958195477709344 0
    outer loop
      vertex 36.56851200014353 4.147551998496056 0.6
      vertex 36.262272000312805 4.3805679976940155 0.6
      vertex 36.262272000312805 4.3805679976940155 1.2
    endloop
  endfacet
  facet normal 0.35241109735991344 0.9358452962202576 0
    outer loop
      vertex 36.56851200014353 4.147551998496056 0.6
      vertex 36.56851200014353 4.147551998496056 1.2
      vertex 36.94880799949169 4.004344001412392 0.6
    endloop
  endfacet
  facet normal -0.5787916508035148 -0.815475459446906 0
    outer loop
      vertex 36.57283200323582 4.62822400033474 0.6
      vertex 36.927103996276855 4.376776002347469 0.6
      vertex 36.927103996276855 4.376776002347469 1.2
    endloop
  endfacet
  facet normal -0.8715346548456013 -0.49033391214881156 0
    outer loop
      vertex 36.34987200051546 5.024520002305508 0.6
      vertex 36.57283200323582 4.62822400033474 0.6
      vertex 36.57283200323582 4.62822400033474 1.2
    endloop
  endfacet
  facet normal -0.17621907223750416 -0.9843509732710957 0
    outer loop
      vertex 36.927103996276855 4.376776002347469 0.6
      vertex 37.39529599994421 4.292960003018379 0.6
      vertex 37.39529599994421 4.292960003018379 1.2
    endloop
  endfacet
  facet normal 0.07848121573654268 -0.9969155926037642 0
    outer loop
      vertex 37.39529599994421 4.292960003018379 0.6
      vertex 37.68471200019121 4.315743997693062 0.6
      vertex 37.68471200019121 4.315743997693062 1.2
    endloop
  endfacet
  facet normal -0.9898775628033003 -0.14192396083325098 0
    outer loop
      vertex 36.34987200051546 5.024520002305508 0.6
      vertex 36.34987200051546 5.024520002305508 1.2
      vertex 36.27555199712515 5.542879998683929 0.6
    endloop
  endfacet
  facet normal 1 0 0
    outer loop
      vertex 37.460383996367455 5.182655997574329 0.6
      vertex 37.460383996367455 5.5298559963703156 0.6
      vertex 37.460383996367455 5.5298559963703156 1.2
    endloop
  endfacet
  facet normal 0.24598212045983647 -0.9692743659119859 0
    outer loop
      vertex 37.68471200019121 4.315743997693062 0.6
      vertex 37.95404800027609 4.384095996618271 0.6
      vertex 37.95404800027609 4.384095996618271 1.2
    endloop
  endfacet
  facet normal 0.4162212730793064 -0.9092633566993897 0
    outer loop
      vertex 37.95404800027609 4.384095996618271 0.6
      vertex 38.18868800252676 4.491503998637199 0.6
      vertex 38.18868800252676 4.491503998637199 1.2
    endloop
  endfacet
  facet normal -0.4492780382094276 0.8933919880896001 0
    outer loop
      vertex 38.160191997885704 4.0922240018844604 0.6
      vertex 38.160191997885704 4.0922240018844604 1.2
      vertex 38.485431998968124 4.255783997476101 0.6
    endloop
  endfacet
  facet normal -0.6301004499400412 0.7765136334832491 0
    outer loop
      vertex 38.485431998968124 4.255783997476101 0.6
      vertex 38.485431998968124 4.255783997476101 1.2
      vertex 38.75587199628353 4.475231997668743 0.6
    endloop
  endfacet
  facet normal 0.6027638860247223 -0.797919606040844 0
    outer loop
      vertex 38.18868800252676 4.491503998637199 0.6
      vertex 38.37395200133324 4.6314560025930405 0.6
      vertex 38.37395200133324 4.6314560025930405 1.2
    endloop
  endfacet
  facet normal 1 0 0
    outer loop
      vertex 38.37395200133324 4.6314560025930405 0.6
      vertex 38.37395200133324 5.182655997574329 0.6
      vertex 38.37395200133324 5.182655997574329 1.2
    endloop
  endfacet
  facet normal -1 0 0
    outer loop
      vertex 38.75587199628353 4.475231997668743 0.6
      vertex 38.75587199628353 4.475231997668743 1.2
      vertex 38.75587199628353 5.5298559963703156 0.6
    endloop
  endfacet
  facet normal 0 1 0
    outer loop
      vertex 37.460383996367455 5.182655997574329 0.6
      vertex 37.460383996367455 5.182655997574329 1.2
      vertex 38.37395200133324 5.182655997574329 0.6
    endloop
  endfacet
  facet normal 0 -1 0
    outer loop
      vertex 37.460383996367455 5.5298559963703156 0.6
      vertex 38.75587199628353 5.5298559963703156 0.6
      vertex 38.75587199628353 5.5298559963703156 1.2
    endloop
  endfacet
  facet normal -0.8781671034488123 0.4783539886112824 0
    outer loop
      vertex 36.34553600102663 6.059047996997833 0.6
      vertex 36.34553600102663 6.059047996997833 1.2
      vertex 36.555487997829914 6.444480001926422 0.6
    endloop
  endfacet
  facet normal -0.5741812322221966 0.8187282287571377 0
    outer loop
      vertex 36.555487997829914 6.444480001926422 0.6
      vertex 36.555487997829914 6.444480001926422 1.2
      vertex 36.897808000445366 6.684551998972893 0.6
    endloop
  endfacet
  facet normal 0.5374318173776962 -0.8433072048014926 0
    outer loop
      vertex 36.253856003284454 6.6951360031962395 0.6
      vertex 36.73397599905729 7.001111999154091 0.6
      vertex 36.73397599905729 7.001111999154091 1.2
    endloop
  endfacet
  facet normal -0.1688649573061933 0.9856391967621709 0
    outer loop
      vertex 36.897808000445366 6.684551998972893 0.6
      vertex 36.897808000445366 6.684551998972893 1.2
      vertex 37.36489599943161 6.764576002955437 0.6
    endloop
  endfacet
  facet normal 0.15695377377636593 -0.9876059502136251 0
    outer loop
      vertex 36.73397599905729 7.001111999154091 0.6
      vertex 37.37574400007725 7.103104002773762 0.6
      vertex 37.37574400007725 7.103104002773762 1.2
    endloop
  endfacet
  facet normal 0.09497731835945165 0.9954794367525868 0
    outer loop
      vertex 37.6776560023427 6.734736002981663 0.6
      vertex 37.36489599943161 6.764576002955437 0.6
      vertex 37.36489599943161 6.764576002955437 1.2
    endloop
  endfacet
  facet normal 0.603526941109721 0.7973426060074447 0
    outer loop
      vertex 38.13877599686384 6.490616001188755 0.6
      vertex 37.93452800065279 6.645216003060341 0.6
      vertex 37.93452800065279 6.645216003060341 1.2
    endloop
  endfacet
  facet normal 0.8238684829958134 0.5667810183185189 0
    outer loop
      vertex 38.13877599686384 6.490616001188755 0.6
      vertex 38.13877599686384 6.490616001188755 1.2
      vertex 38.2936640009284 6.265472002327442 0.6
    endloop
  endfacet
  facet normal 0.3290886154859758 0.9442990432895311 0
    outer loop
      vertex 37.6776560023427 6.734736002981663 0.6
      vertex 37.6776560023427 6.734736002981663 1.2
      vertex 37.93452800065279 6.645216003060341 0.6
    endloop
  endfacet
  facet normal -0.09275550870100838 -0.9956889150761985 0
    outer loop
      vertex 37.37574400007725 7.103104002773762 0.6
      vertex 37.83578400313854 7.060248002409935 0.6
      vertex 37.83578400313854 7.060248002409935 1.2
    endloop
  endfacet
  facet normal -0.3325830490357638 -0.9430739713798038 0
    outer loop
      vertex 37.83578400313854 7.060248002409935 0.6
      vertex 38.20035199820995 6.931680001318455 0.6
      vertex 38.20035199820995 6.931680001318455 1.2
    endloop
  endfacet
  facet normal -0.2844532812566731 0.9586899033484769 0
    outer loop
      vertex 38.2936640009284 6.265472002327442 0.6
      vertex 38.2936640009284 6.265472002327442 1.2
      vertex 38.68860799819231 6.382656000554562 0.6
    endloop
  endfacet
  facet normal -0.8433264880991129 -0.5374015579344897 0
    outer loop
      vertex 38.68860799819231 6.382656000554562 0.6
      vertex 38.68860799819231 6.382656000554562 1.2
      vertex 38.480832003057 6.708711996674538 0.6
    endloop
  endfacet
  facet normal -0.622282366747619 -0.7827928564026256 0
    outer loop
      vertex 38.480832003057 6.708711996674538 0.6
      vertex 38.480832003057 6.708711996674538 1.2
      vertex 38.20035199820995 6.931680001318455 0.6
    endloop
  endfacet
  facet normal -1 0 0
    outer loop
      vertex 41.05638399720192 4 0.6
      vertex 41.05638399720192 4 1.2
      vertex 41.05638399720192 6.0311359986662865 0.6
    endloop
  endfacet
  facet normal 1 0 0
    outer loop
      vertex 40.68748799711466 4 0.6
      vertex 40.68748799711466 7.057535998523235 0.6
      vertex 40.68748799711466 7.057535998523235 1.2
    endloop
  endfacet
  facet normal -0.9995522063432258 -0.029923014460265282 0
    outer loop
      vertex 41.05638399720192 6.0311359986662865 0.6
      vertex 41.05638399720192 6.0311359986662865 1.2
      vertex 41.04553599655628 6.393504001200199 0.6
    endloop
  endfacet
  facet normal -0.9986746911925019 -0.05146708823667048 0
    outer loop
      vertex 41.04553599655628 6.393504001200199 0.6
      vertex 41.04553599655628 6.393504001200199 1.2
      vertex 41.034688003361225 6.604000002145767 0.6
    endloop
  endfacet
  facet normal 0 -1 0
    outer loop
      vertex 40.68748799711466 7.057535998523235 0.6
      vertex 41.16921599954367 7.057535998523235 0.6
      vertex 41.16921599954367 7.057535998523235 1.2
    endloop
  endfacet
  facet normal 0 1 0
    outer loop
      vertex 7.4148479998111725 4 0.6
      vertex 6.920096002519131 4 1.2
      vertex 7.4148479998111725 4 1.2
    endloop
  endfacet
  facet normal 0 1 0
    outer loop
      vertex 9.278880000114441 4 0.6
      vertex 8.784096002578735 4 1.2
      vertex 9.278880000114441 4 1.2
    endloop
  endfacet
  facet normal 0.9592549612012122 0.28254188965684524 0
    outer loop
      vertex 6.920096002519131 4 0.6
      vertex 6.019519999623299 7.057535998523235 1.2
      vertex 6.920096002519131 4 1.2
    endloop
  endfacet
  facet normal -0.9752958092521539 -0.22090288466922822 0
    outer loop
      vertex 7.094223998486996 4.745399996638298 0.6
      vertex 7.180480003356934 4.364575996994972 1.2
      vertex 7.094223998486996 4.745399996638298 1.2
    endloop
  endfacet
  facet normal -0.9693096159164694 -0.24584317865636765 0
    outer loop
      vertex 7.0003840029239655 5.1153919994831085 0.6
      vertex 7.094223998486996 4.745399996638298 1.2
      vertex 7.0003840029239655 5.1153919994831085 1.2
    endloop
  endfacet
  facet normal 0.9755977015567356 -0.2195657639915991 0
    outer loop
      vertex 7.180480003356934 4.364575996994972 0.6
      vertex 7.236639998853207 4.614111997187138 1.2
      vertex 7.180480003356934 4.364575996994972 1.2
    endloop
  endfacet
  facet normal 0.973040980093091 -0.230632285379729 0
    outer loop
      vertex 7.236639998853207 4.614111997187138 0.6
      vertex 7.300927996635437 4.885343998670578 1.2
      vertex 7.236639998853207 4.614111997187138 1.2
    endloop
  endfacet
  facet normal -0.9642718849546555 0.26491457469530705 0
    outer loop
      vertex 7.839616000652313 5.546127997338772 0.6
      vertex 7.4148479998111725 4 1.2
      vertex 7.839616000652313 5.546127997338772 1.2
    endloop
  endfacet
  facet normal 0.9654248486876597 -0.2606815327874401 0
    outer loop
      vertex 7.300927996635437 4.885343998670578 0.6
      vertex 7.48564799875021 5.569448001682758 1.2
      vertex 7.300927996635437 4.885343998670578 1.2
    endloop
  endfacet
  facet normal 0.962830956823129 -0.2701046992983605 0
    outer loop
      vertex 7.48564799875021 5.569448001682758 0.6
      vertex 7.9031039997935295 7.057535998523235 1.2
      vertex 7.48564799875021 5.569448001682758 1.2
    endloop
  endfacet
  facet normal 0 -1 0
    outer loop
      vertex 6.019519999623299 7.057535998523235 0.6
      vertex 6.451360002160072 7.057535998523235 1.2
      vertex 6.019519999623299 7.057535998523235 1.2
    endloop
  endfacet
  facet normal -0.9622890139102981 -0.2720291412836983 0
    outer loop
      vertex 6.451360002160072 7.057535998523235 0.6
      vertex 7.0003840029239655 5.1153919994831085 1.2
      vertex 6.451360002160072 7.057535998523235 1.2
    endloop
  endfacet
  facet normal 0.9685126224521374 -0.24896445559734728 0
    outer loop
      vertex 9.022816002368927 4.364575996994972 0.6
      vertex 9.042336001992226 4.440512001514435 1.2
      vertex 9.022816002368927 4.364575996994972 1.2
    endloop
  endfacet
  facet normal 0.9735334003678787 -0.22854478416309532 0
    outer loop
      vertex 9.042336001992226 4.440512001514435 0.6
      vertex 9.095504000782967 4.666992001235485 1.2
      vertex 9.042336001992226 4.440512001514435 1.2
    endloop
  endfacet
  facet normal 0.9647894954351474 0.2630232489685917 0
    outer loop
      vertex 8.784096002578735 4 0.6
      vertex 8.254624001681805 5.942143999040127 1.2
      vertex 8.784096002578735 4 1.2
    endloop
  endfacet
  facet normal -0.9746354171842657 -0.22379857812339268 0
    outer loop
      vertex 8.940352000296116 4.723704002797604 0.6
      vertex 9.022816002368927 4.364575996994972 1.2
      vertex 8.940352000296116 4.723704002797604 1.2
    endloop
  endfacet
  facet normal -0.9697012388058736 -0.24429389566330573 0
    outer loop
      vertex 8.831840001046658 5.154431998729706 0.6
      vertex 8.940352000296116 4.723704002797604 1.2
      vertex 8.831840001046658 5.154431998729706 1.2
    endloop
  endfacet
  facet normal -0.9661989872003008 0.2577974343028125 0
    outer loop
      vertex 8.007232002913952 6.17433600127697 0.6
      vertex 7.839616000652313 5.546127997338772 1.2
      vertex 8.007232002913952 6.17433600127697 1.2
    endloop
  endfacet
  facet normal 0.969782699496266 0.24397031737023825 0
    outer loop
      vertex 8.254624001681805 5.942143999040127 0.6
      vertex 8.190615996718407 6.196575999259949 1.2
      vertex 8.254624001681805 5.942143999040127 1.2
    endloop
  endfacet
  facet normal 0.973560820826848 -0.22842794958356938 0
    outer loop
      vertex 9.095504000782967 4.666992001235485 0.6
      vertex 9.13782399892807 4.847360000014305 1.2
      vertex 9.095504000782967 4.666992001235485 1.2
    endloop
  endfacet
  facet normal 0.9652519622703865 -0.2613209699453306 0
    outer loop
      vertex 9.13782399892807 4.847360000014305 0.6
      vertex 9.308711998164654 5.478575997054577 1.2
      vertex 9.13782399892807 4.847360000014305 1.2
    endloop
  endfacet
  facet normal 0.9634750959071157 -0.2677979454117869 0
    outer loop
      vertex 9.308711998164654 5.478575997054577 0.6
      vertex 9.747584000229836 7.057535998523235 1.2
      vertex 9.308711998164654 5.478575997054577 1.2
    endloop
  endfacet
  facet normal -0.9592576821902467 0.2825326514918158 0
    outer loop
      vertex 10.17942400276661 7.057535998523235 0.6
      vertex 9.278880000114441 4 1.2
      vertex 10.17942400276661 7.057535998523235 1.2
    endloop
  endfacet
  facet normal -0.9748528997419034 0.22284932996265122 0
    outer loop
      vertex 8.050640001893044 6.364224001765251 0.6
      vertex 8.007232002913952 6.17433600127697 1.2
      vertex 8.050640001893044 6.364224001765251 1.2
    endloop
  endfacet
  facet normal -0.9755359363784412 0.21984002555094012 0
    outer loop
      vertex 8.102719999849796 6.595328003168106 0.6
      vertex 8.050640001893044 6.364224001765251 1.2
      vertex 8.102719999849796 6.595328003168106 1.2
    endloop
  endfacet
  facet normal 0.9765567343557775 0.2152601788171223 0
    outer loop
      vertex 8.190615996718407 6.196575999259949 0.6
      vertex 8.102719999849796 6.595328003168106 1.2
      vertex 8.190615996718407 6.196575999259949 1.2
    endloop
  endfacet
  facet normal 0 -1 0
    outer loop
      vertex 7.9031039997935295 7.057535998523235 0.6
      vertex 8.30019199848175 7.057535998523235 1.2
      vertex 7.9031039997935295 7.057535998523235 1.2
    endloop
  endfacet
  facet normal -0.9631243049890564 -0.2690568213953092 0
    outer loop
      vertex 8.30019199848175 7.057535998523235 0.6
      vertex 8.831840001046658 5.154431998729706 1.2
      vertex 8.30019199848175 7.057535998523235 1.2
    endloop
  endfacet
  facet normal 0 -1 0
    outer loop
      vertex 9.747584000229836 7.057535998523235 0.6
      vertex 10.17942400276661 7.057535998523235 1.2
      vertex 9.747584000229836 7.057535998523235 1.2
    endloop
  endfacet
  facet normal 0 1 0
    outer loop
      vertex 11.019487999379635 4 0.6
      vertex 10.605024002492428 4 1.2
      vertex 11.019487999379635 4 1.2
    endloop
  endfacet
  facet normal 0 1 0
    outer loop
      vertex 12.937856003642082 4 0.6
      vertex 11.794271998107433 4 1.2
      vertex 12.937856003642082 4 1.2
    endloop
  endfacet
  facet normal -0.11255264054684379 0.9936457633915281 0
    outer loop
      vertex 13.354479998350143 4.047191999852657 0.6
      vertex 12.937856003642082 4 1.2
      vertex 13.354479998350143 4.047191999852657 1.2
    endloop
  endfacet
  facet normal 1 0 0
    outer loop
      vertex 10.605024002492428 4 0.6
      vertex 10.605024002492428 7.057535998523235 1.2
      vertex 10.605024002492428 4 1.2
    endloop
  endfacet
  facet normal -1 0 0
    outer loop
      vertex 11.019487999379635 7.057535998523235 0.6
      vertex 11.019487999379635 4 1.2
      vertex 11.019487999379635 7.057535998523235 1.2
    endloop
  endfacet
  facet normal 1 0 0
    outer loop
      vertex 11.794271998107433 4 0.6
      vertex 11.794271998107433 7.057535998523235 1.2
      vertex 11.794271998107433 4 1.2
    endloop
  endfacet
  facet normal 0 -1 0
    outer loop
      vertex 12.208736002445221 4.3320000022649765 0.6
      vertex 12.89011199772358 4.3320000022649765 1.2
      vertex 12.208736002445221 4.3320000022649765 1.2
    endloop
  endfacet
  facet normal -1 0 0
    outer loop
      vertex 12.208736002445221 6.725536003708839 0.6
      vertex 12.208736002445221 4.3320000022649765 1.2
      vertex 12.208736002445221 6.725536003708839 1.2
    endloop
  endfacet
  facet normal 0 -1 0
    outer loop
      vertex 10.605024002492428 7.057535998523235 0.6
      vertex 11.019487999379635 7.057535998523235 1.2
      vertex 10.605024002492428 7.057535998523235 1.2
    endloop
  endfacet
  facet normal 0 -1 0
    outer loop
      vertex 11.794271998107433 7.057535998523235 0.6
      vertex 12.805472001433372 7.057535998523235 1.2
      vertex 11.794271998107433 7.057535998523235 1.2
    endloop
  endfacet
  facet normal 0 1 0
    outer loop
      vertex 12.796800002455711 6.725536003708839 0.6
      vertex 12.208736002445221 6.725536003708839 1.2
      vertex 12.796800002455711 6.725536003708839 1.2
    endloop
  endfacet
  facet normal 0.11594394496737845 -0.9932557584154251 0
    outer loop
      vertex 12.89011199772358 4.3320000022649765 0.6
      vertex 13.206119999289513 4.3688879981637 1.2
      vertex 12.89011199772358 4.3320000022649765 1.2
    endloop
  endfacet
  facet normal -0.36200792603422494 0.9321750165545091 0
    outer loop
      vertex 13.719039998948574 4.188767999410629 0.6
      vertex 13.354479998350143 4.047191999852657 1.2
      vertex 13.719039998948574 4.188767999410629 1.2
    endloop
  endfacet
  facet normal 0.37294737330423827 -0.9278524972997967 0
    outer loop
      vertex 13.206119999289513 4.3688879981637 0.6
      vertex 13.481440000236034 4.479552000761032 1.2
      vertex 13.206119999289513 4.3688879981637 1.2
    endloop
  endfacet
  facet normal 0.6242756850643013 -0.7812041148365114 0
    outer loop
      vertex 13.481440000236034 4.479552000761032 0.6
      vertex 13.706848002970219 4.659680001437664 1.2
      vertex 13.481440000236034 4.479552000761032 1.2
    endloop
  endfacet
  facet normal -0.6089141348750277 0.793236141605636 0
    outer loop
      vertex 14.019047997891903 4.419064000248909 0.6
      vertex 13.719039998948574 4.188767999410629 1.2
      vertex 14.019047997891903 4.419064000248909 1.2
    endloop
  endfacet
  facet normal 0.8276710811089639 -0.5612134901228931 0
    outer loop
      vertex 13.706848002970219 4.659680001437664 0.6
      vertex 13.873120002448559 4.90489599853754 1.2
      vertex 13.706848002970219 4.659680001437664 1.2
    endloop
  endfacet
  facet normal 0.9471478895547941 -0.3207972495391749 0
    outer loop
      vertex 13.873120002448559 4.90489599853754 0.6
      vertex 13.975648000836372 5.207607999444008 1.2
      vertex 13.873120002448559 4.90489599853754 1.2
    endloop
  endfacet
  facet normal -0.8147275207537245 0.5798440022337813 0
    outer loop
      vertex 14.24201600253582 4.732352003455162 0.6
      vertex 14.019047997891903 4.419064000248909 1.2
      vertex 14.24201600253582 4.732352003455162 1.2
    endloop
  endfacet
  facet normal 0.9953359651214658 -0.09646925176303656 0
    outer loop
      vertex 13.975648000836372 5.207607999444008 0.6
      vertex 14.009824000298977 5.560223996639252 1.2
      vertex 13.975648000836372 5.207607999444008 1.2
    endloop
  endfacet
  facet normal 0.9881420171229504 0.15354267809370414 0
    outer loop
      vertex 14.009824000298977 5.560223996639252 0.6
      vertex 13.93197599798441 6.06122399866581 1.2
      vertex 14.009824000298977 5.560223996639252 1.2
    endloop
  endfacet
  facet normal -0.9409181171049931 0.3386341638163441 0
    outer loop
      vertex 14.38035199791193 5.116728000342846 0.6
      vertex 14.24201600253582 4.732352003455162 1.2
      vertex 14.38035199791193 5.116728000342846 1.2
    endloop
  endfacet
  facet normal 1 0 0
    outer loop
      vertex 15.00390399992466 4 0.6
      vertex 15.00390399992466 7.057535998523235 1.2
      vertex 15.00390399992466 4 1.2
    endloop
  endfacet
  facet normal -1 0 0
    outer loop
      vertex 15.418367996811867 5.403999999165535 0.6
      vertex 15.418367996811867 4.338527999818325 1.2
      vertex 15.418367996811867 5.403999999165535 1.2
    endloop
  endfacet
  facet normal -0.9946381503284323 0.10341639092153061 0
    outer loop
      vertex 14.42646399885416 5.560223996639252 0.6
      vertex 14.38035199791193 5.116728000342846 1.2
      vertex 14.42646399885416 5.560223996639252 1.2
    endloop
  endfacet
  facet normal -0.986517717121045 -0.1636544952217384 0
    outer loop
      vertex 14.320943996310234 6.196304000914097 0.6
      vertex 14.42646399885416 5.560223996639252 1.2
      vertex 14.320943996310234 6.196304000914097 1.2
    endloop
  endfacet
  facet normal 0.5063831922652887 0.8623085657647243 0
    outer loop
      vertex 13.698431998491287 6.427135996520519 0.6
      vertex 13.317327998578548 6.650936000049114 1.2
      vertex 13.698431998491287 6.427135996520519 1.2
    endloop
  endfacet
  facet normal 0.14186649869770787 0.9898857997502809 0
    outer loop
      vertex 13.317327998578548 6.650936000049114 0.6
      vertex 12.796800002455711 6.725536003708839 1.2
      vertex 13.317327998578548 6.650936000049114 1.2
    endloop
  endfacet
  facet normal -0.14011754938807264 -0.9901348758393885 0
    outer loop
      vertex 12.805472001433372 7.057535998523235 0.6
      vertex 13.49363200366497 6.9601520001888275 1.2
      vertex 12.805472001433372 7.057535998523235 1.2
    endloop
  endfacet
  facet normal 0.8429398136145495 0.538007872269048 0
    outer loop
      vertex 13.93197599798441 6.06122399866581 0.6
      vertex 13.698431998491287 6.427135996520519 1.2
      vertex 13.93197599798441 6.06122399866581 1.2
    endloop
  endfacet
  facet normal -0.8303434555841811 -0.5572519589633769 0
    outer loop
      vertex 14.004384003579617 6.6679999977350235 0.6
      vertex 14.320943996310234 6.196304000914097 1.2
      vertex 14.004384003579617 6.6679999977350235 1.2
    endloop
  endfacet
  facet normal -0.49651519258276455 -0.8680280315372887 0
    outer loop
      vertex 13.49363200366497 6.9601520001888275 0.6
      vertex 14.004384003579617 6.6679999977350235 1.2
      vertex 13.49363200366497 6.9601520001888275 1.2
    endloop
  endfacet
  facet normal -1 0 0
    outer loop
      vertex 15.418367996811867 6.71900799870491 0.6
      vertex 15.418367996811867 5.738176003098488 1.2
      vertex 15.418367996811867 6.71900799870491 1.2
    endloop
  endfacet
  facet normal 0 1 0
    outer loop
      vertex 17.412575997412205 4 0.6
      vertex 15.00390399992466 4 1.2
      vertex 17.412575997412205 4 1.2
    endloop
  endfacet
  facet normal 0 1 0
    outer loop
      vertex 21.086687996983528 4 0.6
      vertex 19.06208000332117 4 1.2
      vertex 21.086687996983528 4 1.2
    endloop
  endfacet
  facet normal 0 -1 0
    outer loop
      vertex 15.418367996811867 4.338527999818325 0.6
      vertex 17.412575997412205 4.338527999818325 1.2
      vertex 15.418367996811867 4.338527999818325 1.2
    endloop
  endfacet
  facet normal 0 -1 0
    outer loop
      vertex 15.418367996811867 5.738176003098488 0.6
      vertex 17.193407997488976 5.738176003098488 1.2
      vertex 15.418367996811867 5.738176003098488 1.2
    endloop
  endfacet
  facet normal 0 1 0
    outer loop
      vertex 17.193407997488976 5.403999999165535 0.6
      vertex 15.418367996811867 5.403999999165535 1.2
      vertex 17.193407997488976 5.403999999165535 1.2
    endloop
  endfacet
  facet normal -1 0 0
    outer loop
      vertex 17.412575997412205 4.338527999818325 0.6
      vertex 17.412575997412205 4 1.2
      vertex 17.412575997412205 4.338527999818325 1.2
    endloop
  endfacet
  facet normal -1 0 0
    outer loop
      vertex 17.193407997488976 5.738176003098488 0.6
      vertex 17.193407997488976 5.403999999165535 1.2
      vertex 17.193407997488976 5.738176003098488 1.2
    endloop
  endfacet
  facet normal 0 -1 0
    outer loop
      vertex 15.00390399992466 7.057535998523235 0.6
      vertex 17.32361599802971 7.057535998523235 1.2
      vertex 15.00390399992466 7.057535998523235 1.2
    endloop
  endfacet
  facet normal 0 1 0
    outer loop
      vertex 17.32361599802971 6.71900799870491 0.6
      vertex 15.418367996811867 6.71900799870491 1.2
      vertex 17.32361599802971 6.71900799870491 1.2
    endloop
  endfacet
  facet normal -1 0 0
    outer loop
      vertex 17.32361599802971 7.057535998523235 0.6
      vertex 17.32361599802971 6.71900799870491 1.2
      vertex 17.32361599802971 7.057535998523235 1.2
    endloop
  endfacet
  facet normal 1 0 0
    outer loop
      vertex 19.06208000332117 4 0.6
      vertex 19.06208000332117 4.275583997368813 1.2
      vertex 19.06208000332117 4 1.2
    endloop
  endfacet
  facet normal 0.8893390107076838 -0.4572484270431975 0
    outer loop
      vertex 19.06208000332117 4.275583997368813 0.6
      vertex 19.18494399636984 4.514551997184753 1.2
      vertex 19.06208000332117 4.275583997368813 1.2
    endloop
  endfacet
  facet normal 0.8175931962287403 -0.5757962881787905 0
    outer loop
      vertex 19.18494399636984 4.514551997184753 0.6
      vertex 19.332223996520042 4.72367999702692 1.2
      vertex 19.18494399636984 4.514551997184753 1.2
    endloop
  endfacet
  facet normal 0.7491671900252705 -0.6623809488426129 0
    outer loop
      vertex 19.332223996520042 4.72367999702692 0.6
      vertex 19.495800003409386 4.908688001334667 1.2
      vertex 19.332223996520042 4.72367999702692 1.2
    endloop
  endfacet
  facet normal -0.8749831073830435 0.4841534486031401 0
    outer loop
      vertex 19.57744800299406 4.486887998878956 0.6
      vertex 19.491743996739388 4.3320000022649765 1.2
      vertex 19.57744800299406 4.486887998878956 1.2
    endloop
  endfacet
  facet normal 0 -1 0
    outer loop
      vertex 19.491743996739388 4.3320000022649765 0.6
      vertex 21.086687996983528 4.3320000022649765 1.2
      vertex 19.491743996739388 4.3320000022649765 1.2
    endloop
  endfacet
  facet normal -0.7850146751673152 0.6194771664653627 0
    outer loop
      vertex 19.704383999109268 4.647743999958038 0.6
      vertex 19.57744800299406 4.486887998878956 1.2
      vertex 19.704383999109268 4.647743999958038 1.2
    endloop
  endfacet
  facet normal 0.6962722316680574 -0.7177778064331491 0
    outer loop
      vertex 19.495800003409386 4.908688001334667 0.6
      vertex 19.667488001286983 5.075231999158859 1.2
      vertex 19.495800003409386 4.908688001334667 1.2
    endloop
  endfacet
  facet normal -0.7087679925117826 0.7054416579638728 0
    outer loop
      vertex 19.877439998090267 4.821616001427174 0.6
      vertex 19.704383999109268 4.647743999958038 1.2
      vertex 19.877439998090267 4.821616001427174 1.2
    endloop
  endfacet
  facet normal -0.6544432321945385 0.7561111398695072 0
    outer loop
      vertex 20.101503998041153 5.015551999211311 0.6
      vertex 19.877439998090267 4.821616001427174 1.2
      vertex 20.101503998041153 5.015551999211311 1.2
    endloop
  endfacet
  facet normal 0.6549502602253194 -0.7556719901060159 0
    outer loop
      vertex 19.667488001286983 5.075231999158859 0.6
      vertex 19.842448003590107 5.226871997117996 1.2
      vertex 19.667488001286983 5.075231999158859 1.2
    endloop
  endfacet
  facet normal 0.6289783565770886 -0.7774228109321111 0
    outer loop
      vertex 19.842448003590107 5.226871997117996 0.6
      vertex 20.015776000916958 5.36710400134325 1.2
      vertex 19.842448003590107 5.226871997117996 1.2
    endloop
  endfacet
  facet normal 0.6339745224976371 -0.7733539324422506 0
    outer loop
      vertex 20.015776000916958 5.36710400134325 0.6
      vertex 20.179880000650883 5.501631997525692 1.2
      vertex 20.015776000916958 5.36710400134325 1.2
    endloop
  endfacet
  facet normal -0.6445670227574805 0.7645478096061473 0
    outer loop
      vertex 20.481799997389317 5.336167998611927 0.6
      vertex 20.101503998041153 5.015551999211311 1.2
      vertex 20.481799997389317 5.336167998611927 1.2
    endloop
  endfacet
  facet normal 0.6743996363453403 -0.7383665285596801 0
    outer loop
      vertex 20.179880000650883 5.501631997525692 0.6
      vertex 20.327168002724648 5.636160001158714 1.2
      vertex 20.179880000650883 5.501631997525692 1.2
    endloop
  endfacet
  facet normal -0.691876914147007 0.7220154677501135 0
    outer loop
      vertex 20.71561600267887 5.560223996639252 0.6
      vertex 20.481799997389317 5.336167998611927 1.2
      vertex 20.71561600267887 5.560223996639252 1.2
    endloop
  endfacet
  facet normal 0.739106620235413 -0.6735884529326382 0
    outer loop
      vertex 20.327168002724648 5.636160001158714 0.6
      vertex 20.452760003507137 5.773968003690243 1.2
      vertex 20.327168002724648 5.636160001158714 1.2
    endloop
  endfacet
  facet normal 0.8245564327287248 -0.5657797179518543 0
    outer loop
      vertex 20.452760003507137 5.773968003690243 0.6
      vertex 20.551775999367237 5.918272003531456 1.2
      vertex 20.452760003507137 5.773968003690243 1.2
    endloop
  endfacet
  facet normal 0.9256885933344197 -0.37828643667271955 0
    outer loop
      vertex 20.551775999367237 5.918272003531456 0.6
      vertex 20.61607199907303 6.075608000159264 1.2
      vertex 20.551775999367237 5.918272003531456 1.2
    endloop
  endfacet
  facet normal 0.9572180214874165 -0.2893676888315553 0
    outer loop
      vertex 19.079424001276493 6.302368000149727 0.6
      vertex 19.178967997431755 6.631655998528004 1.2
      vertex 19.079424001276493 6.302368000149727 1.2
    endloop
  endfacet
  facet normal 0.09201065320088256 0.9957580226629092 0
    outer loop
      vertex 19.478720001876354 6.265472002327442 0.6
      vertex 19.079424001276493 6.302368000149727 1.2
      vertex 19.478720001876354 6.265472002327442 1.2
    endloop
  endfacet
  facet normal 0.7684767088540176 -0.6398777601611868 0
    outer loop
      vertex 19.178967997431755 6.631655998528004 0.6
      vertex 19.390816003084183 6.8860799968242645 1.2
      vertex 19.178967997431755 6.631655998528004 1.2
    endloop
  endfacet
  facet normal -0.9623055838077755 0.2719705193074721 0
    outer loop
      vertex 19.540279999375343 6.483287997543812 0.6
      vertex 19.478720001876354 6.265472002327442 1.2
      vertex 19.540279999375343 6.483287997543812 1.2
    endloop
  endfacet
  facet normal -0.7858216087155611 0.6184532312759694 0
    outer loop
      vertex 19.66857600212097 6.6463039964437485 0.6
      vertex 19.540279999375343 6.483287997543812 1.2
      vertex 19.66857600212097 6.6463039964437485 1.2
    endloop
  endfacet
  facet normal 0.4693210821458284 -0.8830275883875138 0
    outer loop
      vertex 19.390816003084183 6.8860799968242645 0.6
      vertex 19.697063997387886 7.048848003149033 1.2
      vertex 19.390816003084183 6.8860799968242645 1.2
    endloop
  endfacet
  facet normal -0.48460078273499846 0.8747354350731578 0
    outer loop
      vertex 19.852215997874737 6.748039998114109 0.6
      vertex 19.66857600212097 6.6463039964437485 1.2
      vertex 19.852215997874737 6.748039998114109 1.2
    endloop
  endfacet
  facet normal -0.1473764464040489 0.9890804734930897 0
    outer loop
      vertex 20.079807996749878 6.781952001154423 0.6
      vertex 19.852215997874737 6.748039998114109 1.2
      vertex 20.079807996749878 6.781952001154423 1.2
    endloop
  endfacet
  facet normal 0.1403521793242402 -0.9901016441552536 0
    outer loop
      vertex 19.697063997387886 7.048848003149033 0.6
      vertex 20.079807996749878 7.103104002773762 1.2
      vertex 19.697063997387886 7.048848003149033 1.2
    endloop
  endfacet
  facet normal 0.9927358970122528 -0.12031391766241294 0
    outer loop
      vertex 20.61607199907303 6.075608000159264 0.6
      vertex 20.637503996491432 6.252448000013828 1.2
      vertex 20.61607199907303 6.075608000159264 1.2
    endloop
  endfacet
  facet normal 0.9866494493546548 0.16285841730827533 0
    outer loop
      vertex 20.637503996491432 6.252448000013828 0.6
      vertex 20.600607998669147 6.475975997745991 1.2
      vertex 20.637503996491432 6.252448000013828 1.2
    endloop
  endfacet
  facet normal 0.8336800873803444 0.5522476907199355 0
    outer loop
      vertex 20.600607998669147 6.475975997745991 0.6
      vertex 20.489919997751713 6.643072001636028 1.2
      vertex 20.600607998669147 6.475975997745991 1.2
    endloop
  endfacet
  facet normal 0.14688720597276808 0.9891532483500793 0
    outer loop
      vertex 20.31361600011587 6.747231997549534 0.6
      vertex 20.079807996749878 6.781952001154423 1.2
      vertex 20.31361600011587 6.747231997549534 1.2
    endloop
  endfacet
  facet normal -0.13220565930616116 -0.9912223078842723 0
    outer loop
      vertex 20.079807996749878 7.103104002773762 0.6
      vertex 20.488576002418995 7.048583999276161 1.2
      vertex 20.079807996749878 7.103104002773762 1.2
    endloop
  endfacet
  facet normal 0.5086582254129421 0.8609685300403008 0
    outer loop
      vertex 20.489919997751713 6.643072001636028 0.6
      vertex 20.31361600011587 6.747231997549534 1.2
      vertex 20.489919997751713 6.643072001636028 1.2
    endloop
  endfacet
  facet normal -0.4763672081381626 -0.8792464290576631 0
    outer loop
      vertex 20.488576002418995 7.048583999276161 0.6
      vertex 20.790463998913765 6.885024003684521 1.2
      vertex 20.488576002418995 7.048583999276161 1.2
    endloop
  endfacet
  facet normal 0 1 0
    outer loop
      vertex 23.569407999515533 4 0.6
      vertex 23.154944002628326 4 1.2
      vertex 23.569407999515533 4 1.2
    endloop
  endfacet
  facet normal -1 0 0
    outer loop
      vertex 21.086687996983528 4.3320000022649765 0.6
      vertex 21.086687996983528 4 1.2
      vertex 21.086687996983528 4.3320000022649765 1.2
    endloop
  endfacet
  facet normal -0.780532524706586 0.6251151716885162 0
    outer loop
      vertex 20.85639200359583 5.7360000014305115 0.6
      vertex 20.71561600267887 5.560223996639252 1.2
      vertex 20.85639200359583 5.7360000014305115 1.2
    endloop
  endfacet
  facet normal -0.8666829337999556 0.49885939127163054 0
    outer loop
      vertex 20.957567997276783 5.911775998771191 0.6
      vertex 20.85639200359583 5.7360000014305115 1.2
      vertex 20.957567997276783 5.911775998771191 1.2
    endloop
  endfacet
  facet normal -0.9449845361376271 0.3271150049458962 0
    outer loop
      vertex 21.01860000193119 6.088087998330593 0.6
      vertex 20.957567997276783 5.911775998771191 1.2
      vertex 21.01860000193119 6.088087998330593 1.2
    endloop
  endfacet
  facet normal 1 0 0
    outer loop
      vertex 21.50780799984932 5.00688000023365 0.6
      vertex 21.50780799984932 5.354079999029636 1.2
      vertex 21.50780799984932 5.00688000023365 1.2
    endloop
  endfacet
  facet normal 0 -1 0
    outer loop
      vertex 21.50780799984932 5.354079999029636 0.6
      vertex 22.592799998819828 5.354079999029636 1.2
      vertex 21.50780799984932 5.354079999029636 1.2
    endloop
  endfacet
  facet normal 0 1 0
    outer loop
      vertex 22.592799998819828 5.00688000023365 0.6
      vertex 21.50780799984932 5.00688000023365 1.2
      vertex 22.592799998819828 5.00688000023365 1.2
    endloop
  endfacet
  facet normal 1 0 0
    outer loop
      vertex 23.154944002628326 4 0.6
      vertex 23.154944002628326 7.057535998523235 1.2
      vertex 23.154944002628326 4 1.2
    endloop
  endfacet
  facet normal -1 0 0
    outer loop
      vertex 22.592799998819828 5.354079999029636 0.6
      vertex 22.592799998819828 5.00688000023365 1.2
      vertex 22.592799998819828 5.354079999029636 1.2
    endloop
  endfacet
  facet normal -0.9934873930495606 0.11394208990354666 0
    outer loop
      vertex 21.038943998515606 6.265472002327442 0.6
      vertex 21.01860000193119 6.088087998330593 1.2
      vertex 21.038943998515606 6.265472002327442 1.2
    endloop
  endfacet
  facet normal -0.985084133854711 -0.17207338326340244 0
    outer loop
      vertex 20.97682400047779 6.62109600007534 0.6
      vertex 21.038943998515606 6.265472002327442 1.2
      vertex 20.97682400047779 6.62109600007534 1.2
    endloop
  endfacet
  facet normal -0.8168834519402688 -0.5768027617358905 0
    outer loop
      vertex 20.790463998913765 6.885024003684521 0.6
      vertex 20.97682400047779 6.62109600007534 1.2
      vertex 20.790463998913765 6.885024003684521 1.2
    endloop
  endfacet
  facet normal -1 0 0
    outer loop
      vertex 23.569407999515533 5.1913279965519905 0.6
      vertex 23.569407999515533 4 1.2
      vertex 23.569407999515533 5.1913279965519905 1.2
    endloop
  endfacet
  facet normal 0 -1 0
    outer loop
      vertex 23.569407999515533 5.519008003175259 0.6
      vertex 24.409184001386166 5.519008003175259 1.2
      vertex 23.569407999515533 5.519008003175259 1.2
    endloop
  endfacet
  facet normal 0 1 0
    outer loop
      vertex 24.467776000499725 5.1913279965519905 0.6
      vertex 23.569407999515533 5.1913279965519905 1.2
      vertex 24.467776000499725 5.1913279965519905 1.2
    endloop
  endfacet
  facet normal 0.28276215076610517 -0.9591900573369839 0
    outer loop
      vertex 24.409184001386166 5.519008003175259 0.6
      vertex 24.929984003305435 5.672536000609398 1.2
      vertex 24.409184001386166 5.519008003175259 1.2
    endloop
  endfacet
  facet normal -0.14547987479242674 0.9893612111005665 0
    outer loop
      vertex 24.903127998113632 5.25534400343895 0.6
      vertex 24.467776000499725 5.1913279965519905 1.2
      vertex 24.903127998113632 5.25534400343895 1.2
    endloop
  endfacet
  facet normal -0.4985838844577656 0.8668414561838892 0
    outer loop
      vertex 25.237024001777172 5.447392001748085 0.6
      vertex 24.903127998113632 5.25534400343895 1.2
      vertex 25.237024001777172 5.447392001748085 1.2
    endloop
  endfacet
  facet normal 0.9357394144060428 -0.35269214384082387 0
    outer loop
      vertex 24.929984003305435 5.672536000609398 0.6
      vertex 25.103583998978138 6.133120000362396 1.2
      vertex 24.929984003305435 5.672536000609398 1.2
    endloop
  endfacet
  facet normal -0.8166460417733135 0.5771388415762532 0
    outer loop
      vertex 25.449423998594284 5.747936002910137 0.6
      vertex 25.237024001777172 5.447392001748085 1.2
      vertex 25.449423998594284 5.747936002910137 1.2
    endloop
  endfacet
  facet normal -0.9838783159819829 0.17883919967517584 0
    outer loop
      vertex 25.52022399753332 6.137440003454685 0.6
      vertex 25.449423998594284 5.747936002910137 1.2
      vertex 25.52022399753332 6.137440003454685 1.2
    endloop
  endfacet
  facet normal -1 0 0
    outer loop
      vertex 23.569407999515533 6.725536003708839 0.6
      vertex 23.569407999515533 5.519008003175259 1.2
      vertex 23.569407999515533 6.725536003708839 1.2
    endloop
  endfacet
  facet normal 0 -1 0
    outer loop
      vertex 23.154944002628326 7.057535998523235 0.6
      vertex 24.441728003323078 7.057535998523235 1.2
      vertex 23.154944002628326 7.057535998523235 1.2
    endloop
  endfacet
  facet normal 0 1 0
    outer loop
      vertex 24.391840003430843 6.725536003708839 0.6
      vertex 23.569407999515533 6.725536003708839 1.2
      vertex 24.391840003430843 6.725536003708839 1.2
    endloop
  endfacet
  facet normal -0.13086324991105877 -0.991400428597202 0
    outer loop
      vertex 24.441728003323078 7.057535998523235 0.6
      vertex 24.897976003587246 6.997312001883984 1.2
      vertex 24.441728003323078 7.057535998523235 1.2
    endloop
  endfacet
  facet normal 0.9283244482130055 0.37177105703647595 0
    outer loop
      vertex 25.103583998978138 6.133120000362396 0.6
      vertex 24.925647996366024 6.577431999146938 1.2
      vertex 25.103583998978138 6.133120000362396 1.2
    endloop
  endfacet
  facet normal 0.26734891525368715 0.9635997911543343 0
    outer loop
      vertex 24.925647996366024 6.577431999146938 0.6
      vertex 24.391840003430843 6.725536003708839 1.2
      vertex 24.925647996366024 6.577431999146938 1.2
    endloop
  endfacet
  facet normal -0.46910410607908815 -0.8831428749980036 0
    outer loop
      vertex 24.897976003587246 6.997312001883984 0.6
      vertex 25.23811200261116 6.816639997065067 1.2
      vertex 24.897976003587246 6.997312001883984 1.2
    endloop
  endfacet
  facet normal -0.9839559254477289 -0.17841170582756988 0
    outer loop
      vertex 25.449695996940136 6.52640800178051 0.6
      vertex 25.52022399753332 6.137440003454685 1.2
      vertex 25.449695996940136 6.52640800178051 1.2
    endloop
  endfacet
  facet normal -0.8080651857682714 -0.589093078850269 0
    outer loop
      vertex 25.23811200261116 6.816639997065067 0.6
      vertex 25.449695996940136 6.52640800178051 1.2
      vertex 25.23811200261116 6.816639997065067 1.2
    endloop
  endfacet
  facet normal 0 1 0
    outer loop
      vertex 26.533823996782303 4 0.6
      vertex 26.119359999895096 4 1.2
      vertex 26.533823996782303 4 1.2
    endloop
  endfacet
  facet normal 0 1 0
    outer loop
      vertex 28.75807999819517 4 0.6
      vertex 28.280671998858452 4 1.2
      vertex 28.75807999819517 4 1.2
    endloop
  endfacet
  facet normal 0.3575371905541239 0.933898901043718 0
    outer loop
      vertex 30.250959999859333 4.004344001412392 0.6
      vertex 29.876896001398563 4.147551998496056 1.2
      vertex 30.250959999859333 4.004344001412392 1.2
    endloop
  endfacet
  facet normal 0.10819632158400969 0.9941295468879746 0
    outer loop
      vertex 30.689567998051643 3.95660799741745 0.6
      vertex 30.250959999859333 4.004344001412392 1.2
      vertex 30.689567998051643 3.95660799741745 1.2
    endloop
  endfacet
  facet normal -0.11015306199604917 0.9939146356367302 0
    outer loop
      vertex 31.125200003385544 4.0048879981040955 0.6
      vertex 30.689567998051643 3.95660799741745 1.2
      vertex 31.125200003385544 4.0048879981040955 1.2
    endloop
  endfacet
  facet normal 1 0 0
    outer loop
      vertex 26.119359999895096 4 0.6
      vertex 26.119359999895096 7.057535998523235 1.2
      vertex 26.119359999895096 4 1.2
    endloop
  endfacet
  facet normal -1 0 0
    outer loop
      vertex 26.533823996782303 5.2694400027394295 0.6
      vertex 26.533823996782303 4 1.2
      vertex 26.533823996782303 5.2694400027394295 1.2
    endloop
  endfacet
  facet normal 0 1 0
    outer loop
      vertex 27.486432000994682 5.2694400027394295 0.6
      vertex 26.533823996782303 5.2694400027394295 1.2
      vertex 27.486432000994682 5.2694400027394295 1.2
    endloop
  endfacet
  facet normal 0 -1 0
    outer loop
      vertex 26.533823996782303 5.597120001912117 0.6
      vertex 27.534175999462605 5.597120001912117 1.2
      vertex 26.533823996782303 5.597120001912117 1.2
    endloop
  endfacet
  facet normal 0.847746091777139 0.5304022660929971 0
    outer loop
      vertex 28.280671998858452 4 0.6
      vertex 27.486432000994682 5.2694400027394295 1.2
      vertex 28.280671998858452 4 1.2
    endloop
  endfacet
  facet normal -0.8350001469438405 -0.5502497202214325 0
    outer loop
      vertex 27.890079997479916 5.317184001207352 0.6
      vertex 28.75807999819517 4 1.2
      vertex 27.890079997479916 5.317184001207352 1.2
    endloop
  endfacet
  facet normal 0.1305307689189568 -0.9914442588292223 0
    outer loop
      vertex 27.534175999462605 5.597120001912117 0.6
      vertex 27.824688002467155 5.635367996990681 1.2
      vertex 27.534175999462605 5.597120001912117 1.2
    endloop
  endfacet
  facet normal -0.31551883794850805 0.9489193131661001 0
    outer loop
      vertex 28.201728001236916 5.4208080023527145 0.6
      vertex 27.890079997479916 5.317184001207352 1.2
      vertex 28.201728001236916 5.4208080023527145 1.2
    endloop
  endfacet
  facet normal -0.6253618439056525 0.7803349051445297 0
    outer loop
      vertex 28.437983997166157 5.61014399677515 0.6
      vertex 28.201728001236916 5.4208080023527145 1.2
      vertex 28.437983997166157 5.61014399677515 1.2
    endloop
  endfacet
  facet normal 0.4688381361717469 -0.8832841004291895 0
    outer loop
      vertex 27.824688002467155 5.635367996990681 0.6
      vertex 28.040863998234272 5.750111997127533 1.2
      vertex 27.824688002467155 5.635367996990681 1.2
    endloop
  endfacet
  facet normal 0.8072203457074967 -0.5902502126012914 0
    outer loop
      vertex 28.040863998234272 5.750111997127533 0.6
      vertex 28.175144001841545 5.933752000331879 1.2
      vertex 28.040863998234272 5.750111997127533 1.2
    endloop
  endfacet
  facet normal 0.9837096429092946 -0.17976467519306485 0
    outer loop
      vertex 28.175144001841545 5.933752000331879 0.6
      vertex 28.219903998076916 6.178687997162342 1.2
      vertex 28.175144001841545 5.933752000331879 1.2
    endloop
  endfacet
  facet normal -1 0 0
    outer loop
      vertex 26.533823996782303 6.725536003708839 0.6
      vertex 26.533823996782303 5.597120001912117 1.2
      vertex 26.533823996782303 6.725536003708839 1.2
    endloop
  endfacet
  facet normal 0 -1 0
    outer loop
      vertex 26.119359999895096 7.057535998523235 0.6
      vertex 27.558048002421856 7.057535998523235 1.2
      vertex 26.119359999895096 7.057535998523235 1.2
    endloop
  endfacet
  facet normal 0 1 0
    outer loop
      vertex 27.516832001507282 6.725536003708839 0.6
      vertex 26.533823996782303 6.725536003708839 1.2
      vertex 27.516832001507282 6.725536003708839 1.2
    endloop
  endfacet
  facet normal 0.11555057170935502 0.9933015983968018 0
    outer loop
      vertex 27.817631997168064 6.690544001758099 0.6
      vertex 27.516832001507282 6.725536003708839 1.2
      vertex 27.817631997168064 6.690544001758099 1.2
    endloop
  endfacet
  facet normal -0.12526209072581235 -0.9921236861535957 0
    outer loop
      vertex 27.558048002421856 7.057535998523235 0.6
      vertex 28.015656001865864 6.999760001897812 1.2
      vertex 27.558048002421856 7.057535998523235 1.2
    endloop
  endfacet
  facet normal 0.9819461195649982 0.18916082647113303 0
    outer loop
      vertex 28.219903998076916 6.178687997162342 0.6
      vertex 28.17459999769926 6.413864001631737 1.2
      vertex 28.219903998076916 6.178687997162342 1.2
    endloop
  endfacet
  facet normal 0.7840910105644748 0.620645862913772 0
    outer loop
      vertex 28.17459999769926 6.413864001631737 0.6
      vertex 28.038687996566296 6.585568003356457 1.2
      vertex 28.17459999769926 6.413864001631737 1.2
    endloop
  endfacet
  facet normal 0.42897145489444255 0.9033180452563456 0
    outer loop
      vertex 28.038687996566296 6.585568003356457 0.6
      vertex 27.817631997168064 6.690544001758099 1.2
      vertex 28.038687996566296 6.585568003356457 1.2
    endloop
  endfacet
  facet normal -0.4543206004852406 -0.8908382524200061 0
    outer loop
      vertex 28.015656001865864 6.999760001897812 0.6
      vertex 28.355520002543926 6.82643199712038 1.2
      vertex 28.015656001865864 6.999760001897812 1.2
    endloop
  endfacet
  facet normal -0.7951939084009169 -0.6063552160590968 0
    outer loop
      vertex 28.355520002543926 6.82643199712038 0.6
      vertex 28.566288001835346 6.550024002790451 1.2
      vertex 28.355520002543926 6.82643199712038 1.2
    endloop
  endfacet
  facet normal 0.8223192408213456 0.5690264195755816 0
    outer loop
      vertex 29.575543999671936 4.381103999912739 0.6
      vertex 29.355007998645306 4.6998080015182495 1.2
      vertex 29.575543999671936 4.381103999912739 1.2
    endloop
  endfacet
  facet normal 0.6125785479092191 0.7904097182103929 0
    outer loop
      vertex 29.876896001398563 4.147551998496056 0.6
      vertex 29.575543999671936 4.381103999912739 1.2
      vertex 29.876896001398563 4.147551998496056 1.2
    endloop
  endfacet
  facet normal 0.945299865240827 0.32620264372882446 0
    outer loop
      vertex 29.355007998645306 4.6998080015182495 0.6
      vertex 29.21993599832058 5.091232001781464 1.2
      vertex 29.355007998645306 4.6998080015182495 1.2
    endloop
  endfacet
  facet normal -0.8771423794947238 -0.4802304093810948 0
    outer loop
      vertex 29.66829600185156 5.027216002345085 0.6
      vertex 29.885568000376225 4.630368001759052 1.2
      vertex 29.66829600185156 5.027216002345085 1.2
    endloop
  endfacet
  facet normal -0.8671726576943549 0.4980076121379162 0
    outer loop
      vertex 28.586903996765614 5.869456000626087 0.6
      vertex 28.437983997166157 5.61014399677515 1.2
      vertex 28.586903996765614 5.869456000626087 1.2
    endloop
  endfacet
  facet normal -0.9876989281499111 0.15636760320321114 0
    outer loop
      vertex 28.6365439966321 6.183008000254631 0.6
      vertex 28.586903996765614 5.869456000626087 1.2
      vertex 28.6365439966321 6.183008000254631 1.2
    endloop
  endfacet
  facet normal 0.9950678565408093 0.09919657695343799 0
    outer loop
      vertex 29.21993599832058 5.091232001781464 0.6
      vertex 29.174911998212337 5.542879998683929 1.2
      vertex 29.21993599832058 5.091232001781464 1.2
    endloop
  endfacet
  facet normal -0.9902807280207195 -0.13908299576423322 0
    outer loop
      vertex 29.59587199985981 5.542879998683929 0.6
      vertex 29.66829600185156 5.027216002345085 1.2
      vertex 29.59587199985981 5.542879998683929 1.2
    endloop
  endfacet
  facet normal 0.9884095800424358 -0.15181074428490132 0
    outer loop
      vertex 29.174911998212337 5.542879998683929 0.6
      vertex 29.275271996855736 6.196304000914097 1.2
      vertex 29.174911998212337 5.542879998683929 1.2
    endloop
  endfacet
  facet normal -0.9904651075213587 0.13776382247420185 0
    outer loop
      vertex 29.667479999363422 6.0577120035886765 0.6
      vertex 29.59587199985981 5.542879998683929 1.2
      vertex 29.667479999363422 6.0577120035886765 1.2
    endloop
  endfacet
  facet normal -0.5905046618826355 -0.8070342274618061 0
    outer loop
      vertex 29.885568000376225 4.630368001759052 0.6
      vertex 30.23141600191593 4.377311997115612 1.2
      vertex 29.885568000376225 4.630368001759052 1.2
    endloop
  endfacet
  facet normal -0.1810701930775605 -0.9834701750327026 0
    outer loop
      vertex 30.23141600191593 4.377311997115612 0.6
      vertex 30.689567998051643 4.292960003018379 1.2
      vertex 30.23141600191593 4.377311997115612 1.2
    endloop
  endfacet
  facet normal 0.1718863429241786 -0.9851167875516851 0
    outer loop
      vertex 30.689567998051643 4.292960003018379 0.6
      vertex 31.157463997602463 4.374600000679493 1.2
      vertex 30.689567998051643 4.292960003018379 1.2
    endloop
  endfacet
  facet normal -0.9821668881241312 -0.18801118017969098 0
    outer loop
      vertex 28.566288001835346 6.550024002790451 0.6
      vertex 28.6365439966321 6.183008000254631 1.2
      vertex 28.566288001835346 6.550024002790451 1.2
    endloop
  endfacet
  facet normal 0.8536183106725779 -0.5208990110227646 0
    outer loop
      vertex 29.275271996855736 6.196304000914097 0.6
      vertex 29.57635200023651 6.6896959990262985 1.2
      vertex 29.275271996855736 6.196304000914097 1.2
    endloop
  endfacet
  facet normal -0.8736379641466112 0.48657651772538757 0
    outer loop
      vertex 29.88230399787426 6.443424001336098 0.6
      vertex 29.667479999363422 6.0577120035886765 1.2
      vertex 29.88230399787426 6.443424001336098 1.2
    endloop
  endfacet
  facet normal 0.5425052646096448 -0.8400524018600383 0
    outer loop
      vertex 29.57635200023651 6.6896959990262985 0.6
      vertex 30.05646400153637 6.999751999974251 1.2
      vertex 29.57635200023651 6.6896959990262985 1.2
    endloop
  endfacet
  facet normal -0.5711823185196764 0.8208232203163403 0
    outer loop
      vertex 30.22844000160694 6.684288002550602 0.6
      vertex 29.88230399787426 6.443424001336098 1.2
      vertex 30.22844000160694 6.684288002550602 1.2
    endloop
  endfacet
  facet normal 0.16004212781284163 -0.9871101849971653 0
    outer loop
      vertex 30.05646400153637 6.999751999974251 0.6
      vertex 30.693920001387596 7.103104002773762 1.2
      vertex 30.05646400153637 6.999751999974251 1.2
    endloop
  endfacet
  facet normal -0.1699744086545725 0.9854484767873601 0
    outer loop
      vertex 30.693920001387596 6.764576002955437 0.6
      vertex 30.22844000160694 6.684288002550602 1.2
      vertex 30.693920001387596 6.764576002955437 1.2
    endloop
  endfacet
  facet normal 0.17349148948575777 0.9848353685139528 0
    outer loop
      vertex 31.155855998396873 6.683200001716614 0.6
      vertex 30.693920001387596 6.764576002955437 1.2
      vertex 31.155855998396873 6.683200001716614 1.2
    endloop
  endfacet
  facet normal -0.10588248751790728 -0.9943786496285106 0
    outer loop
      vertex 30.693920001387596 7.103104002773762 0.6
      vertex 31.129528000950813 7.05672000348568 1.2
      vertex 30.693920001387596 7.103104002773762 1.2
    endloop
  endfacet
  facet normal 0 1 0
    outer loop
      vertex 33.15491200238466 4 0.6
      vertex 32.7860160022974 4 1.2
      vertex 33.15491200238466 4 1.2
    endloop
  endfacet
  facet normal 0 1 0
    outer loop
      vertex 35.268480002880096 4 0.6
      vertex 34.7693760022521 4 1.2
      vertex 35.268480002880096 4 1.2
    endloop
  endfacet
  facet normal -0.36132497949790926 0.9324399493752054 0
    outer loop
      vertex 31.49897599965334 4.149728000164032 0.6
      vertex 31.125200003385544 4.0048879981040955 1.2
      vertex 31.49897599965334 4.149728000164032 1.2
    endloop
  endfacet
  facet normal 0.5791604818384266 -0.8152135525595006 0
    outer loop
      vertex 31.157463997602463 4.374600000679493 0.6
      vertex 31.50220800191164 4.619520001113415 1.2
      vertex 31.157463997602463 4.374600000679493 1.2
    endloop
  endfacet
  facet normal -0.6127176699866635 0.7903018770609835 0
    outer loop
      vertex 31.801951996982098 4.384623996913433 0.6
      vertex 31.49897599965334 4.149728000164032 1.2
      vertex 31.801951996982098 4.384623996913433 1.2
    endloop
  endfacet
  facet normal 0.8803098272109413 -0.4743992075413311 0
    outer loop
      vertex 31.50220800191164 4.619520001113415 0.6
      vertex 31.714607998728752 5.013655997812748 1.2
      vertex 31.50220800191164 4.619520001113415 1.2
    endloop
  endfacet
  facet normal -0.818847099380891 0.574011696601647 0
    outer loop
      vertex 32.025183998048306 4.7030719965696335 0.6
      vertex 31.801951996982098 4.384623996913433 1.2
      vertex 32.025183998048306 4.7030719965696335 1.2
    endloop
  endfacet
  facet normal -0.9430856382279869 0.33254996461901887 0
    outer loop
      vertex 32.16272799670696 5.0931359976530075 0.6
      vertex 32.025183998048306 4.7030719965696335 1.2
      vertex 32.16272799670696 5.0931359976530075 1.2
    endloop
  endfacet
  facet normal 0.9911697052165511 -0.1325994549797809 0
    outer loop
      vertex 31.714607998728752 5.013655997812748 0.6
      vertex 31.78540799766779 5.542879998683929 1.2
      vertex 31.714607998728752 5.013655997812748 1.2
    endloop
  endfacet
  facet normal 0.9903361076057351 0.13868811763205152 0
    outer loop
      vertex 31.78540799766779 5.542879998683929 0.6
      vertex 31.71407199651003 6.0522719994187355 1.2
      vertex 31.78540799766779 5.542879998683929 1.2
    endloop
  endfacet
  facet normal -0.994844020724983 0.10141683503121975 0
    outer loop
      vertex 32.2085760012269 5.542879998683929 0.6
      vertex 32.16272799670696 5.0931359976530075 1.2
      vertex 32.2085760012269 5.542879998683929 1.2
    endloop
  endfacet
  facet normal -0.9949641997197997 -0.10023093971393553 0
    outer loop
      vertex 32.16327200084925 5.992600001394749 0.6
      vertex 32.2085760012269 5.542879998683929 1.2
      vertex 32.16327200084925 5.992600001394749 1.2
    endloop
  endfacet
  facet normal 1 0 0
    outer loop
      vertex 32.7860160022974 4 0.6
      vertex 32.7860160022974 7.057535998523235 1.2
      vertex 32.7860160022974 4 1.2
    endloop
  endfacet
  facet normal -1 0 0
    outer loop
      vertex 33.15491200238466 6.0311359986662865 0.6
      vertex 33.15491200238466 4 1.2
      vertex 33.15491200238466 6.0311359986662865 1.2
    endloop
  endfacet
  facet normal 0.5785127236979614 0.8156733589615185 0
    outer loop
      vertex 31.500064000487328 6.439071998000145 0.6
      vertex 31.155855998396873 6.683200001716614 1.2
      vertex 31.500064000487328 6.439071998000145 1.2
    endloop
  endfacet
  facet normal 0.8750019138782872 0.4841194591310438 0
    outer loop
      vertex 31.71407199651003 6.0522719994187355 0.6
      vertex 31.500064000487328 6.439071998000145 1.2
      vertex 31.71407199651003 6.0522719994187355 1.2
    endloop
  endfacet
  facet normal -0.3489000748683356 -0.9371599317922581 0
    outer loop
      vertex 31.129528000950813 7.05672000348568 0.6
      vertex 31.50329600274563 6.917567998170853 1.2
      vertex 31.129528000950813 7.05672000348568 1.2
    endloop
  endfacet
  facet normal -0.6012538431753123 -0.7990580805341481 0
    outer loop
      vertex 31.50329600274563 6.917567998170853 0.6
      vertex 31.805752001702785 6.689984001219273 1.2
      vertex 31.50329600274563 6.917567998170853 1.2
    endloop
  endfacet
  facet normal -0.9431581465383262 -0.3323442652106236 0
    outer loop
      vertex 32.02735999971628 6.378303997218609 0.6
      vertex 32.16327200084925 5.992600001394749 1.2
      vertex 32.02735999971628 6.378303997218609 1.2
    endloop
  endfacet
  facet normal -0.8149937495016146 -0.5794697475048196 0
    outer loop
      vertex 31.805752001702785 6.689984001219273 0.6
      vertex 32.02735999971628 6.378303997218609 1.2
      vertex 31.805752001702785 6.689984001219273 1.2
    endloop
  endfacet
  facet normal 0 -1 0
    outer loop
      vertex 32.7860160022974 7.057535998523235 0.6
      vertex 33.26774399727583 7.057535998523235 1.2
      vertex 32.7860160022974 7.057535998523235 1.2
    endloop
  endfacet
  facet normal -0.9995522063432258 -0.029923014460265282 0
    outer loop
      vertex 33.144064001739025 6.393504001200199 0.6
      vertex 33.15491200238466 6.0311359986662865 1.2
      vertex 33.144064001739025 6.393504001200199 1.2
    endloop
  endfacet
  facet normal -0.9986746893756308 -0.051467123491482095 0
    outer loop
      vertex 33.13321600109339 6.604000002145767 0.6
      vertex 33.144064001739025 6.393504001200199 1.2
      vertex 33.13321600109339 6.604000002145767 1.2
    endloop
  endfacet
  facet normal 0.8467302993704122 0.5320223680712043 0
    outer loop
      vertex 34.7693760022521 4 0.6
      vertex 33.13321600109339 6.604000002145767 1.2
      vertex 34.7693760022521 4 1.2
    endloop
  endfacet
  facet normal 0.9985842322242998 0.053193337486995715 0
    outer loop
      vertex 34.92127999663353 4.436159998178482 0.6
      vertex 34.90174400061369 4.80290400236845 1.2
      vertex 34.92127999663353 4.436159998178482 1.2
    endloop
  endfacet
  facet normal 0.9996596835390908 0.026086722801544757 0
    outer loop
      vertex 34.90174400061369 4.80290400236845 0.6
      vertex 34.89523199945688 5.052447997033596 1.2
      vertex 34.90174400061369 4.80290400236845 1.2
    endloop
  endfacet
  facet normal 1 0 0
    outer loop
      vertex 34.89523199945688 5.052447997033596 0.6
      vertex 34.89523199945688 7.057535998523235 1.2
      vertex 34.89523199945688 5.052447997033596 1.2
    endloop
  endfacet
  facet normal 0.8163760862172427 0.5775206367331103 0
    outer loop
      vertex 36.262272000312805 4.3805679976940155 0.6
      vertex 36.03795199841261 4.697664000093937 1.2
      vertex 36.262272000312805 4.3805679976940155 1.2
    endloop
  endfacet
  facet normal 0.9433192192538296 0.33188680387497416 0
    outer loop
      vertex 36.03795199841261 4.697664000093937 0.6
      vertex 35.900431998074055 5.088536001741886 1.2
      vertex 36.03795199841261 4.697664000093937 1.2
    endloop
  endfacet
  facet normal -1 0 0
    outer loop
      vertex 35.268480002880096 7.057535998523235 0.6
      vertex 35.268480002880096 4 1.2
      vertex 35.268480002880096 7.057535998523235 1.2
    endloop
  endfacet
  facet normal 0.9949488613627985 0.10038308260295015 0
    outer loop
      vertex 35.900431998074055 5.088536001741886 0.6
      vertex 35.85459200292826 5.542879998683929 1.2
      vertex 35.900431998074055 5.088536001741886 1.2
    endloop
  endfacet
  facet normal -0.9898775628033003 -0.14192396083325098 0
    outer loop
      vertex 36.27555199712515 5.542879998683929 0.6
      vertex 36.34987200051546 5.024520002305508 1.2
      vertex 36.27555199712515 5.542879998683929 1.2
    endloop
  endfacet
  facet normal 0.9887632617809443 -0.14948983962901125 0
    outer loop
      vertex 35.85459200292826 5.542879998683929 0.6
      vertex 35.95440799742937 6.203088000416756 1.2
      vertex 35.85459200292826 5.542879998683929 1.2
    endloop
  endfacet
  facet normal -0.8457902946031054 -0.5335154895175886 0
    outer loop
      vertex 33.26774399727583 7.057535998523235 0.6
      vertex 34.92127999663353 4.436159998178482 1.2
      vertex 33.26774399727583 7.057535998523235 1.2
    endloop
  endfacet
  facet normal 0 -1 0
    outer loop
      vertex 34.89523199945688 7.057535998523235 0.6
      vertex 35.268480002880096 7.057535998523235 1.2
      vertex 34.89523199945688 7.057535998523235 1.2
    endloop
  endfacet
  facet normal 0.8542444108505558 -0.5198716058129996 0
    outer loop
      vertex 35.95440799742937 6.203088000416756 0.6
      vertex 36.253856003284454 6.6951360031962395 1.2
      vertex 35.95440799742937 6.203088000416756 1.2
    endloop
  endfacet
  facet normal 0.35241109735991344 0.9358452962202576 0
    outer loop
      vertex 36.94880799949169 4.004344001412392 0.6
      vertex 36.56851200014353 4.147551998496056 1.2
      vertex 36.94880799949169 4.004344001412392 1.2
    endloop
  endfacet
  facet normal 0.10630855264997381 0.9943331894458053 0
    outer loop
      vertex 37.39529599994421 3.95660799741745 0.6
      vertex 36.94880799949169 4.004344001412392 1.2
      vertex 37.39529599994421 3.95660799741745 1.2
    endloop
  endfacet
  facet normal -0.08501254426051934 0.9963798810284927 0
    outer loop
      vertex 37.792663998901844 3.9905119985342026 0.6
      vertex 37.39529599994421 3.95660799741745 1.2
      vertex 37.792663998901844 3.9905119985342026 1.2
    endloop
  endfacet
  facet normal -0.2667208155203658 0.9637738357976684 0
    outer loop
      vertex 38.160191997885704 4.0922240018844604 0.6
      vertex 37.792663998901844 3.9905119985342026 1.2
      vertex 38.160191997885704 4.0922240018844604 1.2
    endloop
  endfacet
  facet normal 0 1 0
    outer loop
      vertex 41.05638399720192 4 0.6
      vertex 40.68748799711466 4 1.2
      vertex 41.05638399720192 4 1.2
    endloop
  endfacet
  facet normal 0.6055338532119121 0.7958195477709344 0
    outer loop
      vertex 36.56851200014353 4.147551998496056 0.6
      vertex 36.262272000312805 4.3805679976940155 1.2
      vertex 36.56851200014353 4.147551998496056 1.2
    endloop
  endfacet
  facet normal -0.5787916508035148 -0.815475459446906 0
    outer loop
      vertex 36.57283200323582 4.62822400033474 0.6
      vertex 36.927103996276855 4.376776002347469 1.2
      vertex 36.57283200323582 4.62822400033474 1.2
    endloop
  endfacet
  facet normal -0.8715346548456013 -0.49033391214881156 0
    outer loop
      vertex 36.34987200051546 5.024520002305508 0.6
      vertex 36.57283200323582 4.62822400033474 1.2
      vertex 36.34987200051546 5.024520002305508 1.2
    endloop
  endfacet
  facet normal -0.17621907223750416 -0.9843509732710957 0
    outer loop
      vertex 36.927103996276855 4.376776002347469 0.6
      vertex 37.39529599994421 4.292960003018379 1.2
      vertex 36.927103996276855 4.376776002347469 1.2
    endloop
  endfacet
  facet normal 0.07848121573654268 -0.9969155926037642 0
    outer loop
      vertex 37.39529599994421 4.292960003018379 0.6
      vertex 37.68471200019121 4.315743997693062 1.2
      vertex 37.39529599994421 4.292960003018379 1.2
    endloop
  endfacet
  facet normal -0.9909333348088576 0.13435447876642073 0
    outer loop
      vertex 36.34553600102663 6.059047996997833 0.6
      vertex 36.27555199712515 5.542879998683929 1.2
      vertex 36.34553600102663 6.059047996997833 1.2
    endloop
  endfacet
  facet normal 1 0 0
    outer loop
      vertex 37.460383996367455 5.182655997574329 0.6
      vertex 37.460383996367455 5.5298559963703156 1.2
      vertex 37.460383996367455 5.182655997574329 1.2
    endloop
  endfacet
  facet normal 0.24598212045983647 -0.9692743659119859 0
    outer loop
      vertex 37.68471200019121 4.315743997693062 0.6
      vertex 37.95404800027609 4.384095996618271 1.2
      vertex 37.68471200019121 4.315743997693062 1.2
    endloop
  endfacet
  facet normal 0.4162212730793064 -0.9092633566993897 0
    outer loop
      vertex 37.95404800027609 4.384095996618271 0.6
      vertex 38.18868800252676 4.491503998637199 1.2
      vertex 37.95404800027609 4.384095996618271 1.2
    endloop
  endfacet
  facet normal 0.6027638860247223 -0.797919606040844 0
    outer loop
      vertex 38.18868800252676 4.491503998637199 0.6
      vertex 38.37395200133324 4.6314560025930405 1.2
      vertex 38.18868800252676 4.491503998637199 1.2
    endloop
  endfacet
  facet normal -0.4492780382094276 0.8933919880896001 0
    outer loop
      vertex 38.485431998968124 4.255783997476101 0.6
      vertex 38.160191997885704 4.0922240018844604 1.2
      vertex 38.485431998968124 4.255783997476101 1.2
    endloop
  endfacet
  facet normal -0.6301004499400412 0.7765136334832491 0
    outer loop
      vertex 38.75587199628353 4.475231997668743 0.6
      vertex 38.485431998968124 4.255783997476101 1.2
      vertex 38.75587199628353 4.475231997668743 1.2
    endloop
  endfacet
  facet normal 1 0 0
    outer loop
      vertex 38.37395200133324 4.6314560025930405 0.6
      vertex 38.37395200133324 5.182655997574329 1.2
      vertex 38.37395200133324 4.6314560025930405 1.2
    endloop
  endfacet
  facet normal 0 -1 0
    outer loop
      vertex 37.460383996367455 5.5298559963703156 0.6
      vertex 38.75587199628353 5.5298559963703156 1.2
      vertex 37.460383996367455 5.5298559963703156 1.2
    endloop
  endfacet
  facet normal 0 1 0
    outer loop
      vertex 38.37395200133324 5.182655997574329 0.6
      vertex 37.460383996367455 5.182655997574329 1.2
      vertex 38.37395200133324 5.182655997574329 1.2
    endloop
  endfacet
  facet normal -1 0 0
    outer loop
      vertex 38.75587199628353 5.5298559963703156 0.6
      vertex 38.75587199628353 4.475231997668743 1.2
      vertex 38.75587199628353 5.5298559963703156 1.2
    endloop
  endfacet
  facet normal -0.8781671034488123 0.4783539886112824 0
    outer loop
      vertex 36.555487997829914 6.444480001926422 0.6
      vertex 36.34553600102663 6.059047996997833 1.2
      vertex 36.555487997829914 6.444480001926422 1.2
    endloop
  endfacet
  facet normal 0.5374318173776962 -0.8433072048014926 0
    outer loop
      vertex 36.253856003284454 6.6951360031962395 0.6
      vertex 36.73397599905729 7.001111999154091 1.2
      vertex 36.253856003284454 6.6951360031962395 1.2
    endloop
  endfacet
  facet normal -0.5741812322221966 0.8187282287571377 0
    outer loop
      vertex 36.897808000445366 6.684551998972893 0.6
      vertex 36.555487997829914 6.444480001926422 1.2
      vertex 36.897808000445366 6.684551998972893 1.2
    endloop
  endfacet
  facet normal 0.15695377377636593 -0.9876059502136251 0
    outer loop
      vertex 36.73397599905729 7.001111999154091 0.6
      vertex 37.37574400007725 7.103104002773762 1.2
      vertex 36.73397599905729 7.001111999154091 1.2
    endloop
  endfacet
  facet normal -0.1688649573061933 0.9856391967621709 0
    outer loop
      vertex 37.36489599943161 6.764576002955437 0.6
      vertex 36.897808000445366 6.684551998972893 1.2
      vertex 37.36489599943161 6.764576002955437 1.2
    endloop
  endfacet
  facet normal 0.09497731835945165 0.9954794367525868 0
    outer loop
      vertex 37.6776560023427 6.734736002981663 0.6
      vertex 37.36489599943161 6.764576002955437 1.2
      vertex 37.6776560023427 6.734736002981663 1.2
    endloop
  endfacet
  facet normal -0.09275550870100838 -0.9956889150761985 0
    outer loop
      vertex 37.37574400007725 7.103104002773762 0.6
      vertex 37.83578400313854 7.060248002409935 1.2
      vertex 37.37574400007725 7.103104002773762 1.2
    endloop
  endfacet
  facet normal 0.8238684829958134 0.5667810183185189 0
    outer loop
      vertex 38.2936640009284 6.265472002327442 0.6
      vertex 38.13877599686384 6.490616001188755 1.2
      vertex 38.2936640009284 6.265472002327442 1.2
    endloop
  endfacet
  facet normal 0.603526941109721 0.7973426060074447 0
    outer loop
      vertex 38.13877599686384 6.490616001188755 0.6
      vertex 37.93452800065279 6.645216003060341 1.2
      vertex 38.13877599686384 6.490616001188755 1.2
    endloop
  endfacet
  facet normal 0.3290886154859758 0.9442990432895311 0
    outer loop
      vertex 37.93452800065279 6.645216003060341 0.6
      vertex 37.6776560023427 6.734736002981663 1.2
      vertex 37.93452800065279 6.645216003060341 1.2
    endloop
  endfacet
  facet normal -0.3325830490357638 -0.9430739713798038 0
    outer loop
      vertex 37.83578400313854 7.060248002409935 0.6
      vertex 38.20035199820995 6.931680001318455 1.2
      vertex 37.83578400313854 7.060248002409935 1.2
    endloop
  endfacet
  facet normal -0.2844532812566731 0.9586899033484769 0
    outer loop
      vertex 38.68860799819231 6.382656000554562 0.6
      vertex 38.2936640009284 6.265472002327442 1.2
      vertex 38.68860799819231 6.382656000554562 1.2
    endloop
  endfacet
  facet normal -0.8433264880991129 -0.5374015579344897 0
    outer loop
      vertex 38.480832003057 6.708711996674538 0.6
      vertex 38.68860799819231 6.382656000554562 1.2
      vertex 38.480832003057 6.708711996674538 1.2
    endloop
  endfacet
  facet normal -0.622282366747619 -0.7827928564026256 0
    outer loop
      vertex 38.20035199820995 6.931680001318455 0.6
      vertex 38.480832003057 6.708711996674538 1.2
      vertex 38.20035199820995 6.931680001318455 1.2
    endloop
  endfacet
  facet normal 1 0 0
    outer loop
      vertex 40.68748799711466 4 0.6
      vertex 40.68748799711466 7.057535998523235 1.2
      vertex 40.68748799711466 4 1.2
    endloop
  endfacet
  facet normal -1 0 0
    outer loop
      vertex 41.05638399720192 6.0311359986662865 0.6
      vertex 41.05638399720192 4 1.2
      vertex 41.05638399720192 6.0311359986662865 1.2
    endloop
  endfacet
  facet normal 0 -1 0
    outer loop
      vertex 40.68748799711466 7.057535998523235 0.6
      vertex 41.16921599954367 7.057535998523235 1.2
      vertex 40.68748799711466 7.057535998523235 1.2
    endloop
  endfacet
  facet normal -0.9995522063432258 -0.029923014460265282 0
    outer loop
      vertex 41.04553599655628 6.393504001200199 0.6
      vertex 41.05638399720192 6.0311359986662865 1.2
      vertex 41.04553599655628 6.393504001200199 1.2
    endloop
  endfacet
  facet normal -0.9986746911925019 -0.05146708823667048 0
    outer loop
      vertex 41.034688003361225 6.604000002145767 0.6
      vertex 41.04553599655628 6.393504001200199 1.2
      vertex 41.034688003361225 6.604000002145767 1.2
    endloop
  endfacet
  facet normal 0 0 1
    outer loop
      vertex 41.034688003361225 6.604000002145767 0.6
      vertex 42.67084799706936 4 0.6
      vertex 43.16995199769735 4 0.6
    endloop
  endfacet
  facet normal 0 0 1
    outer loop
      vertex 41.034688003361225 6.604000002145767 0.6
      vertex 43.16995199769735 4 0.6
      vertex 42.82275199890137 4.436159998178482 0.6
    endloop
  endfacet
  facet normal 0 0 1
    outer loop
      vertex 41.034688003361225 6.604000002145767 0.6
      vertex 42.82275199890137 4.436159998178482 0.6
      vertex 40.68748799711466 7.057535998523235 0.6
    endloop
  endfacet
  facet normal 0 0 1
    outer loop
      vertex 43.16995199769735 4 0.6
      vertex 42.80321600288153 4.80290400236845 0.6
      vertex 42.82275199890137 4.436159998178482 0.6
    endloop
  endfacet
  facet normal 0 0 1
    outer loop
      vertex 43.16995199769735 4 0.6
      vertex 42.79670400172472 5.052447997033596 0.6
      vertex 42.80321600288153 4.80290400236845 0.6
    endloop
  endfacet
  facet normal 0 0 1
    outer loop
      vertex 43.16995199769735 4 0.6
      vertex 43.16995199769735 7.057535998523235 0.6
      vertex 42.79670400172472 5.052447997033596 0.6
    endloop
  endfacet
  facet normal 0 0 1
    outer loop
      vertex 43.897119998931885 4 0.6
      vertex 44.31158400326967 5.403999999165535 0.6
      vertex 43.897119998931885 7.057535998523235 0.6
    endloop
  endfacet
  facet normal 0 0 1
    outer loop
      vertex 40.68748799711466 7.057535998523235 0.6
      vertex 42.82275199890137 4.436159998178482 0.6
      vertex 41.16921599954367 7.057535998523235 0.6
    endloop
  endfacet
  facet normal 0 0 1
    outer loop
      vertex 42.79670400172472 5.052447997033596 0.6
      vertex 43.16995199769735 7.057535998523235 0.6
      vertex 42.79670400172472 7.057535998523235 0.6
    endloop
  endfacet
  facet normal 0 0 1
    outer loop
      vertex 43.897119998931885 4 0.6
      vertex 44.31158400326967 4.338527999818325 0.6
      vertex 44.31158400326967 5.403999999165535 0.6
    endloop
  endfacet
  facet normal 0 0 1
    outer loop
      vertex 43.897119998931885 4 0.6
      vertex 46.30579199641943 4 0.6
      vertex 44.31158400326967 4.338527999818325 0.6
    endloop
  endfacet
  facet normal 0 0 1
    outer loop
      vertex 44.31158400326967 5.403999999165535 0.6
      vertex 44.31158400326967 5.738176003098488 0.6
      vertex 43.897119998931885 7.057535998523235 0.6
    endloop
  endfacet
  facet normal 0 0 1
    outer loop
      vertex 44.31158400326967 5.403999999165535 0.6
      vertex 46.0866239964962 5.738176003098488 0.6
      vertex 44.31158400326967 5.738176003098488 0.6
    endloop
  endfacet
  facet normal 0 0 1
    outer loop
      vertex 44.31158400326967 4.338527999818325 0.6
      vertex 46.30579199641943 4 0.6
      vertex 46.30579199641943 4.338527999818325 0.6
    endloop
  endfacet
  facet normal 0 0 1
    outer loop
      vertex 44.31158400326967 5.403999999165535 0.6
      vertex 46.0866239964962 5.403999999165535 0.6
      vertex 46.0866239964962 5.738176003098488 0.6
    endloop
  endfacet
  facet normal 0 0 1
    outer loop
      vertex 44.31158400326967 5.738176003098488 0.6
      vertex 44.31158400326967 6.71900799870491 0.6
      vertex 43.897119998931885 7.057535998523235 0.6
    endloop
  endfacet
  facet normal 0 0 1
    outer loop
      vertex 44.31158400326967 6.71900799870491 0.6
      vertex 46.216831997036934 7.057535998523235 0.6
      vertex 43.897119998931885 7.057535998523235 0.6
    endloop
  endfacet
  facet normal 0 0 1
    outer loop
      vertex 44.31158400326967 6.71900799870491 0.6
      vertex 46.216831997036934 6.71900799870491 0.6
      vertex 46.216831997036934 7.057535998523235 0.6
    endloop
  endfacet
  facet normal 0 0 1
    outer loop
      vertex 46.861536003649235 4 0.6
      vertex 47.230431996285915 4 0.6
      vertex 47.230431996285915 6.039807997643948 0.6
    endloop
  endfacet
  facet normal 0 0 1
    outer loop
      vertex 46.861536003649235 4 0.6
      vertex 47.230431996285915 6.039807997643948 0.6
      vertex 46.861536003649235 7.057535998523235 0.6
    endloop
  endfacet
  facet normal 0 0 1
    outer loop
      vertex 47.40835200250149 6.083200000226498 0.6
      vertex 48.26251199841499 4.8047920018434525 0.6
      vertex 48.21993599832058 4.937440000474453 0.6
    endloop
  endfacet
  facet normal 0 0 1
    outer loop
      vertex 47.40835200250149 6.083200000226498 0.6
      vertex 48.21993599832058 4.937440000474453 0.6
      vertex 47.28684800118208 6.452096000313759 0.6
    endloop
  endfacet
  facet normal 0 0 1
    outer loop
      vertex 48.20908799767494 4 0.6
      vertex 48.499871999025345 4 0.6
      vertex 48.35664000362158 4.451360002160072 0.6
    endloop
  endfacet
  facet normal 0 0 1
    outer loop
      vertex 48.499871999025345 4 0.6
      vertex 48.38350400328636 4.560680001974106 0.6
      vertex 48.35664000362158 4.451360002160072 0.6
    endloop
  endfacet
  facet normal 0 0 1
    outer loop
      vertex 48.499871999025345 4 0.6
      vertex 48.42934399843216 4.715007998049259 0.6
      vertex 48.38350400328636 4.560680001974106 0.6
    endloop
  endfacet
  facet normal 0 0 1
    outer loop
      vertex 48.499871999025345 4 0.6
      vertex 48.47572799772024 4.859048001468182 0.6
      vertex 48.42934399843216 4.715007998049259 0.6
    endloop
  endfacet
  facet normal 0 0 1
    outer loop
      vertex 47.40835200250149 6.083200000226498 0.6
      vertex 48.20908799767494 4 0.6
      vertex 48.35664000362158 4.451360002160072 0.6
    endloop
  endfacet
  facet normal 0 0 1
    outer loop
      vertex 47.40835200250149 6.083200000226498 0.6
      vertex 48.35664000362158 4.451360002160072 0.6
      vertex 48.336832001805305 4.536792002618313 0.6
    endloop
  endfacet
  facet normal 0 0 1
    outer loop
      vertex 48.499871999025345 4 0.6
      vertex 48.5042240023613 4.937440000474453 0.6
      vertex 48.47572799772024 4.859048001468182 0.6
    endloop
  endfacet
  facet normal 0 0 1
    outer loop
      vertex 48.499871999025345 4 0.6
      vertex 49.28976000100374 6.083200000226498 0.6
      vertex 48.5042240023613 4.937440000474453 0.6
    endloop
  endfacet
  facet normal 0 0 1
    outer loop
      vertex 47.40835200250149 6.083200000226498 0.6
      vertex 48.336832001805305 4.536792002618313 0.6
      vertex 48.303456000983715 4.662912003695965 0.6
    endloop
  endfacet
  facet normal 0 0 1
    outer loop
      vertex 47.40835200250149 6.083200000226498 0.6
      vertex 48.303456000983715 4.662912003695965 0.6
      vertex 48.26251199841499 4.8047920018434525 0.6
    endloop
  endfacet
  facet normal 0 0 1
    outer loop
      vertex 48.5042240023613 4.937440000474453 0.6
      vertex 49.28976000100374 6.083200000226498 0.6
      vertex 49.379799999296665 6.34468799829483 0.6
    endloop
  endfacet
  facet normal 0 0 1
    outer loop
      vertex 47.230431996285915 6.039807997643948 0.6
      vertex 47.22172799706459 6.4499199986457825 0.6
      vertex 46.861536003649235 7.057535998523235 0.6
    endloop
  endfacet
  facet normal 0 0 1
    outer loop
      vertex 47.22172799706459 6.4499199986457825 0.6
      vertex 47.215231999754906 6.6908160001039505 0.6
      vertex 46.861536003649235 7.057535998523235 0.6
    endloop
  endfacet
  facet normal 0 0 1
    outer loop
      vertex 47.28684800118208 6.452096000313759 0.6
      vertex 47.40617600083351 7.057535998523235 0.6
      vertex 47.215231999754906 6.6908160001039505 0.6
    endloop
  endfacet
  facet normal 0 0 1
    outer loop
      vertex 47.215231999754906 6.6908160001039505 0.6
      vertex 47.40617600083351 7.057535998523235 0.6
      vertex 46.861536003649235 7.057535998523235 0.6
    endloop
  endfacet
  facet normal 0 0 1
    outer loop
      vertex 47.28684800118208 6.452096000313759 0.6
      vertex 48.21993599832058 4.937440000474453 0.6
      vertex 47.40617600083351 7.057535998523235 0.6
    endloop
  endfacet
  facet normal 0 0 1
    outer loop
      vertex 48.5042240023613 4.937440000474453 0.6
      vertex 49.379799999296665 6.34468799829483 0.6
      vertex 49.302784003317356 7.057535998523235 0.6
    endloop
  endfacet
  facet normal 0 0 1
    outer loop
      vertex 49.46118400245905 4 0.6
      vertex 49.83443199843168 4 0.6
      vertex 49.46118400245905 6.039807997643948 0.6
    endloop
  endfacet
  facet normal 0 0 1
    outer loop
      vertex 49.83443199843168 4 0.6
      vertex 49.83443199843168 7.057535998523235 0.6
      vertex 49.46118400245905 6.039807997643948 0.6
    endloop
  endfacet
  facet normal 0 0 1
    outer loop
      vertex 50.20790400356054 4 0.6
      vertex 50.63756799697876 4 0.6
      vertex 50.9891199991107 4.894047997891903 0.6
    endloop
  endfacet
  facet normal 0 0 1
    outer loop
      vertex 50.20790400356054 4 0.6
      vertex 50.9891199991107 4.894047997891903 0.6
      vertex 51.45564799755812 7.057535998523235 0.6
    endloop
  endfacet
  facet normal 0 0 1
    outer loop
      vertex 50.9891199991107 4.894047997891903 0.6
      vertex 52.25856000185013 5.217376001179218 0.6
      vertex 51.11497599631548 5.217376001179218 0.6
    endloop
  endfacet
  facet normal 0 0 1
    outer loop
      vertex 50.9891199991107 4.894047997891903 0.6
      vertex 51.11497599631548 5.217376001179218 0.6
      vertex 51.598880000412464 6.47868800163269 0.6
    endloop
  endfacet
  facet normal 0 0 1
    outer loop
      vertex 51.11497599631548 5.217376001179218 0.6
      vertex 51.505567997694016 6.222079999744892 0.6
      vertex 51.598880000412464 6.47868800163269 0.6
    endloop
  endfacet
  facet normal 0 0 1
    outer loop
      vertex 49.46118400245905 6.039807997643948 0.6
      vertex 49.83443199843168 7.057535998523235 0.6
      vertex 49.466063998639584 6.371823996305466 0.6
    endloop
  endfacet
  facet normal 0 0 1
    outer loop
      vertex 49.379799999296665 6.34468799829483 0.6
      vertex 49.48070400208235 6.6908160001039505 0.6
      vertex 49.302784003317356 7.057535998523235 0.6
    endloop
  endfacet
  facet normal 0 0 1
    outer loop
      vertex 49.466063998639584 6.371823996305466 0.6
      vertex 49.83443199843168 7.057535998523235 0.6
      vertex 49.48070400208235 6.6908160001039505 0.6
    endloop
  endfacet
  facet normal 0 0 1
    outer loop
      vertex 49.48070400208235 6.6908160001039505 0.6
      vertex 49.83443199843168 7.057535998523235 0.6
      vertex 49.302784003317356 7.057535998523235 0.6
    endloop
  endfacet
  facet normal 0 0 1
    outer loop
      vertex 50.9891199991107 4.894047997891903 0.6
      vertex 51.598880000412464 6.47868800163269 0.6
      vertex 51.45564799755812 7.057535998523235 0.6
    endloop
  endfacet
  facet normal 0 0 1
    outer loop
      vertex 51.865791998803616 6.226432003080845 0.6
      vertex 51.92655999958515 7.057535998523235 0.6
      vertex 51.80503199994564 6.385920003056526 0.6
    endloop
  endfacet
  facet normal 0 0 1
    outer loop
      vertex 51.598880000412464 6.47868800163269 0.6
      vertex 51.666143998503685 6.684288002550602 0.6
      vertex 51.45564799755812 7.057535998523235 0.6
    endloop
  endfacet
  facet normal 0 0 1
    outer loop
      vertex 51.666143998503685 6.684288002550602 0.6
      vertex 51.68569599837065 6.745056003332138 0.6
      vertex 51.45564799755812 7.057535998523235 0.6
    endloop
  endfacet
  facet normal 0 0 1
    outer loop
      vertex 51.74428799748421 6.564928002655506 0.6
      vertex 51.80503199994564 6.385920003056526 0.6
      vertex 51.92655999958515 7.057535998523235 0.6
    endloop
  endfacet
  facet normal 0 0 1
    outer loop
      vertex 51.74428799748421 6.564928002655506 0.6
      vertex 51.92655999958515 7.057535998523235 0.6
      vertex 51.68569599837065 6.745056003332138 0.6
    endloop
  endfacet
  facet normal 0 0 1
    outer loop
      vertex 51.45564799755812 7.057535998523235 0.6
      vertex 51.68569599837065 6.745056003332138 0.6
      vertex 51.92655999958515 7.057535998523235 0.6
    endloop
  endfacet
  facet normal 0 1 0
    outer loop
      vertex 42.67084799706936 4 0.6
      vertex 42.67084799706936 4 1.2
      vertex 43.16995199769735 4 0.6
    endloop
  endfacet
  facet normal 0 1 0
    outer loop
      vertex 43.897119998931885 4 0.6
      vertex 43.897119998931885 4 1.2
      vertex 46.30579199641943 4 0.6
    endloop
  endfacet
  facet normal 0.8467303004617752 0.5320223663342657 0
    outer loop
      vertex 41.034688003361225 6.604000002145767 0.6
      vertex 41.034688003361225 6.604000002145767 1.2
      vertex 42.67084799706936 4 0.6
    endloop
  endfacet
  facet normal -0.8457902946031054 -0.5335154895175886 0
    outer loop
      vertex 41.16921599954367 7.057535998523235 0.6
      vertex 42.82275199890137 4.436159998178482 0.6
      vertex 42.82275199890137 4.436159998178482 1.2
    endloop
  endfacet
  facet normal 0.9985842322242998 0.053193337486995715 0
    outer loop
      vertex 42.82275199890137 4.436159998178482 0.6
      vertex 42.80321600288153 4.80290400236845 0.6
      vertex 42.80321600288153 4.80290400236845 1.2
    endloop
  endfacet
  facet normal 0.9996596835390908 0.026086722801544757 0
    outer loop
      vertex 42.80321600288153 4.80290400236845 0.6
      vertex 42.79670400172472 5.052447997033596 0.6
      vertex 42.79670400172472 5.052447997033596 1.2
    endloop
  endfacet
  facet normal -1 0 0
    outer loop
      vertex 43.16995199769735 4 0.6
      vertex 43.16995199769735 4 1.2
      vertex 43.16995199769735 7.057535998523235 0.6
    endloop
  endfacet
  facet normal 1 0 0
    outer loop
      vertex 43.897119998931885 4 0.6
      vertex 43.897119998931885 7.057535998523235 0.6
      vertex 43.897119998931885 7.057535998523235 1.2
    endloop
  endfacet
  facet normal 1 0 0
    outer loop
      vertex 42.79670400172472 5.052447997033596 0.6
      vertex 42.79670400172472 7.057535998523235 0.6
      vertex 42.79670400172472 7.057535998523235 1.2
    endloop
  endfacet
  facet normal 0 -1 0
    outer loop
      vertex 42.79670400172472 7.057535998523235 0.6
      vertex 43.16995199769735 7.057535998523235 0.6
      vertex 43.16995199769735 7.057535998523235 1.2
    endloop
  endfacet
  facet normal -1 0 0
    outer loop
      vertex 44.31158400326967 4.338527999818325 0.6
      vertex 44.31158400326967 4.338527999818325 1.2
      vertex 44.31158400326967 5.403999999165535 0.6
    endloop
  endfacet
  facet normal -1 0 0
    outer loop
      vertex 44.31158400326967 5.738176003098488 0.6
      vertex 44.31158400326967 5.738176003098488 1.2
      vertex 44.31158400326967 6.71900799870491 0.6
    endloop
  endfacet
  facet normal 0 1 0
    outer loop
      vertex 44.31158400326967 5.403999999165535 0.6
      vertex 44.31158400326967 5.403999999165535 1.2
      vertex 46.0866239964962 5.403999999165535 0.6
    endloop
  endfacet
  facet normal 0 -1 0
    outer loop
      vertex 44.31158400326967 4.338527999818325 0.6
      vertex 46.30579199641943 4.338527999818325 0.6
      vertex 46.30579199641943 4.338527999818325 1.2
    endloop
  endfacet
  facet normal -1 0 0
    outer loop
      vertex 46.30579199641943 4 0.6
      vertex 46.30579199641943 4 1.2
      vertex 46.30579199641943 4.338527999818325 0.6
    endloop
  endfacet
  facet normal 0 -1 0
    outer loop
      vertex 44.31158400326967 5.738176003098488 0.6
      vertex 46.0866239964962 5.738176003098488 0.6
      vertex 46.0866239964962 5.738176003098488 1.2
    endloop
  endfacet
  facet normal -1 0 0
    outer loop
      vertex 46.0866239964962 5.403999999165535 0.6
      vertex 46.0866239964962 5.403999999165535 1.2
      vertex 46.0866239964962 5.738176003098488 0.6
    endloop
  endfacet
  facet normal 0 1 0
    outer loop
      vertex 44.31158400326967 6.71900799870491 0.6
      vertex 44.31158400326967 6.71900799870491 1.2
      vertex 46.216831997036934 6.71900799870491 0.6
    endloop
  endfacet
  facet normal 0 -1 0
    outer loop
      vertex 43.897119998931885 7.057535998523235 0.6
      vertex 46.216831997036934 7.057535998523235 0.6
      vertex 46.216831997036934 7.057535998523235 1.2
    endloop
  endfacet
  facet normal -1 0 0
    outer loop
      vertex 46.216831997036934 6.71900799870491 0.6
      vertex 46.216831997036934 6.71900799870491 1.2
      vertex 46.216831997036934 7.057535998523235 0.6
    endloop
  endfacet
  facet normal 0 1 0
    outer loop
      vertex 46.861536003649235 4 0.6
      vertex 46.861536003649235 4 1.2
      vertex 47.230431996285915 4 0.6
    endloop
  endfacet
  facet normal 0 1 0
    outer loop
      vertex 48.20908799767494 4 0.6
      vertex 48.20908799767494 4 1.2
      vertex 48.499871999025345 4 0.6
    endloop
  endfacet
  facet normal 0 1 0
    outer loop
      vertex 49.46118400245905 4 0.6
      vertex 49.46118400245905 4 1.2
      vertex 49.83443199843168 4 0.6
    endloop
  endfacet
  facet normal 0 1 0
    outer loop
      vertex 50.20790400356054 4 0.6
      vertex 50.20790400356054 4 1.2
      vertex 50.63756799697876 4 0.6
    endloop
  endfacet
  facet normal -1 0 0
    outer loop
      vertex 47.230431996285915 4 0.6
      vertex 47.230431996285915 4 1.2
      vertex 47.230431996285915 6.039807997643948 0.6
    endloop
  endfacet
  facet normal 1 0 0
    outer loop
      vertex 46.861536003649235 4 0.6
      vertex 46.861536003649235 7.057535998523235 0.6
      vertex 46.861536003649235 7.057535998523235 1.2
    endloop
  endfacet
  facet normal 0.9334198649913177 0.35878594682566717 0
    outer loop
      vertex 47.40835200250149 6.083200000226498 0.6
      vertex 47.40835200250149 6.083200000226498 1.2
      vertex 48.20908799767494 4 0.6
    endloop
  endfacet
  facet normal -0.933590533774952 -0.3583416180766617 0
    outer loop
      vertex 48.21993599832058 4.937440000474453 0.6
      vertex 48.21993599832058 4.937440000474453 1.2
      vertex 47.40617600083351 7.057535998523235 0.6
    endloop
  endfacet
  facet normal -0.9741585175084622 -0.2258654085195769 0
    outer loop
      vertex 48.35664000362158 4.451360002160072 0.6
      vertex 48.35664000362158 4.451360002160072 1.2
      vertex 48.336832001805305 4.536792002618313 0.6
    endloop
  endfacet
  facet normal 0.9711086915136908 -0.2386376107543973 0
    outer loop
      vertex 48.35664000362158 4.451360002160072 0.6
      vertex 48.38350400328636 4.560680001974106 0.6
      vertex 48.38350400328636 4.560680001974106 1.2
    endloop
  endfacet
  facet normal -0.9607927837153631 -0.2772674282357803 0
    outer loop
      vertex 48.26251199841499 4.8047920018434525 0.6
      vertex 48.303456000983715 4.662912003695965 0.6
      vertex 48.303456000983715 4.662912003695965 1.2
    endloop
  endfacet
  facet normal -0.9521557411686112 -0.3056132270692038 0
    outer loop
      vertex 48.26251199841499 4.8047920018434525 0.6
      vertex 48.26251199841499 4.8047920018434525 1.2
      vertex 48.21993599832058 4.937440000474453 0.6
    endloop
  endfacet
  facet normal -0.9667217323611245 -0.2558302018540936 0
    outer loop
      vertex 48.336832001805305 4.536792002618313 0.6
      vertex 48.336832001805305 4.536792002618313 1.2
      vertex 48.303456000983715 4.662912003695965 0.6
    endloop
  endfacet
  facet normal 0.9586064024675959 -0.2847345520798862 0
    outer loop
      vertex 48.38350400328636 4.560680001974106 0.6
      vertex 48.42934399843216 4.715007998049259 0.6
      vertex 48.42934399843216 4.715007998049259 1.2
    endloop
  endfacet
  facet normal 0.9518639600602797 -0.30652080115118163 0
    outer loop
      vertex 48.42934399843216 4.715007998049259 0.6
      vertex 48.47572799772024 4.859048001468182 0.6
      vertex 48.47572799772024 4.859048001468182 1.2
    endloop
  endfacet
  facet normal 0.9398326025755313 -0.34163530136111997 0
    outer loop
      vertex 48.47572799772024 4.859048001468182 0.6
      vertex 48.5042240023613 4.937440000474453 0.6
      vertex 48.5042240023613 4.937440000474453 1.2
    endloop
  endfacet
  facet normal -0.9350408772393075 0.3545399242561358 0
    outer loop
      vertex 48.499871999025345 4 0.6
      vertex 48.499871999025345 4 1.2
      vertex 49.28976000100374 6.083200000226498 0.6
    endloop
  endfacet
  facet normal -0.9997748582439798 -0.021218690422124223 0
    outer loop
      vertex 47.230431996285915 6.039807997643948 0.6
      vertex 47.230431996285915 6.039807997643948 1.2
      vertex 47.22172799706459 6.4499199986457825 0.6
    endloop
  endfacet
  facet normal 0.9498060132133656 0.3128394752324776 0
    outer loop
      vertex 47.40835200250149 6.083200000226498 0.6
      vertex 47.28684800118208 6.452096000313759 0.6
      vertex 47.28684800118208 6.452096000313759 1.2
    endloop
  endfacet
  facet normal -0.9996366160673325 -0.02695618328792972 0
    outer loop
      vertex 47.22172799706459 6.4499199986457825 0.6
      vertex 47.22172799706459 6.4499199986457825 1.2
      vertex 47.215231999754906 6.6908160001039505 0.6
    endloop
  endfacet
  facet normal 0.9578262835755947 0.28734789105153397 0
    outer loop
      vertex 47.28684800118208 6.452096000313759 0.6
      vertex 47.215231999754906 6.6908160001039505 0.6
      vertex 47.215231999754906 6.6908160001039505 1.2
    endloop
  endfacet
  facet normal 0 -1 0
    outer loop
      vertex 46.861536003649235 7.057535998523235 0.6
      vertex 47.40617600083351 7.057535998523235 0.6
      vertex 47.40617600083351 7.057535998523235 1.2
    endloop
  endfacet
  facet normal 0.9358167855508176 -0.35248679958451645 0
    outer loop
      vertex 48.5042240023613 4.937440000474453 0.6
      vertex 49.302784003317356 7.057535998523235 0.6
      vertex 49.302784003317356 7.057535998523235 1.2
    endloop
  endfacet
  facet normal -1 0 0
    outer loop
      vertex 49.83443199843168 4 0.6
      vertex 49.83443199843168 4 1.2
      vertex 49.83443199843168 7.057535998523235 0.6
    endloop
  endfacet
  facet normal 1 0 0
    outer loop
      vertex 49.46118400245905 4 0.6
      vertex 49.46118400245905 6.039807997643948 0.6
      vertex 49.46118400245905 6.039807997643948 1.2
    endloop
  endfacet
  facet normal -0.9306384895965492 0.3659398880710513 0
    outer loop
      vertex 50.63756799697876 4 0.6
      vertex 50.63756799697876 4 1.2
      vertex 50.9891199991107 4.894047997891903 0.6
    endloop
  endfacet
  facet normal 0 1 0
    outer loop
      vertex 50.9891199991107 4.894047997891903 0.6
      vertex 50.9891199991107 4.894047997891903 1.2
      vertex 52.38223999738693 4.894047997891903 0.6
    endloop
  endfacet
  facet normal 0.925871997387263 -0.3778373253850393 0
    outer loop
      vertex 50.20790400356054 4 0.6
      vertex 51.45564799755812 7.057535998523235 0.6
      vertex 51.45564799755812 7.057535998523235 1.2
    endloop
  endfacet
  facet normal -0.9320442198867731 0.36234454898018864 0
    outer loop
      vertex 51.11497599631548 5.217376001179218 0.6
      vertex 51.11497599631548 5.217376001179218 1.2
      vertex 51.505567997694016 6.222079999744892 0.6
    endloop
  endfacet
  facet normal -0.9455158373565966 0.3255761067828134 0
    outer loop
      vertex 49.28976000100374 6.083200000226498 0.6
      vertex 49.28976000100374 6.083200000226498 1.2
      vertex 49.379799999296665 6.34468799829483 0.6
    endloop
  endfacet
  facet normal 0.999892000788112 -0.014696488014022914 0
    outer loop
      vertex 49.46118400245905 6.039807997643948 0.6
      vertex 49.466063998639584 6.371823996305466 0.6
      vertex 49.466063998639584 6.371823996305466 1.2
    endloop
  endfacet
  facet normal -0.9600372676395 0.2798721935871495 0
    outer loop
      vertex 49.379799999296665 6.34468799829483 0.6
      vertex 49.379799999296665 6.34468799829483 1.2
      vertex 49.48070400208235 6.6908160001039505 0.6
    endloop
  endfacet
  facet normal 0.9989485046408573 -0.045846320199064025 0
    outer loop
      vertex 49.466063998639584 6.371823996305466 0.6
      vertex 49.48070400208235 6.6908160001039505 0.6
      vertex 49.48070400208235 6.6908160001039505 1.2
    endloop
  endfacet
  facet normal 0 -1 0
    outer loop
      vertex 49.302784003317356 7.057535998523235 0.6
      vertex 49.83443199843168 7.057535998523235 0.6
      vertex 49.83443199843168 7.057535998523235 1.2
    endloop
  endfacet
  facet normal -0.939793421098354 0.3417430696594329 0
    outer loop
      vertex 51.505567997694016 6.222079999744892 0.6
      vertex 51.505567997694016 6.222079999744892 1.2
      vertex 51.598880000412464 6.47868800163269 0.6
    endloop
  endfacet
  facet normal 0.9344825391147619 0.3560089663051025 0
    outer loop
      vertex 51.865791998803616 6.226432003080845 0.6
      vertex 51.80503199994564 6.385920003056526 0.6
      vertex 51.80503199994564 6.385920003056526 1.2
    endloop
  endfacet
  facet normal -0.9504289297852005 0.3109418746765354 0
    outer loop
      vertex 51.598880000412464 6.47868800163269 0.6
      vertex 51.598880000412464 6.47868800163269 1.2
      vertex 51.666143998503685 6.684288002550602 0.6
    endloop
  endfacet
  facet normal 0.9469639791685105 0.32133973012582934 0
    outer loop
      vertex 51.74428799748421 6.564928002655506 0.6
      vertex 51.74428799748421 6.564928002655506 1.2
      vertex 51.80503199994564 6.385920003056526 0.6
    endloop
  endfacet
  facet normal -0.9519398565154186 0.30628501363502014 0
    outer loop
      vertex 51.666143998503685 6.684288002550602 0.6
      vertex 51.666143998503685 6.684288002550602 1.2
      vertex 51.68569599837065 6.745056003332138 0.6
    endloop
  endfacet
  facet normal 0.9509558258801187 0.3093267159891968 0
    outer loop
      vertex 51.74428799748421 6.564928002655506 0.6
      vertex 51.68569599837065 6.745056003332138 0.6
      vertex 51.74428799748421 6.564928002655506 1.2
    endloop
  endfacet
  facet normal 0 -1 0
    outer loop
      vertex 51.45564799755812 7.057535998523235 0.6
      vertex 51.92655999958515 7.057535998523235 0.6
      vertex 51.92655999958515 7.057535998523235 1.2
    endloop
  endfacet
  facet normal 0 0 1
    outer loop
      vertex 50.9891199991107 4.894047997891903 0.6
      vertex 52.38223999738693 4.894047997891903 0.6
      vertex 52.25856000185013 5.217376001179218 0.6
    endloop
  endfacet
  facet normal 0 0 1
    outer loop
      vertex 52.38223999738693 4.894047997891903 0.6
      vertex 52.731615997850895 4 0.6
      vertex 53.15478400141001 4 0.6
    endloop
  endfacet
  facet normal 0 0 1
    outer loop
      vertex 52.38223999738693 4.894047997891903 0.6
      vertex 53.15478400141001 4 0.6
      vertex 52.25856000185013 5.217376001179218 0.6
    endloop
  endfacet
  facet normal 0 0 1
    outer loop
      vertex 52.25856000185013 5.217376001179218 0.6
      vertex 53.15478400141001 4 0.6
      vertex 51.92655999958515 7.057535998523235 0.6
    endloop
  endfacet
  facet normal 0 0 1
    outer loop
      vertex 52.25856000185013 5.217376001179218 0.6
      vertex 51.92655999958515 7.057535998523235 0.6
      vertex 51.865791998803616 6.226432003080845 0.6
    endloop
  endfacet
  facet normal 0 0 1
    outer loop
      vertex 54.49177599698305 4 0.6
      vertex 55.27078399807215 4.3320000022649765 0.6
      vertex 54.49177599698305 4.3320000022649765 0.6
    endloop
  endfacet
  facet normal 0 0 1
    outer loop
      vertex 54.49177599698305 4 0.6
      vertex 55.663584001362324 4.3320000022649765 0.6
      vertex 55.27078399807215 4.3320000022649765 0.6
    endloop
  endfacet
  facet normal 0 0 1
    outer loop
      vertex 54.49177599698305 4 0.6
      vertex 56.40787199884653 4 0.6
      vertex 55.663584001362324 4.3320000022649765 0.6
    endloop
  endfacet
  facet normal 0 0 1
    outer loop
      vertex 55.27078399807215 4.3320000022649765 0.6
      vertex 55.663584001362324 4.3320000022649765 0.6
      vertex 55.27078399807215 6.684288002550602 0.6
    endloop
  endfacet
  facet normal 0 0 1
    outer loop
      vertex 55.663584001362324 4.3320000022649765 0.6
      vertex 55.663584001362324 7.057535998523235 0.6
      vertex 55.27078399807215 6.684288002550602 0.6
    endloop
  endfacet
  facet normal 0 0 1
    outer loop
      vertex 55.663584001362324 4.3320000022649765 0.6
      vertex 56.40787199884653 4 0.6
      vertex 56.40787199884653 4.3320000022649765 0.6
    endloop
  endfacet
  facet normal 0 0 1
    outer loop
      vertex 54.58073599636555 6.191711999475956 0.6
      vertex 55.27078399807215 6.684288002550602 0.6
      vertex 54.58073599636555 6.560607999563217 0.6
    endloop
  endfacet
  facet normal 0 0 1
    outer loop
      vertex 54.58073599636555 6.560607999563217 0.6
      vertex 55.27078399807215 6.684288002550602 0.6
      vertex 55.303360000252724 7.057535998523235 0.6
    endloop
  endfacet
  facet normal 0 0 1
    outer loop
      vertex 55.27078399807215 6.684288002550602 0.6
      vertex 55.663584001362324 7.057535998523235 0.6
      vertex 55.303360000252724 7.057535998523235 0.6
    endloop
  endfacet
  facet normal 0 0 1
    outer loop
      vertex 56.82249599695206 5.00688000023365 0.6
      vertex 57.907488003373146 5.354079999029636 0.6
      vertex 56.82249599695206 5.354079999029636 0.6
    endloop
  endfacet
  facet normal 0 0 1
    outer loop
      vertex 56.82249599695206 5.00688000023365 0.6
      vertex 57.907488003373146 5.00688000023365 0.6
      vertex 57.907488003373146 5.354079999029636 0.6
    endloop
  endfacet
  facet normal 0 0 1
    outer loop
      vertex 58.44358400255442 4 0.6
      vertex 59.22259200364351 4.3320000022649765 0.6
      vertex 58.44358400255442 4.3320000022649765 0.6
    endloop
  endfacet
  facet normal 0 0 1
    outer loop
      vertex 58.44358400255442 4 0.6
      vertex 59.61539199948311 4.3320000022649765 0.6
      vertex 59.22259200364351 4.3320000022649765 0.6
    endloop
  endfacet
  facet normal 0 0 1
    outer loop
      vertex 58.44358400255442 4 0.6
      vertex 60.359679996967316 4 0.6
      vertex 59.61539199948311 4.3320000022649765 0.6
    endloop
  endfacet
  facet normal 0 0 1
    outer loop
      vertex 59.22259200364351 4.3320000022649765 0.6
      vertex 59.61539199948311 4.3320000022649765 0.6
      vertex 59.22259200364351 6.684288002550602 0.6
    endloop
  endfacet
  facet normal 0 0 1
    outer loop
      vertex 59.22259200364351 6.684288002550602 0.6
      vertex 59.61539199948311 4.3320000022649765 0.6
      vertex 59.61539199948311 7.057535998523235 0.6
    endloop
  endfacet
  facet normal 0 0 1
    outer loop
      vertex 58.53254400193691 6.191711999475956 0.6
      vertex 59.22259200364351 6.684288002550602 0.6
      vertex 58.53254400193691 6.560607999563217 0.6
    endloop
  endfacet
  facet normal 0 0 1
    outer loop
      vertex 58.53254400193691 6.560607999563217 0.6
      vertex 59.22259200364351 6.684288002550602 0.6
      vertex 59.25516799837351 7.057535998523235 0.6
    endloop
  endfacet
  facet normal 0 0 1
    outer loop
      vertex 59.22259200364351 6.684288002550602 0.6
      vertex 59.61539199948311 7.057535998523235 0.6
      vertex 59.25516799837351 7.057535998523235 0.6
    endloop
  endfacet
  facet normal 0 0 1
    outer loop
      vertex 59.61539199948311 4.3320000022649765 0.6
      vertex 60.359679996967316 4 0.6
      vertex 60.359679996967316 4.3320000022649765 0.6
    endloop
  endfacet
  facet normal 0 0 1
    outer loop
      vertex 60.872504003345966 4.3716240003705025 0.6
      vertex 61.14972800016403 4.729120001196861 0.6
      vertex 60.754784002900124 4.683551996946335 0.6
    endloop
  endfacet
  facet normal 0 0 1
    outer loop
      vertex 61.08678399771452 4.143232002854347 0.6
      vertex 61.37052000313997 4.388967998325825 0.6
      vertex 60.872504003345966 4.3716240003705025 0.6
    endloop
  endfacet
  facet normal 0 0 1
    outer loop
      vertex 60.872504003345966 4.3716240003705025 0.6
      vertex 61.37052000313997 4.388967998325825 0.6
      vertex 61.14972800016403 4.729120001196861 0.6
    endloop
  endfacet
  facet normal 0 0 1
    outer loop
      vertex 61.08678399771452 4.143232002854347 0.6
      vertex 61.390575997531414 4.003264002501965 0.6
      vertex 61.37052000313997 4.388967998325825 0.6
    endloop
  endfacet
  facet normal 0 0 1
    outer loop
      vertex 61.390575997531414 4.003264002501965 0.6
      vertex 61.785535998642445 4.275583997368813 0.6
      vertex 61.37052000313997 4.388967998325825 0.6
    endloop
  endfacet
  facet normal 0 0 1
    outer loop
      vertex 61.390575997531414 4.003264002501965 0.6
      vertex 61.77683199942112 3.95660799741745 0.6
      vertex 61.785535998642445 4.275583997368813 0.6
    endloop
  endfacet
  facet normal 0 0 1
    outer loop
      vertex 61.77683199942112 3.95660799741745 0.6
      vertex 62.06599199771881 4.323048003017902 0.6
      vertex 61.785535998642445 4.275583997368813 0.6
    endloop
  endfacet
  facet normal 0 0 1
    outer loop
      vertex 61.77683199942112 3.95660799741745 0.6
      vertex 62.23117599636316 4.026047997176647 0.6
      vertex 62.06599199771881 4.323048003017902 0.6
    endloop
  endfacet
  facet normal 0 0 1
    outer loop
      vertex 62.23117599636316 4.026047997176647 0.6
      vertex 62.27811200171709 4.46543999761343 0.6
      vertex 62.06599199771881 4.323048003017902 0.6
    endloop
  endfacet
  facet normal 0 0 1
    outer loop
      vertex 60.84374400228262 5.412671998143196 0.6
      vertex 61.225663997232914 5.412671998143196 0.6
      vertex 61.24300800263882 5.75552000105381 0.6
    endloop
  endfacet
  facet normal 0 0 1
    outer loop
      vertex 61.225663997232914 5.412671998143196 0.6
      vertex 61.36236800253391 5.514664001762867 0.6
      vertex 61.24300800263882 5.75552000105381 0.6
    endloop
  endfacet
  facet normal 0 0 1
    outer loop
      vertex 60.84374400228262 5.412671998143196 0.6
      vertex 61.24300800263882 5.75552000105381 0.6
      vertex 60.94572799652815 7.057535998523235 0.6
    endloop
  endfacet
  facet normal 0 0 1
    outer loop
      vertex 61.36236800253391 5.514664001762867 0.6
      vertex 61.49907200038433 5.581919997930527 0.6
      vertex 61.24300800263882 5.75552000105381 0.6
    endloop
  endfacet
  facet normal 0 0 1
    outer loop
      vertex 61.24300800263882 5.75552000105381 0.6
      vertex 61.49907200038433 5.581919997930527 0.6
      vertex 61.52784000337124 5.901992000639439 0.6
    endloop
  endfacet
  facet normal 0 0 1
    outer loop
      vertex 61.49907200038433 5.581919997930527 0.6
      vertex 61.64122399687767 5.619359999895096 0.6
      vertex 61.52784000337124 5.901992000639439 0.6
    endloop
  endfacet
  facet normal 0 0 1
    outer loop
      vertex 61.64122399687767 5.619359999895096 0.6
      vertex 61.87449599802494 5.950815998017788 0.6
      vertex 61.52784000337124 5.901992000639439 0.6
    endloop
  endfacet
  facet normal 0 0 1
    outer loop
      vertex 61.64122399687767 5.619359999895096 0.6
      vertex 61.794207997620106 5.631839998066425 0.6
      vertex 61.87449599802494 5.950815998017788 0.6
    endloop
  endfacet
  facet normal 0 0 1
    outer loop
      vertex 61.794207997620106 5.631839998066425 0.6
      vertex 62.06681600213051 5.587352000176907 0.6
      vertex 61.87449599802494 5.950815998017788 0.6
    endloop
  endfacet
  facet normal 0 0 1
    outer loop
      vertex 62.06681600213051 5.587352000176907 0.6
      vertex 62.280015997588634 5.884631998836994 0.6
      vertex 61.87449599802494 5.950815998017788 0.6
    endloop
  endfacet
  facet normal 0 0 1
    outer loop
      vertex 62.2770240008831 5.45388799905777 0.6
      vertex 62.280015997588634 5.884631998836994 0.6
      vertex 62.06681600213051 5.587352000176907 0.6
    endloop
  endfacet
  facet normal 0 0 1
    outer loop
      vertex 61.24300800263882 5.75552000105381 0.6
      vertex 61.30160000175238 6.725536003708839 0.6
      vertex 60.94572799652815 7.057535998523235 0.6
    endloop
  endfacet
  facet normal 0 0 1
    outer loop
      vertex 61.30160000175238 6.725536003708839 0.6
      vertex 62.68390399962664 7.057535998523235 0.6
      vertex 60.94572799652815 7.057535998523235 0.6
    endloop
  endfacet
  facet normal 0 0 1
    outer loop
      vertex 61.30160000175238 6.725536003708839 0.6
      vertex 62.68390399962664 6.725536003708839 0.6
      vertex 62.68390399962664 7.057535998523235 0.6
    endloop
  endfacet
  facet normal 0 1 0
    outer loop
      vertex 52.731615997850895 4 0.6
      vertex 52.731615997850895 4 1.2
      vertex 53.15478400141001 4 0.6
    endloop
  endfacet
  facet normal 0 1 0
    outer loop
      vertex 54.49177599698305 4 0.6
      vertex 54.49177599698305 4 1.2
      vertex 56.40787199884653 4 0.6
    endloop
  endfacet
  facet normal 0.9314084399110212 0.36397571081394703 0
    outer loop
      vertex 52.38223999738693 4.894047997891903 0.6
      vertex 52.38223999738693 4.894047997891903 1.2
      vertex 52.731615997850895 4 0.6
    endloop
  endfacet
  facet normal -0.9279304972435147 -0.3727532592552391 0
    outer loop
      vertex 53.15478400141001 4 0.6
      vertex 53.15478400141001 4 1.2
      vertex 51.92655999958515 7.057535998523235 0.6
    endloop
  endfacet
  facet normal 0 -1 0
    outer loop
      vertex 51.11497599631548 5.217376001179218 0.6
      vertex 52.25856000185013 5.217376001179218 0.6
      vertex 52.25856000185013 5.217376001179218 1.2
    endloop
  endfacet
  facet normal 0.9318931495272237 0.36273290154634663 0
    outer loop
      vertex 52.25856000185013 5.217376001179218 0.6
      vertex 51.865791998803616 6.226432003080845 0.6
      vertex 51.865791998803616 6.226432003080845 1.2
    endloop
  endfacet
  facet normal 1 0 0
    outer loop
      vertex 54.49177599698305 4 0.6
      vertex 54.49177599698305 4.3320000022649765 0.6
      vertex 54.49177599698305 4.3320000022649765 1.2
    endloop
  endfacet
  facet normal 0 -1 0
    outer loop
      vertex 54.49177599698305 4.3320000022649765 0.6
      vertex 55.27078399807215 4.3320000022649765 0.6
      vertex 55.27078399807215 4.3320000022649765 1.2
    endloop
  endfacet
  facet normal -1 0 0
    outer loop
      vertex 55.663584001362324 4.3320000022649765 0.6
      vertex 55.663584001362324 4.3320000022649765 1.2
      vertex 55.663584001362324 7.057535998523235 0.6
    endloop
  endfacet
  facet normal 1 0 0
    outer loop
      vertex 55.27078399807215 4.3320000022649765 0.6
      vertex 55.27078399807215 6.684288002550602 0.6
      vertex 55.27078399807215 6.684288002550602 1.2
    endloop
  endfacet
  facet normal -1 0 0
    outer loop
      vertex 56.40787199884653 4 0.6
      vertex 56.40787199884653 4 1.2
      vertex 56.40787199884653 4.3320000022649765 0.6
    endloop
  endfacet
  facet normal 0 -1 0
    outer loop
      vertex 55.663584001362324 4.3320000022649765 0.6
      vertex 56.40787199884653 4.3320000022649765 0.6
      vertex 56.40787199884653 4.3320000022649765 1.2
    endloop
  endfacet
  facet normal 1 0 0
    outer loop
      vertex 56.82249599695206 5.00688000023365 0.6
      vertex 56.82249599695206 5.354079999029636 0.6
      vertex 56.82249599695206 5.354079999029636 1.2
    endloop
  endfacet
  facet normal 1 0 0
    outer loop
      vertex 54.58073599636555 6.191711999475956 0.6
      vertex 54.58073599636555 6.560607999563217 0.6
      vertex 54.58073599636555 6.560607999563217 1.2
    endloop
  endfacet
  facet normal -0.5809918130947029 0.8139094010496067 0
    outer loop
      vertex 54.58073599636555 6.191711999475956 0.6
      vertex 54.58073599636555 6.191711999475956 1.2
      vertex 55.27078399807215 6.684288002550602 0.6
    endloop
  endfacet
  facet normal 0.5666248274857252 -0.8239759128013222 0
    outer loop
      vertex 54.58073599636555 6.560607999563217 0.6
      vertex 55.303360000252724 7.057535998523235 0.6
      vertex 55.303360000252724 7.057535998523235 1.2
    endloop
  endfacet
  facet normal 0 -1 0
    outer loop
      vertex 55.303360000252724 7.057535998523235 0.6
      vertex 55.663584001362324 7.057535998523235 0.6
      vertex 55.663584001362324 7.057535998523235 1.2
    endloop
  endfacet
  facet normal 0 1 0
    outer loop
      vertex 58.44358400255442 4 0.6
      vertex 58.44358400255442 4 1.2
      vertex 60.359679996967316 4 0.6
    endloop
  endfacet
  facet normal 0.11991871136959006 0.9927837139394748 0
    outer loop
      vertex 61.390575997531414 4.003264002501965 0.6
      vertex 61.390575997531414 4.003264002501965 1.2
      vertex 61.77683199942112 3.95660799741745 0.6
    endloop
  endfacet
  facet normal -0.15108138591532894 0.9885213274532337 0
    outer loop
      vertex 61.77683199942112 3.95660799741745 0.6
      vertex 61.77683199942112 3.95660799741745 1.2
      vertex 62.23117599636316 4.026047997176647 0.6
    endloop
  endfacet
  facet normal 0 1 0
    outer loop
      vertex 56.82249599695206 5.00688000023365 0.6
      vertex 56.82249599695206 5.00688000023365 1.2
      vertex 57.907488003373146 5.00688000023365 0.6
    endloop
  endfacet
  facet normal 0 -1 0
    outer loop
      vertex 56.82249599695206 5.354079999029636 0.6
      vertex 57.907488003373146 5.354079999029636 0.6
      vertex 57.907488003373146 5.354079999029636 1.2
    endloop
  endfacet
  facet normal -1 0 0
    outer loop
      vertex 57.907488003373146 5.00688000023365 0.6
      vertex 57.907488003373146 5.00688000023365 1.2
      vertex 57.907488003373146 5.354079999029636 0.6
    endloop
  endfacet
  facet normal 1 0 0
    outer loop
      vertex 58.44358400255442 4 0.6
      vertex 58.44358400255442 4.3320000022649765 0.6
      vertex 58.44358400255442 4.3320000022649765 1.2
    endloop
  endfacet
  facet normal 0 -1 0
    outer loop
      vertex 58.44358400255442 4.3320000022649765 0.6
      vertex 59.22259200364351 4.3320000022649765 0.6
      vertex 59.22259200364351 4.3320000022649765 1.2
    endloop
  endfacet
  facet normal -1 0 0
    outer loop
      vertex 59.61539199948311 4.3320000022649765 0.6
      vertex 59.61539199948311 4.3320000022649765 1.2
      vertex 59.61539199948311 7.057535998523235 0.6
    endloop
  endfacet
  facet normal 1 0 0
    outer loop
      vertex 59.22259200364351 4.3320000022649765 0.6
      vertex 59.22259200364351 6.684288002550602 0.6
      vertex 59.22259200364351 6.684288002550602 1.2
    endloop
  endfacet
  facet normal 1 0 0
    outer loop
      vertex 58.53254400193691 6.191711999475956 0.6
      vertex 58.53254400193691 6.560607999563217 0.6
      vertex 58.53254400193691 6.560607999563217 1.2
    endloop
  endfacet
  facet normal -0.5809918130947029 0.8139094010496067 0
    outer loop
      vertex 58.53254400193691 6.191711999475956 0.6
      vertex 58.53254400193691 6.191711999475956 1.2
      vertex 59.22259200364351 6.684288002550602 0.6
    endloop
  endfacet
  facet normal 0.5666248314521787 -0.8239759100737047 0
    outer loop
      vertex 58.53254400193691 6.560607999563217 0.6
      vertex 59.25516799837351 7.057535998523235 0.6
      vertex 59.25516799837351 7.057535998523235 1.2
    endloop
  endfacet
  facet normal 0 -1 0
    outer loop
      vertex 59.25516799837351 7.057535998523235 0.6
      vertex 59.61539199948311 7.057535998523235 0.6
      vertex 59.61539199948311 7.057535998523235 1.2
    endloop
  endfacet
  facet normal 0 -1 0
    outer loop
      vertex 59.61539199948311 4.3320000022649765 0.6
      vertex 60.359679996967316 4.3320000022649765 0.6
      vertex 60.359679996967316 4.3320000022649765 1.2
    endloop
  endfacet
  facet normal -1 0 0
    outer loop
      vertex 60.359679996967316 4 0.6
      vertex 60.359679996967316 4 1.2
      vertex 60.359679996967316 4.3320000022649765 0.6
    endloop
  endfacet
  facet normal 0.7292782572171098 0.6842172341810568 0
    outer loop
      vertex 61.08678399771452 4.143232002854347 0.6
      vertex 60.872504003345966 4.3716240003705025 0.6
      vertex 60.872504003345966 4.3716240003705025 1.2
    endloop
  endfacet
  facet normal 0.9355905006280419 0.3530869795596687 0
    outer loop
      vertex 60.872504003345966 4.3716240003705025 0.6
      vertex 60.754784002900124 4.683551996946335 0.6
      vertex 60.754784002900124 4.683551996946335 1.2
    endloop
  endfacet
  facet normal 0.41845747039017706 0.9082363929477028 0
    outer loop
      vertex 61.08678399771452 4.143232002854347 0.6
      vertex 61.08678399771452 4.143232002854347 1.2
      vertex 61.390575997531414 4.003264002501965 0.6
    endloop
  endfacet
  facet normal -0.8387891438453213 -0.5444564006118697 0
    outer loop
      vertex 61.37052000313997 4.388967998325825 0.6
      vertex 61.37052000313997 4.388967998325825 1.2
      vertex 61.14972800016403 4.729120001196861 0.6
    endloop
  endfacet
  facet normal 0.11461800911509207 -0.993409639567934 0
    outer loop
      vertex 60.754784002900124 4.683551996946335 0.6
      vertex 61.14972800016403 4.729120001196861 0.6
      vertex 61.14972800016403 4.729120001196861 1.2
    endloop
  endfacet
  facet normal -0.2635453531320271 -0.9646470063409283 0
    outer loop
      vertex 61.37052000313997 4.388967998325825 0.6
      vertex 61.785535998642445 4.275583997368813 0.6
      vertex 61.785535998642445 4.275583997368813 1.2
    endloop
  endfacet
  facet normal 0.16686589515829 -0.9859796007185051 0
    outer loop
      vertex 61.785535998642445 4.275583997368813 0.6
      vertex 62.06599199771881 4.323048003017902 0.6
      vertex 62.06599199771881 4.323048003017902 1.2
    endloop
  endfacet
  facet normal 0.5573493712943075 -0.8302780728875357 0
    outer loop
      vertex 62.06599199771881 4.323048003017902 0.6
      vertex 62.27811200171709 4.46543999761343 0.6
      vertex 62.27811200171709 4.46543999761343 1.2
    endloop
  endfacet
  facet normal 0 1 0
    outer loop
      vertex 60.84374400228262 5.412671998143196 0.6
      vertex 60.84374400228262 5.412671998143196 1.2
      vertex 61.225663997232914 5.412671998143196 0.6
    endloop
  endfacet
  facet normal -0.5979868329973121 0.8015059248451284 0
    outer loop
      vertex 61.225663997232914 5.412671998143196 0.6
      vertex 61.225663997232914 5.412671998143196 1.2
      vertex 61.36236800253391 5.514664001762867 0.6
    endloop
  endfacet
  facet normal -0.4414492571604148 0.8972862159603913 0
    outer loop
      vertex 61.36236800253391 5.514664001762867 0.6
      vertex 61.36236800253391 5.514664001762867 1.2
      vertex 61.49907200038433 5.581919997930527 0.6
    endloop
  endfacet
  facet normal -0.9981807079728193 0.06029323536584504 0
    outer loop
      vertex 61.24300800263882 5.75552000105381 0.6
      vertex 61.24300800263882 5.75552000105381 1.2
      vertex 61.30160000175238 6.725536003708839 0.6
    endloop
  endfacet
  facet normal -0.25469422179685175 0.9670216405971979 0
    outer loop
      vertex 61.49907200038433 5.581919997930527 0.6
      vertex 61.49907200038433 5.581919997930527 1.2
      vertex 61.64122399687767 5.619359999895096 0.6
    endloop
  endfacet
  facet normal 0.457315840957678 -0.8893043470090382 0
    outer loop
      vertex 61.24300800263882 5.75552000105381 0.6
      vertex 61.52784000337124 5.901992000639439 0.6
      vertex 61.52784000337124 5.901992000639439 1.2
    endloop
  endfacet
  facet normal 0.5360041440629698 0.8442153502201455 0
    outer loop
      vertex 62.2770240008831 5.45388799905777 0.6
      vertex 62.06681600213051 5.587352000176907 0.6
      vertex 62.06681600213051 5.587352000176907 1.2
    endloop
  endfacet
  facet normal -0.08130705232201309 0.996689100593914 0
    outer loop
      vertex 61.64122399687767 5.619359999895096 0.6
      vertex 61.64122399687767 5.619359999895096 1.2
      vertex 61.794207997620106 5.631839998066425 0.6
    endloop
  endfacet
  facet normal 0.1610633759389633 0.9869440657560814 0
    outer loop
      vertex 61.794207997620106 5.631839998066425 0.6
      vertex 61.794207997620106 5.631839998066425 1.2
      vertex 62.06681600213051 5.587352000176907 0.6
    endloop
  endfacet
  facet normal 0.13946630741304453 -0.990226816995263 0
    outer loop
      vertex 61.52784000337124 5.901992000639439 0.6
      vertex 61.87449599802494 5.950815998017788 0.6
      vertex 61.87449599802494 5.950815998017788 1.2
    endloop
  endfacet
  facet normal -0.16107655109760508 -0.9869419155586111 0
    outer loop
      vertex 62.280015997588634 5.884631998836994 0.6
      vertex 62.280015997588634 5.884631998836994 1.2
      vertex 61.87449599802494 5.950815998017788 0.6
    endloop
  endfacet
  facet normal 0.9980834325073494 -0.0618826450173812 0
    outer loop
      vertex 60.84374400228262 5.412671998143196 0.6
      vertex 60.94572799652815 7.057535998523235 0.6
      vertex 60.94572799652815 7.057535998523235 1.2
    endloop
  endfacet
  facet normal 0 1 0
    outer loop
      vertex 61.30160000175238 6.725536003708839 0.6
      vertex 61.30160000175238 6.725536003708839 1.2
      vertex 62.68390399962664 6.725536003708839 0.6
    endloop
  endfacet
  facet normal 0 -1 0
    outer loop
      vertex 60.94572799652815 7.057535998523235 0.6
      vertex 62.68390399962664 7.057535998523235 0.6
      vertex 62.68390399962664 7.057535998523235 1.2
    endloop
  endfacet
  facet normal 0 0 1
    outer loop
      vertex 62.23117599636316 4.026047997176647 0.6
      vertex 62.57430399954319 4.234367996454239 0.6
      vertex 62.27811200171709 4.46543999761343 0.6
    endloop
  endfacet
  facet normal 0 0 1
    outer loop
      vertex 62.27811200171709 4.46543999761343 0.6
      vertex 62.57430399954319 4.234367996454239 0.6
      vertex 62.41157600283623 4.690863996744156 0.6
    endloop
  endfacet
  facet normal 0 0 1
    outer loop
      vertex 62.57430399954319 4.234367996454239 0.6
      vertex 62.78996799886227 4.563663996756077 0.6
      vertex 62.41157600283623 4.690863996744156 0.6
    endloop
  endfacet
  facet normal 0 0 1
    outer loop
      vertex 62.41157600283623 4.690863996744156 0.6
      vertex 62.78996799886227 4.563663996756077 0.6
      vertex 62.456064000725746 4.987360000610352 0.6
    endloop
  endfacet
  facet normal 0 0 1
    outer loop
      vertex 62.456064000725746 4.987360000610352 0.6
      vertex 62.78996799886227 4.563663996756077 0.6
      vertex 62.86185599863529 4.996031999588013 0.6
    endloop
  endfacet
  facet normal 0 0 1
    outer loop
      vertex 62.456064000725746 4.987360000610352 0.6
      vertex 62.86185599863529 4.996031999588013 0.6
      vertex 62.411303997039795 5.248296000063419 0.6
    endloop
  endfacet
  facet normal 0 0 1
    outer loop
      vertex 62.2770240008831 5.45388799905777 0.6
      vertex 62.411303997039795 5.248296000063419 0.6
      vertex 62.59385599941015 5.686080001294613 0.6
    endloop
  endfacet
  facet normal 0 0 1
    outer loop
      vertex 62.86185599863529 4.996031999588013 0.6
      vertex 62.79485599696636 5.38120000064373 0.6
      vertex 62.411303997039795 5.248296000063419 0.6
    endloop
  endfacet
  facet normal 0 0 1
    outer loop
      vertex 62.411303997039795 5.248296000063419 0.6
      vertex 62.79485599696636 5.38120000064373 0.6
      vertex 62.59385599941015 5.686080001294613 0.6
    endloop
  endfacet
  facet normal 0 0 1
    outer loop
      vertex 62.2770240008831 5.45388799905777 0.6
      vertex 62.59385599941015 5.686080001294613 0.6
      vertex 62.280015997588634 5.884631998836994 0.6
    endloop
  endfacet
  facet normal -0.5189640876840946 0.8547960433309313 0
    outer loop
      vertex 62.23117599636316 4.026047997176647 0.6
      vertex 62.23117599636316 4.026047997176647 1.2
      vertex 62.57430399954319 4.234367996454239 0.6
    endloop
  endfacet
  facet normal -0.8365562090300898 0.5478811085748483 0
    outer loop
      vertex 62.57430399954319 4.234367996454239 0.6
      vertex 62.57430399954319 4.234367996454239 1.2
      vertex 62.78996799886227 4.563663996756077 0.6
    endloop
  endfacet
  facet normal 0.8604933537708247 -0.5094616650114495 0
    outer loop
      vertex 62.27811200171709 4.46543999761343 0.6
      vertex 62.41157600283623 4.690863996744156 0.6
      vertex 62.41157600283623 4.690863996744156 1.2
    endloop
  endfacet
  facet normal 0.9889296987207542 -0.14838480713360927 0
    outer loop
      vertex 62.41157600283623 4.690863996744156 0.6
      vertex 62.456064000725746 4.987360000610352 0.6
      vertex 62.456064000725746 4.987360000610352 1.2
    endloop
  endfacet
  facet normal -0.9864579783662166 0.1640141973051014 0
    outer loop
      vertex 62.78996799886227 4.563663996756077 0.6
      vertex 62.78996799886227 4.563663996756077 1.2
      vertex 62.86185599863529 4.996031999588013 0.6
    endloop
  endfacet
  facet normal 0.9856045622430412 0.16906698934358255 0
    outer loop
      vertex 62.456064000725746 4.987360000610352 0.6
      vertex 62.411303997039795 5.248296000063419 0.6
      vertex 62.411303997039795 5.248296000063419 1.2
    endloop
  endfacet
  facet normal 0.8372409839100953 0.5468341017724256 0
    outer loop
      vertex 62.2770240008831 5.45388799905777 0.6
      vertex 62.2770240008831 5.45388799905777 1.2
      vertex 62.411303997039795 5.248296000063419 0.6
    endloop
  endfacet
  facet normal -0.9852055959061201 -0.17137658473451592 0
    outer loop
      vertex 62.86185599863529 4.996031999588013 0.6
      vertex 62.86185599863529 4.996031999588013 1.2
      vertex 62.79485599696636 5.38120000064373 0.6
    endloop
  endfacet
  facet normal -0.83488728064871 -0.5504209558247234 0
    outer loop
      vertex 62.79485599696636 5.38120000064373 0.6
      vertex 62.79485599696636 5.38120000064373 1.2
      vertex 62.59385599941015 5.686080001294613 0.6
    endloop
  endfacet
  facet normal -0.5346420196243905 -0.8450786418150401 0
    outer loop
      vertex 62.280015997588634 5.884631998836994 0.6
      vertex 62.59385599941015 5.686080001294613 0.6
      vertex 62.59385599941015 5.686080001294613 1.2
    endloop
  endfacet
  facet normal -1 0 0
    outer loop
      vertex 62.68390399962664 6.725536003708839 0.6
      vertex 62.68390399962664 6.725536003708839 1.2
      vertex 62.68390399962664 7.057535998523235 0.6
    endloop
  endfacet
  facet normal 0 1 0
    outer loop
      vertex 43.16995199769735 4 0.6
      vertex 42.67084799706936 4 1.2
      vertex 43.16995199769735 4 1.2
    endloop
  endfacet
  facet normal 0 1 0
    outer loop
      vertex 46.30579199641943 4 0.6
      vertex 43.897119998931885 4 1.2
      vertex 46.30579199641943 4 1.2
    endloop
  endfacet
  facet normal 0.8467303004617752 0.5320223663342657 0
    outer loop
      vertex 42.67084799706936 4 0.6
      vertex 41.034688003361225 6.604000002145767 1.2
      vertex 42.67084799706936 4 1.2
    endloop
  endfacet
  facet normal 1 0 0
    outer loop
      vertex 42.79670400172472 5.052447997033596 0.6
      vertex 42.79670400172472 7.057535998523235 1.2
      vertex 42.79670400172472 5.052447997033596 1.2
    endloop
  endfacet
  facet normal 0.9985842322242998 0.053193337486995715 0
    outer loop
      vertex 42.82275199890137 4.436159998178482 0.6
      vertex 42.80321600288153 4.80290400236845 1.2
      vertex 42.82275199890137 4.436159998178482 1.2
    endloop
  endfacet
  facet normal 0.9996596835390908 0.026086722801544757 0
    outer loop
      vertex 42.80321600288153 4.80290400236845 0.6
      vertex 42.79670400172472 5.052447997033596 1.2
      vertex 42.80321600288153 4.80290400236845 1.2
    endloop
  endfacet
  facet normal 1 0 0
    outer loop
      vertex 43.897119998931885 4 0.6
      vertex 43.897119998931885 7.057535998523235 1.2
      vertex 43.897119998931885 4 1.2
    endloop
  endfacet
  facet normal -1 0 0
    outer loop
      vertex 43.16995199769735 7.057535998523235 0.6
      vertex 43.16995199769735 4 1.2
      vertex 43.16995199769735 7.057535998523235 1.2
    endloop
  endfacet
  facet normal -0.8457902946031054 -0.5335154895175886 0
    outer loop
      vertex 41.16921599954367 7.057535998523235 0.6
      vertex 42.82275199890137 4.436159998178482 1.2
      vertex 41.16921599954367 7.057535998523235 1.2
    endloop
  endfacet
  facet normal 0 -1 0
    outer loop
      vertex 42.79670400172472 7.057535998523235 0.6
      vertex 43.16995199769735 7.057535998523235 1.2
      vertex 42.79670400172472 7.057535998523235 1.2
    endloop
  endfacet
  facet normal -1 0 0
    outer loop
      vertex 44.31158400326967 5.403999999165535 0.6
      vertex 44.31158400326967 4.338527999818325 1.2
      vertex 44.31158400326967 5.403999999165535 1.2
    endloop
  endfacet
  facet normal 0 -1 0
    outer loop
      vertex 44.31158400326967 4.338527999818325 0.6
      vertex 46.30579199641943 4.338527999818325 1.2
      vertex 44.31158400326967 4.338527999818325 1.2
    endloop
  endfacet
  facet normal 0 -1 0
    outer loop
      vertex 44.31158400326967 5.738176003098488 0.6
      vertex 46.0866239964962 5.738176003098488 1.2
      vertex 44.31158400326967 5.738176003098488 1.2
    endloop
  endfacet
  facet normal -1 0 0
    outer loop
      vertex 46.30579199641943 4.338527999818325 0.6
      vertex 46.30579199641943 4 1.2
      vertex 46.30579199641943 4.338527999818325 1.2
    endloop
  endfacet
  facet normal 0 1 0
    outer loop
      vertex 46.0866239964962 5.403999999165535 0.6
      vertex 44.31158400326967 5.403999999165535 1.2
      vertex 46.0866239964962 5.403999999165535 1.2
    endloop
  endfacet
  facet normal -1 0 0
    outer loop
      vertex 46.0866239964962 5.738176003098488 0.6
      vertex 46.0866239964962 5.403999999165535 1.2
      vertex 46.0866239964962 5.738176003098488 1.2
    endloop
  endfacet
  facet normal -1 0 0
    outer loop
      vertex 44.31158400326967 6.71900799870491 0.6
      vertex 44.31158400326967 5.738176003098488 1.2
      vertex 44.31158400326967 6.71900799870491 1.2
    endloop
  endfacet
  facet normal 0 -1 0
    outer loop
      vertex 43.897119998931885 7.057535998523235 0.6
      vertex 46.216831997036934 7.057535998523235 1.2
      vertex 43.897119998931885 7.057535998523235 1.2
    endloop
  endfacet
  facet normal 0 1 0
    outer loop
      vertex 46.216831997036934 6.71900799870491 0.6
      vertex 44.31158400326967 6.71900799870491 1.2
      vertex 46.216831997036934 6.71900799870491 1.2
    endloop
  endfacet
  facet normal -1 0 0
    outer loop
      vertex 46.216831997036934 7.057535998523235 0.6
      vertex 46.216831997036934 6.71900799870491 1.2
      vertex 46.216831997036934 7.057535998523235 1.2
    endloop
  endfacet
  facet normal 0 1 0
    outer loop
      vertex 47.230431996285915 4 0.6
      vertex 46.861536003649235 4 1.2
      vertex 47.230431996285915 4 1.2
    endloop
  endfacet
  facet normal 0 1 0
    outer loop
      vertex 48.499871999025345 4 0.6
      vertex 48.20908799767494 4 1.2
      vertex 48.499871999025345 4 1.2
    endloop
  endfacet
  facet normal 0 1 0
    outer loop
      vertex 49.83443199843168 4 0.6
      vertex 49.46118400245905 4 1.2
      vertex 49.83443199843168 4 1.2
    endloop
  endfacet
  facet normal 0 1 0
    outer loop
      vertex 50.63756799697876 4 0.6
      vertex 50.20790400356054 4 1.2
      vertex 50.63756799697876 4 1.2
    endloop
  endfacet
  facet normal 1 0 0
    outer loop
      vertex 46.861536003649235 4 0.6
      vertex 46.861536003649235 7.057535998523235 1.2
      vertex 46.861536003649235 4 1.2
    endloop
  endfacet
  facet normal 0.9334198649913177 0.35878594682566717 0
    outer loop
      vertex 48.20908799767494 4 0.6
      vertex 47.40835200250149 6.083200000226498 1.2
      vertex 48.20908799767494 4 1.2
    endloop
  endfacet
  facet normal -1 0 0
    outer loop
      vertex 47.230431996285915 6.039807997643948 0.6
      vertex 47.230431996285915 4 1.2
      vertex 47.230431996285915 6.039807997643948 1.2
    endloop
  endfacet
  facet normal 0.9711086915136908 -0.2386376107543973 0
    outer loop
      vertex 48.35664000362158 4.451360002160072 0.6
      vertex 48.38350400328636 4.560680001974106 1.2
      vertex 48.35664000362158 4.451360002160072 1.2
    endloop
  endfacet
  facet normal -0.9741585175084622 -0.2258654085195769 0
    outer loop
      vertex 48.336832001805305 4.536792002618313 0.6
      vertex 48.35664000362158 4.451360002160072 1.2
      vertex 48.336832001805305 4.536792002618313 1.2
    endloop
  endfacet
  facet normal -0.9607927837153631 -0.2772674282357803 0
    outer loop
      vertex 48.26251199841499 4.8047920018434525 0.6
      vertex 48.303456000983715 4.662912003695965 1.2
      vertex 48.26251199841499 4.8047920018434525 1.2
    endloop
  endfacet
  facet normal -0.9521557411686112 -0.3056132270692038 0
    outer loop
      vertex 48.21993599832058 4.937440000474453 0.6
      vertex 48.26251199841499 4.8047920018434525 1.2
      vertex 48.21993599832058 4.937440000474453 1.2
    endloop
  endfacet
  facet normal -0.9667217323611245 -0.2558302018540936 0
    outer loop
      vertex 48.303456000983715 4.662912003695965 0.6
      vertex 48.336832001805305 4.536792002618313 1.2
      vertex 48.303456000983715 4.662912003695965 1.2
    endloop
  endfacet
  facet normal 0.9586064024675959 -0.2847345520798862 0
    outer loop
      vertex 48.38350400328636 4.560680001974106 0.6
      vertex 48.42934399843216 4.715007998049259 1.2
      vertex 48.38350400328636 4.560680001974106 1.2
    endloop
  endfacet
  facet normal 0.9518639600602797 -0.30652080115118163 0
    outer loop
      vertex 48.42934399843216 4.715007998049259 0.6
      vertex 48.47572799772024 4.859048001468182 1.2
      vertex 48.42934399843216 4.715007998049259 1.2
    endloop
  endfacet
  facet normal 0.9398326025755313 -0.34163530136111997 0
    outer loop
      vertex 48.47572799772024 4.859048001468182 0.6
      vertex 48.5042240023613 4.937440000474453 1.2
      vertex 48.47572799772024 4.859048001468182 1.2
    endloop
  endfacet
  facet normal -0.9350408772393075 0.3545399242561358 0
    outer loop
      vertex 49.28976000100374 6.083200000226498 0.6
      vertex 48.499871999025345 4 1.2
      vertex 49.28976000100374 6.083200000226498 1.2
    endloop
  endfacet
  facet normal 0.9358167855508176 -0.35248679958451645 0
    outer loop
      vertex 48.5042240023613 4.937440000474453 0.6
      vertex 49.302784003317356 7.057535998523235 1.2
      vertex 48.5042240023613 4.937440000474453 1.2
    endloop
  endfacet
  facet normal -0.9997748582439798 -0.021218690422124223 0
    outer loop
      vertex 47.22172799706459 6.4499199986457825 0.6
      vertex 47.230431996285915 6.039807997643948 1.2
      vertex 47.22172799706459 6.4499199986457825 1.2
    endloop
  endfacet
  facet normal 0.9578262835755947 0.28734789105153397 0
    outer loop
      vertex 47.28684800118208 6.452096000313759 0.6
      vertex 47.215231999754906 6.6908160001039505 1.2
      vertex 47.28684800118208 6.452096000313759 1.2
    endloop
  endfacet
  facet normal -0.9996366160673325 -0.02695618328792972 0
    outer loop
      vertex 47.215231999754906 6.6908160001039505 0.6
      vertex 47.22172799706459 6.4499199986457825 1.2
      vertex 47.215231999754906 6.6908160001039505 1.2
    endloop
  endfacet
  facet normal 0 -1 0
    outer loop
      vertex 46.861536003649235 7.057535998523235 0.6
      vertex 47.40617600083351 7.057535998523235 1.2
      vertex 46.861536003649235 7.057535998523235 1.2
    endloop
  endfacet
  facet normal 0.9498060132133656 0.3128394752324776 0
    outer loop
      vertex 47.40835200250149 6.083200000226498 0.6
      vertex 47.28684800118208 6.452096000313759 1.2
      vertex 47.40835200250149 6.083200000226498 1.2
    endloop
  endfacet
  facet normal -0.933590533774952 -0.3583416180766617 0
    outer loop
      vertex 47.40617600083351 7.057535998523235 0.6
      vertex 48.21993599832058 4.937440000474453 1.2
      vertex 47.40617600083351 7.057535998523235 1.2
    endloop
  endfacet
  facet normal 1 0 0
    outer loop
      vertex 49.46118400245905 4 0.6
      vertex 49.46118400245905 6.039807997643948 1.2
      vertex 49.46118400245905 4 1.2
    endloop
  endfacet
  facet normal -1 0 0
    outer loop
      vertex 49.83443199843168 7.057535998523235 0.6
      vertex 49.83443199843168 4 1.2
      vertex 49.83443199843168 7.057535998523235 1.2
    endloop
  endfacet
  facet normal -0.9306384895965492 0.3659398880710513 0
    outer loop
      vertex 50.9891199991107 4.894047997891903 0.6
      vertex 50.63756799697876 4 1.2
      vertex 50.9891199991107 4.894047997891903 1.2
    endloop
  endfacet
  facet normal 0.925871997387263 -0.3778373253850393 0
    outer loop
      vertex 50.20790400356054 4 0.6
      vertex 51.45564799755812 7.057535998523235 1.2
      vertex 50.20790400356054 4 1.2
    endloop
  endfacet
  facet normal 0 -1 0
    outer loop
      vertex 51.11497599631548 5.217376001179218 0.6
      vertex 52.25856000185013 5.217376001179218 1.2
      vertex 51.11497599631548 5.217376001179218 1.2
    endloop
  endfacet
  facet normal -0.9320442198867731 0.36234454898018864 0
    outer loop
      vertex 51.505567997694016 6.222079999744892 0.6
      vertex 51.11497599631548 5.217376001179218 1.2
      vertex 51.505567997694016 6.222079999744892 1.2
    endloop
  endfacet
  facet normal -0.9455158373565966 0.3255761067828134 0
    outer loop
      vertex 49.379799999296665 6.34468799829483 0.6
      vertex 49.28976000100374 6.083200000226498 1.2
      vertex 49.379799999296665 6.34468799829483 1.2
    endloop
  endfacet
  facet normal 0.999892000788112 -0.014696488014022914 0
    outer loop
      vertex 49.46118400245905 6.039807997643948 0.6
      vertex 49.466063998639584 6.371823996305466 1.2
      vertex 49.46118400245905 6.039807997643948 1.2
    endloop
  endfacet
  facet normal 0.9989485046408573 -0.045846320199064025 0
    outer loop
      vertex 49.466063998639584 6.371823996305466 0.6
      vertex 49.48070400208235 6.6908160001039505 1.2
      vertex 49.466063998639584 6.371823996305466 1.2
    endloop
  endfacet
  facet normal -0.9600372676395 0.2798721935871495 0
    outer loop
      vertex 49.48070400208235 6.6908160001039505 0.6
      vertex 49.379799999296665 6.34468799829483 1.2
      vertex 49.48070400208235 6.6908160001039505 1.2
    endloop
  endfacet
  facet normal 0 -1 0
    outer loop
      vertex 49.302784003317356 7.057535998523235 0.6
      vertex 49.83443199843168 7.057535998523235 1.2
      vertex 49.302784003317356 7.057535998523235 1.2
    endloop
  endfacet
  facet normal 0.9344825391147619 0.3560089663051025 0
    outer loop
      vertex 51.865791998803616 6.226432003080845 0.6
      vertex 51.80503199994564 6.385920003056526 1.2
      vertex 51.865791998803616 6.226432003080845 1.2
    endloop
  endfacet
  facet normal -0.939793421098354 0.3417430696594329 0
    outer loop
      vertex 51.598880000412464 6.47868800163269 0.6
      vertex 51.505567997694016 6.222079999744892 1.2
      vertex 51.598880000412464 6.47868800163269 1.2
    endloop
  endfacet
  facet normal 0.9469639791685105 0.32133973012582934 0
    outer loop
      vertex 51.80503199994564 6.385920003056526 0.6
      vertex 51.74428799748421 6.564928002655506 1.2
      vertex 51.80503199994564 6.385920003056526 1.2
    endloop
  endfacet
  facet normal -0.9504289297852005 0.3109418746765354 0
    outer loop
      vertex 51.666143998503685 6.684288002550602 0.6
      vertex 51.598880000412464 6.47868800163269 1.2
      vertex 51.666143998503685 6.684288002550602 1.2
    endloop
  endfacet
  facet normal -0.9519398565154186 0.30628501363502014 0
    outer loop
      vertex 51.68569599837065 6.745056003332138 0.6
      vertex 51.666143998503685 6.684288002550602 1.2
      vertex 51.68569599837065 6.745056003332138 1.2
    endloop
  endfacet
  facet normal 0.9509558258801187 0.3093267159891968 0
    outer loop
      vertex 51.68569599837065 6.745056003332138 0.6
      vertex 51.68569599837065 6.745056003332138 1.2
      vertex 51.74428799748421 6.564928002655506 1.2
    endloop
  endfacet
  facet normal 0 -1 0
    outer loop
      vertex 51.45564799755812 7.057535998523235 0.6
      vertex 51.92655999958515 7.057535998523235 1.2
      vertex 51.45564799755812 7.057535998523235 1.2
    endloop
  endfacet
  facet normal 0 1 0
    outer loop
      vertex 53.15478400141001 4 0.6
      vertex 52.731615997850895 4 1.2
      vertex 53.15478400141001 4 1.2
    endloop
  endfacet
  facet normal 0 1 0
    outer loop
      vertex 56.40787199884653 4 0.6
      vertex 54.49177599698305 4 1.2
      vertex 56.40787199884653 4 1.2
    endloop
  endfacet
  facet normal 0 1 0
    outer loop
      vertex 52.38223999738693 4.894047997891903 0.6
      vertex 50.9891199991107 4.894047997891903 1.2
      vertex 52.38223999738693 4.894047997891903 1.2
    endloop
  endfacet
  facet normal 0.9314084399110212 0.36397571081394703 0
    outer loop
      vertex 52.731615997850895 4 0.6
      vertex 52.38223999738693 4.894047997891903 1.2
      vertex 52.731615997850895 4 1.2
    endloop
  endfacet
  facet normal 0.9318931495272237 0.36273290154634663 0
    outer loop
      vertex 52.25856000185013 5.217376001179218 0.6
      vertex 51.865791998803616 6.226432003080845 1.2
      vertex 52.25856000185013 5.217376001179218 1.2
    endloop
  endfacet
  facet normal -0.9279304972435147 -0.3727532592552391 0
    outer loop
      vertex 51.92655999958515 7.057535998523235 0.6
      vertex 53.15478400141001 4 1.2
      vertex 51.92655999958515 7.057535998523235 1.2
    endloop
  endfacet
  facet normal 1 0 0
    outer loop
      vertex 54.49177599698305 4 0.6
      vertex 54.49177599698305 4.3320000022649765 1.2
      vertex 54.49177599698305 4 1.2
    endloop
  endfacet
  facet normal 0 -1 0
    outer loop
      vertex 54.49177599698305 4.3320000022649765 0.6
      vertex 55.27078399807215 4.3320000022649765 1.2
      vertex 54.49177599698305 4.3320000022649765 1.2
    endloop
  endfacet
  facet normal 1 0 0
    outer loop
      vertex 55.27078399807215 4.3320000022649765 0.6
      vertex 55.27078399807215 6.684288002550602 1.2
      vertex 55.27078399807215 4.3320000022649765 1.2
    endloop
  endfacet
  facet normal 0 -1 0
    outer loop
      vertex 55.663584001362324 4.3320000022649765 0.6
      vertex 56.40787199884653 4.3320000022649765 1.2
      vertex 55.663584001362324 4.3320000022649765 1.2
    endloop
  endfacet
  facet normal -1 0 0
    outer loop
      vertex 56.40787199884653 4.3320000022649765 0.6
      vertex 56.40787199884653 4 1.2
      vertex 56.40787199884653 4.3320000022649765 1.2
    endloop
  endfacet
  facet normal 1 0 0
    outer loop
      vertex 56.82249599695206 5.00688000023365 0.6
      vertex 56.82249599695206 5.354079999029636 1.2
      vertex 56.82249599695206 5.00688000023365 1.2
    endloop
  endfacet
  facet normal 1 0 0
    outer loop
      vertex 54.58073599636555 6.191711999475956 0.6
      vertex 54.58073599636555 6.560607999563217 1.2
      vertex 54.58073599636555 6.191711999475956 1.2
    endloop
  endfacet
  facet normal -0.5809918130947029 0.8139094010496067 0
    outer loop
      vertex 55.27078399807215 6.684288002550602 0.6
      vertex 54.58073599636555 6.191711999475956 1.2
      vertex 55.27078399807215 6.684288002550602 1.2
    endloop
  endfacet
  facet normal 0.5666248274857252 -0.8239759128013222 0
    outer loop
      vertex 54.58073599636555 6.560607999563217 0.6
      vertex 55.303360000252724 7.057535998523235 1.2
      vertex 54.58073599636555 6.560607999563217 1.2
    endloop
  endfacet
  facet normal -1 0 0
    outer loop
      vertex 55.663584001362324 7.057535998523235 0.6
      vertex 55.663584001362324 4.3320000022649765 1.2
      vertex 55.663584001362324 7.057535998523235 1.2
    endloop
  endfacet
  facet normal 0 -1 0
    outer loop
      vertex 55.303360000252724 7.057535998523235 0.6
      vertex 55.663584001362324 7.057535998523235 1.2
      vertex 55.303360000252724 7.057535998523235 1.2
    endloop
  endfacet
  facet normal 0 1 0
    outer loop
      vertex 60.359679996967316 4 0.6
      vertex 58.44358400255442 4 1.2
      vertex 60.359679996967316 4 1.2
    endloop
  endfacet
  facet normal 0.41845747039017706 0.9082363929477028 0
    outer loop
      vertex 61.390575997531414 4.003264002501965 0.6
      vertex 61.08678399771452 4.143232002854347 1.2
      vertex 61.390575997531414 4.003264002501965 1.2
    endloop
  endfacet
  facet normal 0.11991871136959006 0.9927837139394748 0
    outer loop
      vertex 61.77683199942112 3.95660799741745 0.6
      vertex 61.390575997531414 4.003264002501965 1.2
      vertex 61.77683199942112 3.95660799741745 1.2
    endloop
  endfacet
  facet normal -0.15108138591532894 0.9885213274532337 0
    outer loop
      vertex 62.23117599636316 4.026047997176647 0.6
      vertex 61.77683199942112 3.95660799741745 1.2
      vertex 62.23117599636316 4.026047997176647 1.2
    endloop
  endfacet
  facet normal 0 1 0
    outer loop
      vertex 57.907488003373146 5.00688000023365 0.6
      vertex 56.82249599695206 5.00688000023365 1.2
      vertex 57.907488003373146 5.00688000023365 1.2
    endloop
  endfacet
  facet normal 0 -1 0
    outer loop
      vertex 56.82249599695206 5.354079999029636 0.6
      vertex 57.907488003373146 5.354079999029636 1.2
      vertex 56.82249599695206 5.354079999029636 1.2
    endloop
  endfacet
  facet normal -1 0 0
    outer loop
      vertex 57.907488003373146 5.354079999029636 0.6
      vertex 57.907488003373146 5.00688000023365 1.2
      vertex 57.907488003373146 5.354079999029636 1.2
    endloop
  endfacet
  facet normal 1 0 0
    outer loop
      vertex 58.44358400255442 4 0.6
      vertex 58.44358400255442 4.3320000022649765 1.2
      vertex 58.44358400255442 4 1.2
    endloop
  endfacet
  facet normal 0 -1 0
    outer loop
      vertex 58.44358400255442 4.3320000022649765 0.6
      vertex 59.22259200364351 4.3320000022649765 1.2
      vertex 58.44358400255442 4.3320000022649765 1.2
    endloop
  endfacet
  facet normal 1 0 0
    outer loop
      vertex 59.22259200364351 4.3320000022649765 0.6
      vertex 59.22259200364351 6.684288002550602 1.2
      vertex 59.22259200364351 4.3320000022649765 1.2
    endloop
  endfacet
  facet normal 1 0 0
    outer loop
      vertex 58.53254400193691 6.191711999475956 0.6
      vertex 58.53254400193691 6.560607999563217 1.2
      vertex 58.53254400193691 6.191711999475956 1.2
    endloop
  endfacet
  facet normal -0.5809918130947029 0.8139094010496067 0
    outer loop
      vertex 59.22259200364351 6.684288002550602 0.6
      vertex 58.53254400193691 6.191711999475956 1.2
      vertex 59.22259200364351 6.684288002550602 1.2
    endloop
  endfacet
  facet normal 0.5666248314521787 -0.8239759100737047 0
    outer loop
      vertex 58.53254400193691 6.560607999563217 0.6
      vertex 59.25516799837351 7.057535998523235 1.2
      vertex 58.53254400193691 6.560607999563217 1.2
    endloop
  endfacet
  facet normal -1 0 0
    outer loop
      vertex 59.61539199948311 7.057535998523235 0.6
      vertex 59.61539199948311 4.3320000022649765 1.2
      vertex 59.61539199948311 7.057535998523235 1.2
    endloop
  endfacet
  facet normal 0 -1 0
    outer loop
      vertex 59.25516799837351 7.057535998523235 0.6
      vertex 59.61539199948311 7.057535998523235 1.2
      vertex 59.25516799837351 7.057535998523235 1.2
    endloop
  endfacet
  facet normal 0 -1 0
    outer loop
      vertex 59.61539199948311 4.3320000022649765 0.6
      vertex 60.359679996967316 4.3320000022649765 1.2
      vertex 59.61539199948311 4.3320000022649765 1.2
    endloop
  endfacet
  facet normal -1 0 0
    outer loop
      vertex 60.359679996967316 4.3320000022649765 0.6
      vertex 60.359679996967316 4 1.2
      vertex 60.359679996967316 4.3320000022649765 1.2
    endloop
  endfacet
  facet normal 0.9355905006280419 0.3530869795596687 0
    outer loop
      vertex 60.872504003345966 4.3716240003705025 0.6
      vertex 60.754784002900124 4.683551996946335 1.2
      vertex 60.872504003345966 4.3716240003705025 1.2
    endloop
  endfacet
  facet normal 0.11461800911509207 -0.993409639567934 0
    outer loop
      vertex 60.754784002900124 4.683551996946335 0.6
      vertex 61.14972800016403 4.729120001196861 1.2
      vertex 60.754784002900124 4.683551996946335 1.2
    endloop
  endfacet
  facet normal 0.9980834325073494 -0.0618826450173812 0
    outer loop
      vertex 60.84374400228262 5.412671998143196 0.6
      vertex 60.94572799652815 7.057535998523235 1.2
      vertex 60.84374400228262 5.412671998143196 1.2
    endloop
  endfacet
  facet normal 0.7292782572171098 0.6842172341810568 0
    outer loop
      vertex 61.08678399771452 4.143232002854347 0.6
      vertex 60.872504003345966 4.3716240003705025 1.2
      vertex 61.08678399771452 4.143232002854347 1.2
    endloop
  endfacet
  facet normal -0.2635453531320271 -0.9646470063409283 0
    outer loop
      vertex 61.37052000313997 4.388967998325825 0.6
      vertex 61.785535998642445 4.275583997368813 1.2
      vertex 61.37052000313997 4.388967998325825 1.2
    endloop
  endfacet
  facet normal -0.8387891438453213 -0.5444564006118697 0
    outer loop
      vertex 61.14972800016403 4.729120001196861 0.6
      vertex 61.37052000313997 4.388967998325825 1.2
      vertex 61.14972800016403 4.729120001196861 1.2
    endloop
  endfacet
  facet normal 0.16686589515829 -0.9859796007185051 0
    outer loop
      vertex 61.785535998642445 4.275583997368813 0.6
      vertex 62.06599199771881 4.323048003017902 1.2
      vertex 61.785535998642445 4.275583997368813 1.2
    endloop
  endfacet
  facet normal 0.5573493712943075 -0.8302780728875357 0
    outer loop
      vertex 62.06599199771881 4.323048003017902 0.6
      vertex 62.27811200171709 4.46543999761343 1.2
      vertex 62.06599199771881 4.323048003017902 1.2
    endloop
  endfacet
  facet normal 0 1 0
    outer loop
      vertex 61.225663997232914 5.412671998143196 0.6
      vertex 60.84374400228262 5.412671998143196 1.2
      vertex 61.225663997232914 5.412671998143196 1.2
    endloop
  endfacet
  facet normal -0.5979868329973121 0.8015059248451284 0
    outer loop
      vertex 61.36236800253391 5.514664001762867 0.6
      vertex 61.225663997232914 5.412671998143196 1.2
      vertex 61.36236800253391 5.514664001762867 1.2
    endloop
  endfacet
  facet normal -0.4414492571604148 0.8972862159603913 0
    outer loop
      vertex 61.49907200038433 5.581919997930527 0.6
      vertex 61.36236800253391 5.514664001762867 1.2
      vertex 61.49907200038433 5.581919997930527 1.2
    endloop
  endfacet
  facet normal 0.457315840957678 -0.8893043470090382 0
    outer loop
      vertex 61.24300800263882 5.75552000105381 0.6
      vertex 61.52784000337124 5.901992000639439 1.2
      vertex 61.24300800263882 5.75552000105381 1.2
    endloop
  endfacet
  facet normal -0.25469422179685175 0.9670216405971979 0
    outer loop
      vertex 61.64122399687767 5.619359999895096 0.6
      vertex 61.49907200038433 5.581919997930527 1.2
      vertex 61.64122399687767 5.619359999895096 1.2
    endloop
  endfacet
  facet normal 0.5360041440629698 0.8442153502201455 0
    outer loop
      vertex 62.2770240008831 5.45388799905777 0.6
      vertex 62.06681600213051 5.587352000176907 1.2
      vertex 62.2770240008831 5.45388799905777 1.2
    endloop
  endfacet
  facet normal -0.08130705232201309 0.996689100593914 0
    outer loop
      vertex 61.794207997620106 5.631839998066425 0.6
      vertex 61.64122399687767 5.619359999895096 1.2
      vertex 61.794207997620106 5.631839998066425 1.2
    endloop
  endfacet
  facet normal 0.13946630741304453 -0.990226816995263 0
    outer loop
      vertex 61.52784000337124 5.901992000639439 0.6
      vertex 61.87449599802494 5.950815998017788 1.2
      vertex 61.52784000337124 5.901992000639439 1.2
    endloop
  endfacet
  facet normal 0.1610633759389633 0.9869440657560814 0
    outer loop
      vertex 62.06681600213051 5.587352000176907 0.6
      vertex 61.794207997620106 5.631839998066425 1.2
      vertex 62.06681600213051 5.587352000176907 1.2
    endloop
  endfacet
  facet normal -0.16107655109760508 -0.9869419155586111 0
    outer loop
      vertex 61.87449599802494 5.950815998017788 0.6
      vertex 62.280015997588634 5.884631998836994 1.2
      vertex 61.87449599802494 5.950815998017788 1.2
    endloop
  endfacet
  facet normal -0.9981807079728193 0.06029323536584504 0
    outer loop
      vertex 61.30160000175238 6.725536003708839 0.6
      vertex 61.24300800263882 5.75552000105381 1.2
      vertex 61.30160000175238 6.725536003708839 1.2
    endloop
  endfacet
  facet normal 0 -1 0
    outer loop
      vertex 60.94572799652815 7.057535998523235 0.6
      vertex 62.68390399962664 7.057535998523235 1.2
      vertex 60.94572799652815 7.057535998523235 1.2
    endloop
  endfacet
  facet normal 0 1 0
    outer loop
      vertex 62.68390399962664 6.725536003708839 0.6
      vertex 61.30160000175238 6.725536003708839 1.2
      vertex 62.68390399962664 6.725536003708839 1.2
    endloop
  endfacet
  facet normal -0.5189640876840946 0.8547960433309313 0
    outer loop
      vertex 62.57430399954319 4.234367996454239 0.6
      vertex 62.23117599636316 4.026047997176647 1.2
      vertex 62.57430399954319 4.234367996454239 1.2
    endloop
  endfacet
  facet normal 0.8604933537708247 -0.5094616650114495 0
    outer loop
      vertex 62.27811200171709 4.46543999761343 0.6
      vertex 62.41157600283623 4.690863996744156 1.2
      vertex 62.27811200171709 4.46543999761343 1.2
    endloop
  endfacet
  facet normal -0.8365562090300898 0.5478811085748483 0
    outer loop
      vertex 62.78996799886227 4.563663996756077 0.6
      vertex 62.57430399954319 4.234367996454239 1.2
      vertex 62.78996799886227 4.563663996756077 1.2
    endloop
  endfacet
  facet normal 0.9889296987207542 -0.14838480713360927 0
    outer loop
      vertex 62.41157600283623 4.690863996744156 0.6
      vertex 62.456064000725746 4.987360000610352 1.2
      vertex 62.41157600283623 4.690863996744156 1.2
    endloop
  endfacet
  facet normal 0.9856045622430412 0.16906698934358255 0
    outer loop
      vertex 62.456064000725746 4.987360000610352 0.6
      vertex 62.411303997039795 5.248296000063419 1.2
      vertex 62.456064000725746 4.987360000610352 1.2
    endloop
  endfacet
  facet normal -0.9864579783662166 0.1640141973051014 0
    outer loop
      vertex 62.86185599863529 4.996031999588013 0.6
      vertex 62.78996799886227 4.563663996756077 1.2
      vertex 62.86185599863529 4.996031999588013 1.2
    endloop
  endfacet
  facet normal 0.8372409839100953 0.5468341017724256 0
    outer loop
      vertex 62.411303997039795 5.248296000063419 0.6
      vertex 62.2770240008831 5.45388799905777 1.2
      vertex 62.411303997039795 5.248296000063419 1.2
    endloop
  endfacet
  facet normal -0.9852055959061201 -0.17137658473451592 0
    outer loop
      vertex 62.79485599696636 5.38120000064373 0.6
      vertex 62.86185599863529 4.996031999588013 1.2
      vertex 62.79485599696636 5.38120000064373 1.2
    endloop
  endfacet
  facet normal -0.83488728064871 -0.5504209558247234 0
    outer loop
      vertex 62.59385599941015 5.686080001294613 0.6
      vertex 62.79485599696636 5.38120000064373 1.2
      vertex 62.59385599941015 5.686080001294613 1.2
    endloop
  endfacet
  facet normal -0.5346420196243905 -0.8450786418150401 0
    outer loop
      vertex 62.280015997588634 5.884631998836994 0.6
      vertex 62.59385599941015 5.686080001294613 1.2
      vertex 62.280015997588634 5.884631998836994 1.2
    endloop
  endfacet
  facet normal -1 0 0
    outer loop
      vertex 62.68390399962664 7.057535998523235 0.6
      vertex 62.68390399962664 6.725536003708839 1.2
      vertex 62.68390399962664 7.057535998523235 1.2
    endloop
  endfacet
  facet normal 0.1564344604088496 0.9876883413286763 0
    outer loop
      vertex 7 16 0
      vertex 6.6909830048680305 16.048943482339382 0
      vertex 6.6909830048680305 16.048943482339382 1.2
    endloop
  endfacet
  facet normal 0 1 0
    outer loop
      vertex 39 16 0
      vertex 7 16 0
      vertex 7 16 1.2
    endloop
  endfacet
  facet normal 0.1564344604088496 0.9876883413286763 0
    outer loop
      vertex 7 16 0
      vertex 6.6909830048680305 16.048943482339382 1.2
      vertex 7 16 1.2
    endloop
  endfacet
  facet normal 0.809016995082469 0.587785251318653 0
    outer loop
      vertex 6.6909830048680305 16.048943482339382 0
      vertex 6 17 0
      vertex 6 17 1.2
    endloop
  endfacet
  facet normal 0.809016995082469 0.587785251318653 0
    outer loop
      vertex 6.6909830048680305 16.048943482339382 0
      vertex 6 17 1.2
      vertex 6.6909830048680305 16.048943482339382 1.2
    endloop
  endfacet
  facet normal 1 0 0
    outer loop
      vertex 6 53 1.2
      vertex 6 17 1.2
      vertex 6 17 0
    endloop
  endfacet
  facet normal -0.587785251318653 0.809016995082469 0
    outer loop
      vertex 39.95105651766062 16.69098300486803 0
      vertex 39 16 0
      vertex 39 16 1.2
    endloop
  endfacet
  facet normal 0 1 0
    outer loop
      vertex 7 16 1.2
      vertex 39 16 1.2
      vertex 39 16 0
    endloop
  endfacet
  facet normal -0.9876883413286763 0.1564344604088496 0
    outer loop
      vertex 40 17 0
      vertex 39.95105651766062 16.69098300486803 0
      vertex 39.95105651766062 16.69098300486803 1.2
    endloop
  endfacet
  facet normal -1 0 0
    outer loop
      vertex 40 53 0
      vertex 40 17 0
      vertex 40 17 1.2
    endloop
  endfacet
  facet normal -0.587785251318653 0.809016995082469 0
    outer loop
      vertex 39.95105651766062 16.69098300486803 0
      vertex 39 16 1.2
      vertex 39.95105651766062 16.69098300486803 1.2
    endloop
  endfacet
  facet normal -0.9876883413286763 0.1564344604088496 0
    outer loop
      vertex 40 17 0
      vertex 39.95105651766062 16.69098300486803 1.2
      vertex 40 17 1.2
    endloop
  endfacet
  facet normal 1 0 0
    outer loop
      vertex 6 17 0
      vertex 6 53 0
      vertex 6 53 1.2
    endloop
  endfacet
  facet normal 0.9876883413286763 -0.1564344604088496 0
    outer loop
      vertex 6 53 0
      vertex 6.048943482339382 53.30901699513197 0
      vertex 6.048943482339382 53.30901699513197 1.2
    endloop
  endfacet
  facet normal 0.587785251318653 -0.809016995082469 0
    outer loop
      vertex 6.048943482339382 53.30901699513197 0
      vertex 7 54 0
      vertex 7 54 1.2
    endloop
  endfacet
  facet normal 0.9876883413286763 -0.1564344604088496 0
    outer loop
      vertex 6 53 0
      vertex 6.048943482339382 53.30901699513197 1.2
      vertex 6 53 1.2
    endloop
  endfacet
  facet normal 0.587785251318653 -0.809016995082469 0
    outer loop
      vertex 6.048943482339382 53.30901699513197 0
      vertex 7 54 1.2
      vertex 6.048943482339382 53.30901699513197 1.2
    endloop
  endfacet
  facet normal 0 -1 0
    outer loop
      vertex 13.411724099944765 54 1.2
      vertex 7 54 1.2
      vertex 7 54 0
    endloop
  endfacet
  facet normal 0 -1 0
    outer loop
      vertex 13.411724099944765 54 1.2
      vertex 7 54 0
      vertex 39 54 1.2
    endloop
  endfacet
  facet normal -1 0 0
    outer loop
      vertex 40 17 1.2
      vertex 40 53 1.2
      vertex 40 53 0
    endloop
  endfacet
  facet normal 0 -1 0
    outer loop
      vertex 7 54 0
      vertex 39 54 0
      vertex 39 54 1.2
    endloop
  endfacet
  facet normal -0.809016995082469 -0.587785251318653 0
    outer loop
      vertex 39.30901699513197 53.95105651766062 0
      vertex 40 53 0
      vertex 40 53 1.2
    endloop
  endfacet
  facet normal -0.1564344604088496 -0.9876883413286763 0
    outer loop
      vertex 39 54 0
      vertex 39.30901699513197 53.95105651766062 0
      vertex 39.30901699513197 53.95105651766062 1.2
    endloop
  endfacet
  facet normal -0.809016995082469 -0.587785251318653 0
    outer loop
      vertex 39.30901699513197 53.95105651766062 0
      vertex 40 53 1.2
      vertex 39.30901699513197 53.95105651766062 1.2
    endloop
  endfacet
  facet normal -0.1564344604088496 -0.9876883413286763 0
    outer loop
      vertex 39 54 0
      vertex 39.30901699513197 53.95105651766062 1.2
      vertex 39 54 1.2
    endloop
  endfacet
  facet normal 0.1564344604088496 0.9876883413286763 0
    outer loop
      vertex 49 16 0
      vertex 48.69098300486803 16.048943482339382 0
      vertex 48.69098300486803 16.048943482339382 1.2
    endloop
  endfacet
  facet normal 0 1 0
    outer loop
      vertex 63 16 0
      vertex 49 16 0
      vertex 49 16 1.2
    endloop
  endfacet
  facet normal 0.1564344604088496 0.9876883413286763 0
    outer loop
      vertex 49 16 0
      vertex 48.69098300486803 16.048943482339382 1.2
      vertex 49 16 1.2
    endloop
  endfacet
  facet normal 0 1 0
    outer loop
      vertex 63 16 0
      vertex 49 16 1.2
      vertex 63 16 1.2
    endloop
  endfacet
  facet normal 0.809016995082469 0.587785251318653 0
    outer loop
      vertex 48.69098300486803 16.048943482339382 0
      vertex 48 17 0
      vertex 48 17 1.2
    endloop
  endfacet
  facet normal 0.809016995082469 0.587785251318653 0
    outer loop
      vertex 48.69098300486803 16.048943482339382 0
      vertex 48 17 1.2
      vertex 48.69098300486803 16.048943482339382 1.2
    endloop
  endfacet
  facet normal 1 0 0
    outer loop
      vertex 48 53 1.2
      vertex 48 17 1.2
      vertex 48 17 0
    endloop
  endfacet
  facet normal -0.587785251318653 0.809016995082469 0
    outer loop
      vertex 63.95105651766062 16.69098300486803 0
      vertex 63 16 0
      vertex 63 16 1.2
    endloop
  endfacet
  facet normal -0.9876883413286763 0.1564344604088496 0
    outer loop
      vertex 64 17 0
      vertex 63.95105651766062 16.69098300486803 0
      vertex 63.95105651766062 16.69098300486803 1.2
    endloop
  endfacet
  facet normal -1 0 0
    outer loop
      vertex 64 53 0
      vertex 64 17 0
      vertex 64 17 1.2
    endloop
  endfacet
  facet normal -0.587785251318653 0.809016995082469 0
    outer loop
      vertex 63.95105651766062 16.69098300486803 0
      vertex 63 16 1.2
      vertex 63.95105651766062 16.69098300486803 1.2
    endloop
  endfacet
  facet normal -0.9876883413286763 0.1564344604088496 0
    outer loop
      vertex 64 17 0
      vertex 63.95105651766062 16.69098300486803 1.2
      vertex 64 17 1.2
    endloop
  endfacet
  facet normal 1 0 0
    outer loop
      vertex 48 17 0
      vertex 48 53 0
      vertex 48 53 1.2
    endloop
  endfacet
  facet normal 0.9876883413286763 -0.1564344604088496 0
    outer loop
      vertex 48 53 0
      vertex 48.04894348233938 53.30901699513197 0
      vertex 48.04894348233938 53.30901699513197 1.2
    endloop
  endfacet
  facet normal 0.587785251318653 -0.809016995082469 0
    outer loop
      vertex 48.04894348233938 53.30901699513197 0
      vertex 49 54 0
      vertex 49 54 1.2
    endloop
  endfacet
  facet normal 0 -1 0
    outer loop
      vertex 49 54 0
      vertex 63 54 0
      vertex 63 54 1.2
    endloop
  endfacet
  facet normal 0.9876883413286763 -0.1564344604088496 0
    outer loop
      vertex 48 53 0
      vertex 48.04894348233938 53.30901699513197 1.2
      vertex 48 53 1.2
    endloop
  endfacet
  facet normal 0.587785251318653 -0.809016995082469 0
    outer loop
      vertex 48.04894348233938 53.30901699513197 0
      vertex 49 54 1.2
      vertex 48.04894348233938 53.30901699513197 1.2
    endloop
  endfacet
  facet normal 0 -1 0
    outer loop
      vertex 49 54 0
      vertex 63 54 1.2
      vertex 49 54 1.2
    endloop
  endfacet
  facet normal -1 0 0
    outer loop
      vertex 64 53 1.2
      vertex 64 53 0
      vertex 64 17 1.2
    endloop
  endfacet
  facet normal -0.1564344604088496 -0.9876883413286763 0
    outer loop
      vertex 63 54 0
      vertex 63.30901699513197 53.95105651766062 0
      vertex 63.30901699513197 53.95105651766062 1.2
    endloop
  endfacet
  facet normal -0.809016995082469 -0.587785251318653 0
    outer loop
      vertex 63.30901699513197 53.95105651766062 0
      vertex 64 53 0
      vertex 64 53 1.2
    endloop
  endfacet
  facet normal -0.809016995082469 -0.587785251318653 0
    outer loop
      vertex 63.30901699513197 53.95105651766062 0
      vertex 64 53 1.2
      vertex 63.30901699513197 53.95105651766062 1.2
    endloop
  endfacet
  facet normal -0.1564344604088496 -0.9876883413286763 0
    outer loop
      vertex 63 54 0
      vertex 63.30901699513197 53.95105651766062 1.2
      vertex 63 54 1.2
    endloop
  endfacet
  facet normal 0.9987954562051732 -0.049067674327402985 0
    outer loop
      vertex 72 18.5 0
      vertex 72.0120381833195 18.7450428508239 0
      vertex 72.0120381833195 18.7450428508239 1.2
    endloop
  endfacet
  facet normal 0.9891765099647751 -0.14673047445540133 0
    outer loop
      vertex 72.0120381833195 18.7450428508239 0
      vertex 72.04803679899193 18.98772580504032 0
      vertex 72.04803679899193 18.98772580504032 1.2
    endloop
  endfacet
  facet normal 0.9700312531945464 -0.24298017990325432 0
    outer loop
      vertex 72.04803679899193 18.98772580504032 0
      vertex 72.10764916066948 19.225711693136155 0
      vertex 72.10764916066948 19.225711693136155 1.2
    endloop
  endfacet
  facet normal 0.9415440651830194 -0.33688985339222377 0
    outer loop
      vertex 72.10764916066948 19.225711693136155 0
      vertex 72.19030116872179 19.456708580912725 0
      vertex 72.19030116872179 19.456708580912725 1.2
    endloop
  endfacet
  facet normal 0.9039892931234403 -0.4275550934302886 0
    outer loop
      vertex 72.19030116872179 19.456708580912725 0
      vertex 72.29519683912912 19.678491842064993 0
      vertex 72.29519683912912 19.678491842064993 1.2
    endloop
  endfacet
  facet normal 0.8577286100002814 -0.5141027441932061 0
    outer loop
      vertex 72.29519683912912 19.678491842064993 0
      vertex 72.42132596924364 19.888925582549007 0
      vertex 72.42132596924364 19.888925582549007 1.2
    endloop
  endfacet
  facet normal 0.8032075314806424 -0.5956993044924369 0
    outer loop
      vertex 72.42132596924364 19.888925582549007 0
      vertex 72.56747386659316 20.085983210409115 0
      vertex 72.56747386659316 20.085983210409115 1.2
    endloop
  endfacet
  facet normal 0.7409511253549651 -0.6715589548470118 0
    outer loop
      vertex 72.56747386659316 20.085983210409115 0
      vertex 72.73223304703363 20.26776695296637 0
      vertex 72.73223304703363 20.26776695296637 1.2
    endloop
  endfacet
  facet normal -0.7409511253549651 -0.6715589548470118 0
    outer loop
      vertex 76.26776695296637 20.26776695296637 0
      vertex 76.43252613340684 20.085983210409115 0
      vertex 76.43252613340684 20.085983210409115 1.2
    endloop
  endfacet
  facet normal -0.9987954562051732 -0.049067674327402985 0
    outer loop
      vertex 76.9879618166805 18.7450428508239 0
      vertex 77 18.5 0
      vertex 77 18.5 1.2
    endloop
  endfacet
  facet normal -0.9891765099647751 -0.14673047445540133 0
    outer loop
      vertex 76.95196320100807 18.98772580504032 0
      vertex 76.9879618166805 18.7450428508239 0
      vertex 76.9879618166805 18.7450428508239 1.2
    endloop
  endfacet
  facet normal -0.9700312531945464 -0.24298017990325432 0
    outer loop
      vertex 76.89235083933052 19.225711693136155 0
      vertex 76.95196320100807 18.98772580504032 0
      vertex 76.95196320100807 18.98772580504032 1.2
    endloop
  endfacet
  facet normal -0.9039892931234403 -0.4275550934302886 0
    outer loop
      vertex 76.70480316087088 19.678491842064993 0
      vertex 76.80969883127821 19.456708580912725 0
      vertex 76.80969883127821 19.456708580912725 1.2
    endloop
  endfacet
  facet normal -0.8577286100002814 -0.5141027441932061 0
    outer loop
      vertex 76.57867403075636 19.888925582549007 0
      vertex 76.70480316087088 19.678491842064993 0
      vertex 76.70480316087088 19.678491842064993 1.2
    endloop
  endfacet
  facet normal -0.9415440651830194 -0.33688985339222377 0
    outer loop
      vertex 76.80969883127821 19.456708580912725 0
      vertex 76.89235083933052 19.225711693136155 0
      vertex 76.89235083933052 19.225711693136155 1.2
    endloop
  endfacet
  facet normal -0.8032075314806424 -0.5956993044924369 0
    outer loop
      vertex 76.43252613340684 20.085983210409115 0
      vertex 76.57867403075636 19.888925582549007 0
      vertex 76.57867403075636 19.888925582549007 1.2
    endloop
  endfacet
  facet normal 0.6715589548470123 -0.7409511253549644 0
    outer loop
      vertex 72.91401678959089 20.432526133406842 0
      vertex 72.91401678959089 20.432526133406842 1.2
      vertex 72.73223304703363 20.26776695296637 0
    endloop
  endfacet
  facet normal 0.5956993044924437 -0.8032075314806372 0
    outer loop
      vertex 73.111074417451 20.578674030756364 0
      vertex 73.111074417451 20.578674030756364 1.2
      vertex 72.91401678959089 20.432526133406842 0
    endloop
  endfacet
  facet normal 0.5141027441932295 -0.8577286100002675 0
    outer loop
      vertex 73.321508157935 20.70480316087089 0
      vertex 73.321508157935 20.70480316087089 1.2
      vertex 73.111074417451 20.578674030756364 0
    endloop
  endfacet
  facet normal 0.42755509343026615 -0.9039892931234508 0
    outer loop
      vertex 73.54329141908728 20.80969883127822 0
      vertex 73.54329141908728 20.80969883127822 1.2
      vertex 73.321508157935 20.70480316087089 0
    endloop
  endfacet
  facet normal 0.3368898533922293 -0.9415440651830175 0
    outer loop
      vertex 73.77428830686384 20.892350839330522 0
      vertex 73.77428830686384 20.892350839330522 1.2
      vertex 73.54329141908728 20.80969883127822 0
    endloop
  endfacet
  facet normal 0.24298017990326792 -0.9700312531945429 0
    outer loop
      vertex 74.01227419495967 20.951963201008077 0
      vertex 74.01227419495967 20.951963201008077 1.2
      vertex 73.77428830686384 20.892350839330522 0
    endloop
  endfacet
  facet normal 0.1467304744553588 -0.9891765099647816 0
    outer loop
      vertex 74.2549571491761 20.987961816680492 0
      vertex 74.2549571491761 20.987961816680492 1.2
      vertex 74.01227419495967 20.951963201008077 0
    endloop
  endfacet
  facet normal 0.04906767432741602 -0.9987954562051724 0
    outer loop
      vertex 74.5 21 0
      vertex 74.5 21 1.2
      vertex 74.2549571491761 20.987961816680492 0
    endloop
  endfacet
  facet normal -0.04906767432741602 -0.9987954562051724 0
    outer loop
      vertex 74.7450428508239 20.987961816680492 0
      vertex 74.7450428508239 20.987961816680492 1.2
      vertex 74.5 21 0
    endloop
  endfacet
  facet normal -0.1467304744553588 -0.9891765099647816 0
    outer loop
      vertex 74.98772580504033 20.951963201008077 0
      vertex 74.98772580504033 20.951963201008077 1.2
      vertex 74.7450428508239 20.987961816680492 0
    endloop
  endfacet
  facet normal -0.24298017990326792 -0.9700312531945429 0
    outer loop
      vertex 75.22571169313616 20.892350839330522 0
      vertex 75.22571169313616 20.892350839330522 1.2
      vertex 74.98772580504033 20.951963201008077 0
    endloop
  endfacet
  facet normal -0.42755509343026615 -0.9039892931234508 0
    outer loop
      vertex 75.678491842065 20.70480316087089 0
      vertex 75.678491842065 20.70480316087089 1.2
      vertex 75.45670858091272 20.80969883127822 0
    endloop
  endfacet
  facet normal -0.5141027441932295 -0.8577286100002675 0
    outer loop
      vertex 75.888925582549 20.578674030756364 0
      vertex 75.888925582549 20.578674030756364 1.2
      vertex 75.678491842065 20.70480316087089 0
    endloop
  endfacet
  facet normal -0.3368898533922293 -0.9415440651830175 0
    outer loop
      vertex 75.45670858091272 20.80969883127822 0
      vertex 75.45670858091272 20.80969883127822 1.2
      vertex 75.22571169313616 20.892350839330522 0
    endloop
  endfacet
  facet normal -0.5956993044924437 -0.8032075314806372 0
    outer loop
      vertex 76.08598321040911 20.432526133406842 0
      vertex 76.08598321040911 20.432526133406842 1.2
      vertex 75.888925582549 20.578674030756364 0
    endloop
  endfacet
  facet normal -0.6715589548470123 -0.7409511253549644 0
    outer loop
      vertex 76.26776695296637 20.26776695296637 0
      vertex 76.26776695296637 20.26776695296637 1.2
      vertex 76.08598321040911 20.432526133406842 0
    endloop
  endfacet
  facet normal 0.9987954562051732 -0.049067674327402985 0
    outer loop
      vertex 72 18.5 0
      vertex 72.0120381833195 18.7450428508239 1.2
      vertex 72 18.5 1.2
    endloop
  endfacet
  facet normal 0.9891765099647751 -0.14673047445540133 0
    outer loop
      vertex 72.0120381833195 18.7450428508239 0
      vertex 72.04803679899193 18.98772580504032 1.2
      vertex 72.0120381833195 18.7450428508239 1.2
    endloop
  endfacet
  facet normal 0.9700312531945464 -0.24298017990325432 0
    outer loop
      vertex 72.04803679899193 18.98772580504032 0
      vertex 72.10764916066948 19.225711693136155 1.2
      vertex 72.04803679899193 18.98772580504032 1.2
    endloop
  endfacet
  facet normal 0.9415440651830194 -0.33688985339222377 0
    outer loop
      vertex 72.10764916066948 19.225711693136155 0
      vertex 72.19030116872179 19.456708580912725 1.2
      vertex 72.10764916066948 19.225711693136155 1.2
    endloop
  endfacet
  facet normal 0.9039892931234403 -0.4275550934302886 0
    outer loop
      vertex 72.19030116872179 19.456708580912725 0
      vertex 72.29519683912912 19.678491842064993 1.2
      vertex 72.19030116872179 19.456708580912725 1.2
    endloop
  endfacet
  facet normal 0.8577286100002814 -0.5141027441932061 0
    outer loop
      vertex 72.29519683912912 19.678491842064993 0
      vertex 72.42132596924364 19.888925582549007 1.2
      vertex 72.29519683912912 19.678491842064993 1.2
    endloop
  endfacet
  facet normal 0.8032075314806424 -0.5956993044924369 0
    outer loop
      vertex 72.42132596924364 19.888925582549007 0
      vertex 72.56747386659316 20.085983210409115 1.2
      vertex 72.42132596924364 19.888925582549007 1.2
    endloop
  endfacet
  facet normal 0.7409511253549651 -0.6715589548470118 0
    outer loop
      vertex 72.56747386659316 20.085983210409115 0
      vertex 72.73223304703363 20.26776695296637 1.2
      vertex 72.56747386659316 20.085983210409115 1.2
    endloop
  endfacet
  facet normal -0.8032075314806424 -0.5956993044924369 0
    outer loop
      vertex 76.43252613340684 20.085983210409115 0
      vertex 76.57867403075636 19.888925582549007 1.2
      vertex 76.43252613340684 20.085983210409115 1.2
    endloop
  endfacet
  facet normal -0.7409511253549651 -0.6715589548470118 0
    outer loop
      vertex 76.26776695296637 20.26776695296637 0
      vertex 76.43252613340684 20.085983210409115 1.2
      vertex 76.26776695296637 20.26776695296637 1.2
    endloop
  endfacet
  facet normal -0.9987954562051732 -0.049067674327402985 0
    outer loop
      vertex 76.9879618166805 18.7450428508239 0
      vertex 77 18.5 1.2
      vertex 76.9879618166805 18.7450428508239 1.2
    endloop
  endfacet
  facet normal -0.9891765099647751 -0.14673047445540133 0
    outer loop
      vertex 76.95196320100807 18.98772580504032 0
      vertex 76.9879618166805 18.7450428508239 1.2
      vertex 76.95196320100807 18.98772580504032 1.2
    endloop
  endfacet
  facet normal -0.9700312531945464 -0.24298017990325432 0
    outer loop
      vertex 76.89235083933052 19.225711693136155 0
      vertex 76.95196320100807 18.98772580504032 1.2
      vertex 76.89235083933052 19.225711693136155 1.2
    endloop
  endfacet
  facet normal -0.9415440651830194 -0.33688985339222377 0
    outer loop
      vertex 76.80969883127821 19.456708580912725 0
      vertex 76.89235083933052 19.225711693136155 1.2
      vertex 76.80969883127821 19.456708580912725 1.2
    endloop
  endfacet
  facet normal -0.9039892931234403 -0.4275550934302886 0
    outer loop
      vertex 76.70480316087088 19.678491842064993 0
      vertex 76.80969883127821 19.456708580912725 1.2
      vertex 76.70480316087088 19.678491842064993 1.2
    endloop
  endfacet
  facet normal -0.8577286100002814 -0.5141027441932061 0
    outer loop
      vertex 76.57867403075636 19.888925582549007 0
      vertex 76.70480316087088 19.678491842064993 1.2
      vertex 76.57867403075636 19.888925582549007 1.2
    endloop
  endfacet
  facet normal 0.6715589548470123 -0.7409511253549644 0
    outer loop
      vertex 72.73223304703363 20.26776695296637 0
      vertex 72.91401678959089 20.432526133406842 1.2
      vertex 72.73223304703363 20.26776695296637 1.2
    endloop
  endfacet
  facet normal 0.5956993044924437 -0.8032075314806372 0
    outer loop
      vertex 72.91401678959089 20.432526133406842 0
      vertex 73.111074417451 20.578674030756364 1.2
      vertex 72.91401678959089 20.432526133406842 1.2
    endloop
  endfacet
  facet normal 0.5141027441932295 -0.8577286100002675 0
    outer loop
      vertex 73.111074417451 20.578674030756364 0
      vertex 73.321508157935 20.70480316087089 1.2
      vertex 73.111074417451 20.578674030756364 1.2
    endloop
  endfacet
  facet normal 0.42755509343026615 -0.9039892931234508 0
    outer loop
      vertex 73.321508157935 20.70480316087089 0
      vertex 73.54329141908728 20.80969883127822 1.2
      vertex 73.321508157935 20.70480316087089 1.2
    endloop
  endfacet
  facet normal 0.3368898533922293 -0.9415440651830175 0
    outer loop
      vertex 73.54329141908728 20.80969883127822 0
      vertex 73.77428830686384 20.892350839330522 1.2
      vertex 73.54329141908728 20.80969883127822 1.2
    endloop
  endfacet
  facet normal 0.24298017990326792 -0.9700312531945429 0
    outer loop
      vertex 73.77428830686384 20.892350839330522 0
      vertex 74.01227419495967 20.951963201008077 1.2
      vertex 73.77428830686384 20.892350839330522 1.2
    endloop
  endfacet
  facet normal 0.1467304744553588 -0.9891765099647816 0
    outer loop
      vertex 74.01227419495967 20.951963201008077 0
      vertex 74.2549571491761 20.987961816680492 1.2
      vertex 74.01227419495967 20.951963201008077 1.2
    endloop
  endfacet
  facet normal 0.04906767432741602 -0.9987954562051724 0
    outer loop
      vertex 74.2549571491761 20.987961816680492 0
      vertex 74.5 21 1.2
      vertex 74.2549571491761 20.987961816680492 1.2
    endloop
  endfacet
  facet normal -0.04906767432741602 -0.9987954562051724 0
    outer loop
      vertex 74.5 21 0
      vertex 74.7450428508239 20.987961816680492 1.2
      vertex 74.5 21 1.2
    endloop
  endfacet
  facet normal -0.1467304744553588 -0.9891765099647816 0
    outer loop
      vertex 74.7450428508239 20.987961816680492 0
      vertex 74.98772580504033 20.951963201008077 1.2
      vertex 74.7450428508239 20.987961816680492 1.2
    endloop
  endfacet
  facet normal -0.24298017990326792 -0.9700312531945429 0
    outer loop
      vertex 74.98772580504033 20.951963201008077 0
      vertex 75.22571169313616 20.892350839330522 1.2
      vertex 74.98772580504033 20.951963201008077 1.2
    endloop
  endfacet
  facet normal -0.42755509343026615 -0.9039892931234508 0
    outer loop
      vertex 75.45670858091272 20.80969883127822 0
      vertex 75.678491842065 20.70480316087089 1.2
      vertex 75.45670858091272 20.80969883127822 1.2
    endloop
  endfacet
  facet normal -0.5141027441932295 -0.8577286100002675 0
    outer loop
      vertex 75.678491842065 20.70480316087089 0
      vertex 75.888925582549 20.578674030756364 1.2
      vertex 75.678491842065 20.70480316087089 1.2
    endloop
  endfacet
  facet normal -0.3368898533922293 -0.9415440651830175 0
    outer loop
      vertex 75.22571169313616 20.892350839330522 0
      vertex 75.45670858091272 20.80969883127822 1.2
      vertex 75.22571169313616 20.892350839330522 1.2
    endloop
  endfacet
  facet normal -0.5956993044924437 -0.8032075314806372 0
    outer loop
      vertex 75.888925582549 20.578674030756364 0
      vertex 76.08598321040911 20.432526133406842 1.2
      vertex 75.888925582549 20.578674030756364 1.2
    endloop
  endfacet
  facet normal -0.6715589548470123 -0.7409511253549644 0
    outer loop
      vertex 76.08598321040911 20.432526133406842 0
      vertex 76.26776695296637 20.26776695296637 1.2
      vertex 76.08598321040911 20.432526133406842 1.2
    endloop
  endfacet
  facet normal 1 0 0
    outer loop
      vertex 72 0 0
      vertex 72 18.5 0
      vertex 72 18.5 1.2
    endloop
  endfacet
  facet normal -1 0 0
    outer loop
      vertex 77 18.5 0
      vertex 77 0 0
      vertex 77 0 1.2
    endloop
  endfacet
  facet normal 1 0 0
    outer loop
      vertex 72 0 1.2
      vertex 72 0 0
      vertex 72 18.5 1.2
    endloop
  endfacet
  facet normal -1 0 0
    outer loop
      vertex 77 0 1.2
      vertex 77 18.5 1.2
      vertex 77 18.5 0
    endloop
  endfacet
endsolid OpenSCAD_Model
